planner,object,initial_pose_seed,planner_seed,final_recall@5,final_f@5,final_chamfer_mm,final_visibility_coverage,visibility_coverage_auc,recall@5_auc,f@5_auc,cumulative_active_gain_f@5,unseen_surface_discovery_ratio,unique_visibility_gain_per_action,selected_gain_f@5_per_action,oracle_gain_f@5_per_action,score_gain_correlation,correlation_valid_rate,oracle_regret_f@5,oracle_action_accuracy,zero_unique_gain_action_rate,consecutive_score_map_correlation,action_repetition_rate,representation_update_s,candidate_scoring_s,planning_time_s,gain_consistency_max_abs_error,coverage_recall_max_abs_error,visibility_monotonic_min_delta
ray_gpis_uncertainty_only,green_Pepper,19,0,0.9867666666666667,0.9793452923235763,3.024277277290821,0.14203771146170133,0.08269492364045136,0.80174,0.8549642959501303,0.4498254040800648,0.1210049394700886,0.02362190174984782,0.08996508081601295,0.08996508081601295,0.7,1.0,0.0,1.0,0.0,0.41783267972048926,1.0,0.22894277119485196,5.393940082285553e-05,0.2289967105956748,0.0,0.0,0.01964575396675302
ray_gpis_uncertainty_only,green_Pepper,21,0,0.9737666666666667,0.9702355942342646,3.2362635247409344,0.14160056719366013,0.08414338360551235,0.8395566666666665,0.8810496040943935,0.3182472770021819,0.11857472435575309,0.023095429401602023,0.06364945540043639,0.0658266271623682,0.7,1.0,0.0021771717619318174,0.8,0.0,0.7378153014175319,0.5,0.22272151079960167,4.9314802163280545e-05,0.22277082560176495,0.0,0.0,0.02118265836556392
ray_gpis_uncertainty_only,green_Pepper,20,0,0.9933,0.9719789279372338,3.0964957550168037,0.1469212532409521,0.08811737729888061,0.8101799999999999,0.8452287554708487,0.44152263461631003,0.12508728715006814,0.024393131929669985,0.088304526923262,0.09589799047845407,0.8464101615137756,1.0,0.007593463555192059,0.6,0.0,0.5876771179446791,0.25,0.22718939940095878,5.1229199743829665e-05,0.22724062860070263,0.0,0.0,0.020780104640865382
ray_gpis_uncertainty_only,green_Pepper,17,0,0.9847666666666667,0.9820206678866857,3.1532179564237595,0.1387749661801813,0.08203981011449427,0.7938033333333334,0.8556356624963091,0.4379073028473768,0.11951989934264277,0.023381227872534487,0.08758146056947536,0.08758146056947536,0.6732050807568878,1.0,0.0,1.0,0.0,0.6303292860035392,0.75,0.2277724433981348,5.790719878859818e-05,0.2278303505969234,0.0,0.0,0.017960476075846457
ray_gpis_uncertainty_only,green_Pepper,22,0,0.9874,0.9484799561419449,3.375360043719411,0.14298940702540502,0.08583821514387302,0.7848,0.8090136981361266,0.3180302871166082,0.11922411101751841,0.0232014357700077,0.06360605742332164,0.06452948790166549,0.42679491924311225,1.0,0.0009234304783438452,0.8,0.0,0.5746219001328221,0.75,0.22735934499651195,5.62125991564244e-05,0.22741555759566837,0.0,0.0,0.02213047086933831
ray_gpis_uncertainty_only,green_Pepper,18,0,0.9876666666666667,0.9451144263898871,3.46657307818532,0.14572017861965866,0.08758425094921447,0.7933600000000001,0.8064578193560674,0.35907492975982636,0.12261505842371558,0.023877220874241455,0.07181498595196527,0.07181498595196527,0.8732050807568879,1.0,0.0,1.0,0.0,0.7818708620468269,0.5,0.23452992860111407,5.133999802637845e-05,0.23458126859914047,0.0,0.0,0.022100880330539585
ray_gpis_uncertainty_only,green_Pepper,16,0,0.9753333333333334,0.9404131095176548,3.5663843154907227,0.14641210728163473,0.08795989023496235,0.7808433333333333,0.7986737262055732,0.401084531481284,0.12395684957207645,0.02415590281427387,0.0802169062962568,0.0802169062962568,0.9464101615137755,1.0,0.0,1.0,0.0,0.5954845162500456,0.5,0.22302285239857156,4.628740134648979e-05,0.22306913979991805,0.0,0.0,0.022285723045296385
ray_gpis_uncertainty_only,green_Pepper,15,0,0.9654666666666667,0.9584341762525205,3.412100952118635,0.14129092346982722,0.08355650827612426,0.7396133333333333,0.8042293570587701,0.4167270014518205,0.12080308994806666,0.023597605638802394,0.08334540029036411,0.09185388119183498,0.3267949192431122,1.0,0.008508480901470872,0.4,0.0,0.8196374119244825,0.25,0.2359308789949864,5.157359410077333e-05,0.23598245258908718,0.0,0.0,0.021725750039080463
ray_gpis_uncertainty_only,Corner,19,0,0.9882333333333333,0.9613918342929759,3.593187779188156,0.07558971270152873,0.04427784299494346,0.67965,0.7578049190875241,0.4238077453780885,0.06419378438089979,0.012682410882057515,0.0847615490756177,0.09650375799619473,-0.24641016151377554,1.0,0.011742208920577025,0.4,0.0,0.848214469260061,0.5,0.2603022476017941,5.362959927879274e-05,0.2603558772010729,0.0,0.0,0.011181689133920432
ray_gpis_uncertainty_only,Corner,21,0,0.9976,0.9696774283569048,3.4157598856836557,0.07701812276084692,0.04606064073429151,0.7902100000000001,0.8280890490283138,0.42857304437557875,0.06573376543047366,0.012987962525044394,0.08571460887511576,0.08734742722301776,0.4,1.0,0.0016328183479020098,0.8,0.0,0.6465581410120592,0.5,0.2401986968005076,5.095620290376246e-05,0.24024965300341136,0.0,0.0,0.009775925970150139
ray_gpis_uncertainty_only,Corner,20,0,0.9476666666666667,0.9616103198430013,3.40294255875051,0.07690799632180453,0.046120424583407135,0.7847800000000001,0.8519255603826288,0.3494711636623944,0.06345556335641875,0.01250881876638538,0.06989423273247888,0.07325087165013622,0.8464101615137756,1.0,0.0033566389176573398,0.8,0.0,0.7078959247586405,1.0,0.2391885778022697,5.3347798530012366e-05,0.23924192560079974,0.0,0.0,0.010510881159455823
ray_gpis_uncertainty_only,Corner,17,0,0.9999666666666667,0.9852713811685506,3.0698340851813555,0.08112948816424068,0.04790885093756201,0.8382433333333333,0.8756796513692044,0.3562612358436261,0.06916573793590809,0.013655354042885431,0.07125224716872522,0.07164742017196035,0.7732050807568878,1.0,0.0003951730032351275,0.8,0.0,0.7748309502791719,1.0,0.24128041740041226,5.707700329367071e-05,0.24133749440370594,0.0,0.0,0.011743055214444215
ray_gpis_uncertainty_only,Corner,22,0,0.9947333333333334,0.9642622970924658,3.520173951983452,0.07609529744177321,0.046537596877129286,0.7402366666666667,0.7970861331369022,0.42145719691031647,0.06278160412245544,0.012377951507999268,0.0842914393820633,0.09670054893960225,0.5732050807568878,1.0,0.012409109557538956,0.6,0.0,0.5790457824533206,0.5,0.23669015139748809,5.316259921528399e-05,0.23674331399670337,0.0,0.0,0.010783080650645732
ray_gpis_uncertainty_only,Corner,18,0,0.973,0.965629710752083,3.422501962631941,0.07939879674216677,0.046535934172880364,0.79387,0.8444615195546776,0.3608812048338913,0.06711038415423763,0.013245275615481006,0.07217624096677826,0.07943211974946707,0.27320508075688776,1.0,0.007255878782688807,0.4,0.0,0.6878110338017436,0.75,0.24094731159857474,5.36827981704846e-05,0.24100099439674522,0.0,0.0,0.010798976064939805
ray_gpis_uncertainty_only,Corner,16,0,1.0,0.9581646423751686,3.484340850263834,0.08244804081499431,0.05018624023924516,0.81936,0.8315343296762052,0.32012950368174686,0.06774081684144907,0.013334428951201502,0.06402590073634937,0.06983342879558285,0.4,1.0,0.00580752805923348,0.6,0.0,0.47170770801554707,0.5,0.24101237719878554,5.0228196778334676e-05,0.24106260539556387,0.0,0.0,0.011915759330652947
ray_gpis_uncertainty_only,Corner,15,0,0.9981,0.984722119784328,3.24986781924963,0.08305259619486265,0.050906238784479564,0.84132,0.8869377453182846,0.29915680333417805,0.06818156248371797,0.013418688489028857,0.05983136066683561,0.05983136066683561,0.875,0.8,0.0,1.0,0.0,0.6898660945852733,0.75,0.24314358619449195,5.349059647414833e-05,0.24319707679096608,0.0,0.0,0.011987669641108596
ray_gpis_uncertainty_only,L_Shaped,19,0,0.9935,0.964687985499741,3.378618508577347,0.14887035677779736,0.0893992944987462,0.8119966666666667,0.8386671384682453,0.4202214385102694,0.12767739271235815,0.024915097418993594,0.08404428770205388,0.0878992335447174,0.5732050807568878,1.0,0.0038549458426635264,0.6,0.0,0.27183127779765026,0.25,0.23261392059794161,5.9376205899752674e-05,0.23267329680384136,0.0,0.0,0.020493129409098393
ray_gpis_uncertainty_only,L_Shaped,21,0,0.9905666666666667,0.9895789273411777,2.8354660607874393,0.14492727477218453,0.08752550727484817,0.8565633333333335,0.9052064150397818,0.33910659265831666,0.1182849025257318,0.022942148602357514,0.06782131853166333,0.07149091800200287,0.6,1.0,0.003669599470339535,0.8,0.0,0.40188948412849,1.0,0.2290461924043484,6.349179602693766e-05,0.22910968420037534,0.0,0.0,0.020697029825886996
ray_gpis_uncertainty_only,L_Shaped,20,0,0.9193333333333333,0.9319152293452203,3.6715869791805744,0.1435213238046959,0.08786396925600407,0.7544766666666667,0.8128650070708572,0.4019630058979583,0.12311527899942941,0.024050050970560406,0.08039260117959166,0.08609459796287536,0.2,1.0,0.005701996783283691,0.4,0.0,0.4806033484304364,0.75,0.24596220800012816,6.404139858204872e-05,0.2460262493987102,0.0,0.0,0.018424296935693446
ray_gpis_uncertainty_only,L_Shaped,17,0,0.9691,0.9620694562291123,3.4657716751098633,0.14626737956474736,0.08848359069151479,0.82162,0.8591736811151092,0.39964283237018616,0.1257896163637976,0.02456861661952075,0.07992856647403723,0.0813164997589428,0.6464101615137755,1.0,0.0013879332849055625,0.6,0.0,0.54508246766153,0.75,0.24327259360288736,5.149040080141276e-05,0.24332408400368877,0.0,0.0,0.021945126012845498
ray_gpis_uncertainty_only,L_Shaped,22,0,0.9924666666666667,0.986748783845543,3.0093807727098465,0.14481713298753524,0.08666964091319254,0.73673,0.8149008204727572,0.4789520219265696,0.12332539538470803,0.024060412984546663,0.09579040438531392,0.11392372725734909,0.9330127018922194,0.8,0.018133322872035174,0.6,0.0,0.7604696464271253,0.75,0.24007749860465993,5.141200090292841e-05,0.24012891060556285,0.0,0.0,0.020585331888976613
ray_gpis_uncertainty_only,L_Shaped,18,0,0.9999666666666667,0.9576156949484438,3.1880512833595276,0.15198759403842643,0.09215573486817494,0.8301066666666668,0.8383187758981393,0.31247625721557704,0.1267738663891636,0.024622673855438443,0.06249525144311541,0.06875285192880412,0.7,1.0,0.006257600485688708,0.6,0.0,0.5381247791762838,0.75,0.23897393500083125,5.04797964822501e-05,0.2390244147973135,0.0,0.0,0.0208070322461599
ray_gpis_uncertainty_only,L_Shaped,16,0,0.9864666666666667,0.9622982235761904,3.3901995047926903,0.14820850223063126,0.09025317132303912,0.8020766666666667,0.8324682954059867,0.4189978278394646,0.12694888051736805,0.024771511006162737,0.08379956556789292,0.08501543237097844,0.6,1.0,0.001215866803085519,0.8,0.0,0.4749363269839707,0.25,0.247522913798457,5.049340252298862e-05,0.24757340720098,0.0,0.0,0.0211279278227183
ray_gpis_uncertainty_only,L_Shaped,15,0,0.9746333333333334,0.9604043929000222,3.3727451227605343,0.15281120793102804,0.09131239229682411,0.8405999999999999,0.8636018731867363,0.3590383936925815,0.12941493913505225,0.025187403480729502,0.0718076787385163,0.0718076787385163,0.37320508075688774,1.0,0.0,1.0,0.0,0.5405459578293373,0.75,0.24040808279823978,4.695379757322371e-05,0.240455036595813,0.0,0.0,0.023276709002175544
ray_gpis_uncertainty_only,Cylinder,19,0,0.9955333333333334,0.9657725443378264,3.186780260875821,0.2584434763259579,0.15469517220888468,0.7653633333333334,0.8042915236601017,0.4263728510638908,0.23360322415948745,0.045206347491943716,0.08527457021277815,0.08544839128973955,0.5732050807568878,1.0,0.00017382107696140014,0.8,0.0,0.7217024963559907,0.5,0.2347555574029684,4.9784997827373445e-05,0.23480534240079579,0.0,0.0,0.031912817532080334
ray_gpis_uncertainty_only,Cylinder,21,0,0.9381,0.9350033784713929,3.553178859874606,0.25925266254524476,0.1652003294726198,0.7703466666666667,0.8176879180159936,0.2955784482008653,0.22908454059423294,0.044023961752700166,0.059115689640173066,0.060681668789771326,0.4732050807568878,1.0,0.0015659791495982623,0.8,0.0,0.4920694244664247,0.75,0.24083340440120082,4.688640183303505e-05,0.24088029080303386,0.0,0.0,0.03061811711297127
ray_gpis_uncertainty_only,Cylinder,20,0,0.9871333333333333,0.9689382965395397,3.2099573872983456,0.2392411771148447,0.14849466946138487,0.8116633333333333,0.8497929052355921,0.39795203888836184,0.2112884181304295,0.04076002735630009,0.07959040777767237,0.07959040777767237,0.8,1.0,0.0,1.0,0.0,0.15962398294889,0.5,0.23284719179500826,4.370379901956767e-05,0.2328908955940278,0.0,0.0,0.03044234877464272
ray_gpis_uncertainty_only,Cylinder,17,0,0.9823333333333333,0.9608564131360153,3.361304523423314,0.2583336353922417,0.1699506714711855,0.7957266666666667,0.8274834781640724,0.39929139587479556,0.19333161738207494,0.035550558548522286,0.07985827917495911,0.08113498900830554,0.7464101615137755,1.0,0.0012767098333464233,0.8,0.0,0.6091877132407,0.25,0.23198491919902153,5.2287199650891125e-05,0.23203720639867242,0.0,0.0,0.029965334563373747
ray_gpis_uncertainty_only,Cylinder,22,0,0.9688,0.9574319955064877,3.300442360341549,0.23761853760986798,0.14828595915318696,0.8021699999999999,0.8378418436926445,0.42338523159825636,0.2093481151111941,0.04037253946963923,0.08467704631965127,0.0864608108373918,0.2,1.0,0.001783764517740516,0.6,0.0,0.6691440704776469,0.75,0.2344251157977851,5.0192201160825786e-05,0.23447530799894595,0.0,0.0,0.028486973002291527
ray_gpis_uncertainty_only,Cylinder,18,0,0.9909666666666667,0.9351623864942288,3.6281561478972435,0.25214839079301027,0.14735398063853758,0.7698233333333333,0.7777594861948922,0.3351997208231442,0.20977330195459432,0.03970488514838637,0.06703994416462884,0.07454335743384824,0.6732050807568878,1.0,0.007503413269219395,0.8,0.0,0.609210168716664,1.0,0.2253475068049738,4.8343196976929906e-05,0.22539585000195075,0.0,0.0,0.03169507474020544
ray_gpis_uncertainty_only,Cylinder,16,0,0.9984333333333333,0.9727669544440535,3.055885899811983,0.2561375708613667,0.15779915914764092,0.8176533333333333,0.8524370090054528,0.34585892872146384,0.21081958644043766,0.03974269178127548,0.06917178574429277,0.07041095361945109,0.5732050807568878,1.0,0.0012391678751583202,0.6,0.0,0.7622195815027248,0.5,0.2303234020015225,5.5853999219834806e-05,0.23037925600074233,0.0,0.0,0.029766920230886312
ray_gpis_uncertainty_only,Cylinder,15,0,0.9141,0.9368609409626321,3.6489844787865877,0.24531813647089296,0.16509674866159188,0.7955333333333334,0.8520169312830657,0.32161480096401684,0.18267843447862087,0.03373558393041063,0.06432296019280337,0.08117300486474946,0.22679491924311224,1.0,0.016850044671946084,0.4,0.0,0.6297511445501507,0.5,0.22943734899745322,6.939019658602774e-05,0.22950673919403924,0.0,0.0,0.03026452288681955
ray_gpis_uncertainty_only,Cross,19,0,0.9311,0.9301198275372752,3.7572942674160004,0.12623909496331476,0.07338529030389356,0.7232266666666667,0.7808638078544463,0.4012489191150611,0.10859071989602341,0.021288161972885734,0.08024978382301222,0.08922073359194534,0.37320508075688774,1.0,0.008970949768933112,0.2,0.0,0.7756432516119226,1.0,0.22081905640370678,5.336779286153614e-05,0.22087242419656833,0.0,0.0,0.01655222441730264
ray_gpis_uncertainty_only,Cross,21,0,0.9535,0.9415645664730584,3.4685893915593624,0.12841968162861098,0.07536031314261096,0.77749,0.8147568897025405,0.32711786408990673,0.10843896349240337,0.02120174894470437,0.06542357281798135,0.0693732409574227,0.7,1.0,0.003949668139441353,0.8,0.0,0.7595195036129041,1.0,0.23129439800104593,4.665519809350371e-05,0.23134105319913942,0.0,0.0,0.020925885746911455
ray_gpis_uncertainty_only,Cross,20,0,0.9921,0.9642230049891942,3.2889009453356266,0.12539587130024082,0.07240105530466692,0.7503399999999999,0.7987133992162146,0.403313499796476,0.10523765801929005,0.020573349118519053,0.0806626999592952,0.08621795299249943,0.9464101615137755,1.0,0.005555253033204232,0.8,0.0,0.6981534763528102,0.5,0.22629477540613152,5.1127801998518405e-05,0.22634590320813003,0.0,0.0,0.018615919371965283
ray_gpis_uncertainty_only,Cross,17,0,0.9764,0.9681305515389382,3.1783077865839005,0.12626551526477744,0.07318830845980481,0.7101033333333334,0.7934661868857183,0.40735912502355043,0.1080323613156669,0.021164803621822596,0.08147182500471009,0.08612211537867817,0.7,1.0,0.004650290373968091,0.8,0.0,0.7516155311236798,0.75,0.22691502119996584,5.8882197481580076e-05,0.22697390339744744,0.0,0.0,0.017967430117604738
ray_gpis_uncertainty_only,Cross,22,0,0.9949333333333333,0.9685358030275828,3.2845516689121723,0.126184991874248,0.07496967534644286,0.7831933333333334,0.8247435070098931,0.41788118203139935,0.10585069977072792,0.020688699315999787,0.08357623640627987,0.08747044118773761,0.7,1.0,0.003894204781457744,0.6,0.0,0.6498598488662118,0.5,0.22545304920058698,5.568540364038199e-05,0.22550873460422735,0.0,0.0,0.019619593616344785
ray_gpis_uncertainty_only,Cross,18,0,0.9848666666666667,0.9557879688901011,3.363103838637471,0.13449867077466937,0.08022277734487616,0.8019433333333333,0.8279167589479307,0.35065022624218756,0.11453617289998147,0.022390798326337225,0.07013004524843751,0.07157655546094688,0.4,1.0,0.0014465102125093665,0.8,0.0,0.6246910776720336,0.5,0.2289616736030439,6.316759972833098e-05,0.22902484120277222,0.0,0.0,0.01983632598946726
ray_gpis_uncertainty_only,Cross,16,0,0.9624333333333334,0.9383084180144114,3.606162965297699,0.1355037990174148,0.0802640211251686,0.7553400000000001,0.7903188873136398,0.3557093771223938,0.11456426839108812,0.02237099119830644,0.07114187542447876,0.07338383603766481,0.27320508075688776,1.0,0.0022419606131860448,0.4,0.0,0.7113005162643872,0.25,0.23366605079500005,5.496320372913033e-05,0.2337210139987292,0.0,0.0,0.02061848618898046
ray_gpis_uncertainty_only,Cross,15,0,0.9966333333333334,0.9775499634615177,3.1521653290838003,0.132185812149528,0.07941412500064976,0.7993266666666667,0.8490675489280921,0.37846990088709387,0.1118692941258791,0.021862043499938446,0.07569398017741877,0.07586438173365406,0.5,0.8,0.00017040155623528896,0.8,0.0,0.7047427139577497,0.75,0.22701426280254963,5.6653798674233256e-05,0.22707091660122386,0.0,0.0,0.01968729552775597
ray_gpis_uncertainty_only,Bowl,19,0,0.8516333333333334,0.9135466404481458,3.9865924045443535,0.35887323404126753,0.28491867958906336,0.75452,0.8414851301040027,0.361178555906442,0.2706994529544357,0.04759427797567041,0.0722357111812884,0.10194218078301179,0.02679491924311226,1.0,0.029706469601723386,0.2,0.0,0.8902348268110107,0.75,0.3930892121978104,4.9943602061830464e-05,0.39313915579987224,0.0,0.0,0.019827365432064925
ray_gpis_uncertainty_only,Bowl,21,0,0.9542333333333334,0.9542381308688359,3.479134989902377,0.43905648495456034,0.314167956603517,0.81189,0.8550607263962793,0.3282419780796081,0.36176196788340304,0.06359007757695,0.06564839561592162,0.08215947477798749,0.27320508075688776,1.0,0.016511079162065866,0.2,0.0,0.8585410445449136,0.25,0.37670158759865446,5.791839794255793e-05,0.376759505996597,0.0,0.0,0.03721586390767767
ray_gpis_uncertainty_only,Bowl,20,0,0.8541333333333333,0.92003281750009,3.738136263564229,0.3837031978175001,0.3004141339385716,0.7655933333333333,0.8585479714647658,0.30699536951118567,0.2953445099222696,0.05166209007671929,0.06139907390223713,0.09518744870102828,0.1,1.0,0.033788374798791154,0.2,0.0,0.8564062125653847,0.5,0.3959676065976964,4.761900345329195e-05,0.3960152256011497,0.0,0.0,0.021418375124239775
ray_gpis_uncertainty_only,Bowl,17,0,0.6845,0.7911623002978774,5.42866624891758,0.29959810527598835,0.22955312911207687,0.6057433333333334,0.7178426588458043,0.23402493977459926,0.2127364040416142,0.03785288211787087,0.04680498795491985,0.11223366905425099,-0.8,1.0,0.06542868109933113,0.0,0.0,0.8662060512874578,0.75,0.3858354906027671,5.5000599240884183e-05,0.38589049120200797,0.0,0.0,0.02261225505001957
ray_gpis_uncertainty_only,Bowl,22,0,0.6653,0.7833131203772353,5.327741149812937,0.3442024413852939,0.24725317611237524,0.5407399999999999,0.6750320339286009,0.2453370488355311,0.26874584501115417,0.04820290396814207,0.04906740976710622,0.11194109426494914,-0.5464101615137755,1.0,0.06287368449784292,0.0,0.0,0.8512556614144209,0.75,0.26929657259897793,6.558519962709397e-05,0.26936215779860506,0.0,0.0,0.025348037569681015
ray_gpis_uncertainty_only,Bowl,18,0,0.6301333333333333,0.7537162102398367,5.813922267407179,0.2593570047475156,0.19911321142938704,0.58214,0.7062607709643254,0.11691882758886207,0.15610464978955957,0.027400984106417493,0.023383765517772416,0.15994087898200843,-0.9464101615137755,1.0,0.13655711346423602,0.0,0.0,0.8742695975112992,1.0,0.39420912460191176,5.1919202087447046e-05,0.3942610438039992,0.0,0.0,0.020210390552448054
ray_gpis_uncertainty_only,Bowl,16,0,0.8575666666666667,0.9222924971039841,3.8253185339272022,0.35469301466793407,0.26110389052647676,0.7388,0.8400741177254867,0.2865799979566638,0.2616260629605614,0.04572997975803674,0.05731599959133275,0.10163762762288886,-0.4196152422706632,1.0,0.04432162803155611,0.2,0.0,0.9503457172565964,0.25,0.2629744817968458,5.573000235017389e-05,0.26303021179919595,0.0,0.0,0.027836615932901154
ray_gpis_uncertainty_only,Bowl,15,0,0.7828666666666667,0.861949265175711,4.6019419096410275,0.38956235174362214,0.2762464671143407,0.6730533333333334,0.7700955829586305,0.3924834215963018,0.3295044128140691,0.059997978418474415,0.07849668431926035,0.10265018535157784,0.10000000000000002,1.0,0.024153501032317483,0.4,0.0,0.828107845702517,0.75,0.3904364616028033,5.3744198521599176e-05,0.39049020580132493,0.0,0.0,0.031663880666079
ray_gpis_uncertainty_only,Cube,19,0,0.9679666666666666,0.9554253562033588,3.513902425765991,0.1365932278067557,0.08216994950586341,0.7050433333333334,0.7753548903674674,0.4439636116365233,0.11534707017342957,0.02251537030684172,0.08879272232730466,0.09223387959528113,0.4732050807568878,1.0,0.003441157267976469,0.6,0.0,0.8453903240267537,0.25,0.21932996100222227,5.183140165172517e-05,0.21938179240387398,0.0,0.0,0.019988454437366937
ray_gpis_uncertainty_only,Cube,21,0,0.9997,0.9668295656919169,3.2809986732900143,0.14952531217016682,0.08870087238309292,0.7870833333333334,0.8246059894552857,0.37786385382511856,0.1275665235691853,0.02487114542048261,0.07557277076502371,0.07557277076502371,0.6732050807568878,1.0,0.0,1.0,0.0,0.8324471337133997,1.0,0.23209596799861174,5.530760390684009e-05,0.23215127560251858,0.0,0.0,0.021453730181766884
ray_gpis_uncertainty_only,Cube,20,0,0.9925666666666667,0.9614642971539435,3.395171370357275,0.1486179149909654,0.09176860961837663,0.8704533333333334,0.8718655861773538,0.3370747242809812,0.12589656308601382,0.024524804239201104,0.06741494485619623,0.0678218413552305,0.2,1.0,0.0004068964990342705,0.8,0.0,0.4868606388230785,0.25,0.23033744039712473,5.0828198436647656e-05,0.23038826859556139,0.0,0.0,0.01973334801113985
ray_gpis_uncertainty_only,Cube,17,0,0.9921333333333333,0.962839682040527,3.2504575792700052,0.15554352464259028,0.09264125905402538,0.8155733333333334,0.8374460481793864,0.36575775162526325,0.13368847687776897,0.02606316480086176,0.07315155032505265,0.07393420531071322,0.5464101615137755,1.0,0.0007826549856605691,0.8,0.0,0.5774856027784093,0.5,0.23123800579924136,4.8785001854412255e-05,0.23128679080109577,0.0,0.0,0.02381226978385033
ray_gpis_uncertainty_only,Cube,22,0,0.9011,0.9171527067313788,3.8493257015943527,0.14749726080647652,0.08530957927670355,0.6935399999999999,0.7639829112769748,0.4406526940355456,0.12674350111759247,0.024746264589157067,0.08813053880710911,0.11715959237637782,0.02679491924311226,1.0,0.029029053569268725,0.4,0.0,0.7183734917748086,0.25,0.22870367080031428,5.07388002006337e-05,0.2287544096005149,0.0,0.0,0.02172159527024803
ray_gpis_uncertainty_only,Cube,18,0,0.9927666666666667,0.9805225164904047,2.9905689880251884,0.14801323653857346,0.08890805181128549,0.8169566666666667,0.8642124578988252,0.35320611292142734,0.125432712086867,0.02443883092359462,0.07064122258428547,0.07124701468641256,0.7732050807568878,1.0,0.0006057921021271007,0.8,0.0,0.7968578407231867,0.75,0.24553521839843598,4.246280295774341e-05,0.24557768120139373,0.0,0.0,0.021288871104179485
ray_gpis_uncertainty_only,Cube,16,0,0.9991333333333333,0.9687804524448642,3.043082542717457,0.15496749069225788,0.09158500261177258,0.8624333333333334,0.8709705319420331,0.290308138449886,0.12962036192674486,0.02516911354654556,0.058061627689977205,0.06123737653637371,0.12679491924311223,1.0,0.003175748846396509,0.6,0.0,0.38129308430749875,1.0,0.22477886120032053,4.87020006403327e-05,0.22482756320096087,0.0,0.0,0.024422204506300907
ray_gpis_uncertainty_only,Cube,15,0,0.9912333333333333,0.9472000041434243,3.465412650257349,0.15353202142379618,0.09028132528362703,0.8152366666666667,0.819573842094871,0.2850523052493823,0.12820526693063583,0.024896147917645987,0.05701046104987646,0.074439009901792,0.07320508075688777,1.0,0.017428548851915537,0.4,0.0,0.5059662755568766,0.5,0.3258436670002993,6.472940149251371e-05,0.3259083964017918,0.0,0.0,0.01959833927225127
ray_gpis_uncertainty_only,Thin_Irregular,19,0,0.9887666666666667,0.960668146677587,3.39239789173007,0.9997931519147542,0.8959732692861643,0.80426,0.8354289150407253,0.33937629714060313,0.9996045069337947,0.10456126588830734,0.06787525942812063,0.06971436754487707,0.42679491924311225,1.0,0.0018391081167564494,0.6,0.4,0.7766894496207636,0.5,0.5833426550001605,5.626040219794959e-05,0.5833989154023584,0.0,0.0,0.0
ray_gpis_uncertainty_only,Thin_Irregular,21,0,0.9301333333333334,0.9136464597674685,3.9211721159517765,0.9996020608969222,0.8743112289739058,0.6545799999999999,0.7131059042358826,0.4794084639428339,0.9993684801720597,0.12594625823258768,0.09588169278856677,0.11325075437399343,0.7464101615137755,1.0,0.01736906158542666,0.6,0.2,0.47619199868846906,0.5,0.5595813301973976,5.468839954119176e-05,0.5596360185969388,0.0,0.0,0.0
ray_gpis_uncertainty_only,Thin_Irregular,20,0,0.9995666666666667,0.9590887888713291,3.2287780195474625,0.9998525415442759,0.8383274932710165,0.7918666666666667,0.8114338893391435,0.3606632241536296,0.9997210526240332,0.10569543596804214,0.07213264483072593,0.0734058130935255,0.42679491924311225,1.0,0.0012731682627995732,0.8,0.2,0.7641690355357639,0.5,0.5593602194014238,4.932779702357948e-05,0.5594095471984474,0.0,0.0,0.0
ray_gpis_uncertainty_only,Thin_Irregular,17,0,0.9674,0.9498541781509049,3.4960811026394367,0.9996486432042818,0.8297102017617627,0.7866733333333333,0.8256329592807742,0.3139865899370089,0.9993309906584962,0.1049676627684333,0.06279731798740178,0.06633489331444713,0.6,1.0,0.0035375753270453503,0.6,0.2,0.7732464369045459,0.75,0.6794086226000218,6.020640139468014e-05,0.6794688290014165,0.0,0.0,0.0
ray_gpis_uncertainty_only,Thin_Irregular,22,0,0.9187666666666666,0.9237783958168417,3.7405062466859818,0.9997439990961794,0.9327871178284723,0.72384,0.7824353532772588,0.37751328303124343,0.9995074706818396,0.10390236943689309,0.07550265660624869,0.08952326246793352,0.3,1.0,0.014020605861684831,0.6,0.4,0.6024343287669883,0.75,0.5648242376017152,5.0808998639695344e-05,0.5648750466003548,0.0,0.0,0.0
ray_gpis_uncertainty_only,Thin_Irregular,18,0,0.8819666666666667,0.9187874971183331,4.398631863296032,0.863716720198308,0.7882045408387129,0.68391,0.7704856951771377,0.48267218668722217,0.7379282666765423,0.07674790651072108,0.09653443733744443,0.10858103446094855,0.02679491924311226,1.0,0.012046597123504133,0.6,0.2,0.6789275846757797,1.0,0.5767569579998962,5.338779592420906e-05,0.5768103457958205,0.0,0.0,0.0
ray_gpis_uncertainty_only,Thin_Irregular,16,0,0.9992,0.9629212202791102,3.3484050072729588,0.9994935184488256,0.8923369390674576,0.76015,0.8006571574019962,0.43788373164861294,0.9992399046036918,0.13316659443989828,0.0875767463297226,0.09891421241461051,0.0,1.0,0.011337466084887926,0.4,0.2,0.7008514464077713,0.25,0.5610070208000252,5.160100117791444e-05,0.5610586218012031,0.0,0.0,0.0
ray_gpis_uncertainty_only,Thin_Irregular,15,0,0.9998333333333334,0.950463522622707,3.477360587567091,0.999444365630251,0.9008351602444513,0.7515000000000001,0.7861661130153159,0.37229816325400156,0.9988922844549947,0.10020964089975519,0.07445963265080031,0.08232658440834437,0.2,1.0,0.007866951757544061,0.6,0.4,0.6053218830120592,1.0,0.5743197187985061,5.1592799718491736e-05,0.5743713115982245,0.0,0.0,0.0
ray_gpis,green_Pepper,19,0,0.998,0.9850508660347649,2.970222383737564,0.14420416028445168,0.08589545169608884,0.7905300000000001,0.8489476678185733,0.4555309777912534,0.12322449834759211,0.024055191514397892,0.09110619555825068,0.09866486784763673,0.8,1.0,0.007558672289386048,0.8,0.0,0.25232157673380634,0.25,0.23532880920392926,5.453359626699239e-05,0.23538334280019627,0.0,0.0,0.020999188952509643
ray_gpis,green_Pepper,21,0,0.9737666666666667,0.9702355942342646,3.2362635247409344,0.14160056719366013,0.08414338360551235,0.8395566666666665,0.8810496040943935,0.3182472770021819,0.11857472435575309,0.023095429401602023,0.06364945540043639,0.0658266271623682,0.7,1.0,0.0021771717619318174,0.8,0.0,0.3343006122682535,0.5,0.2258330302021932,6.153020367491991e-05,0.2258945604058681,0.0,0.0,0.02118265836556392
ray_gpis,green_Pepper,20,0,0.9938,0.9719849249568083,3.155685495585203,0.14497644032792462,0.08618176217454246,0.8192433333333333,0.8494001047392491,0.4415286316358845,0.12309269808289607,0.024004169347064487,0.0883057263271769,0.08831591688306742,0.7,1.0,1.019055589051021e-05,0.8,0.0,0.17902695124742501,1.0,0.229802799000754,5.497459787875414e-05,0.22985777359863277,0.0,0.0,0.021458575946717046
ray_gpis,green_Pepper,17,0,0.9807333333333333,0.979886894847407,3.174952231347561,0.13672538556311523,0.08183485205278766,0.7934000000000001,0.8554222851923811,0.435773529808098,0.1174244946839839,0.022971311749121273,0.0871547059616196,0.08758146056947536,0.6,1.0,0.0004267546078557505,0.8,0.0,0.3516646043144884,1.0,0.23308359759685118,5.0819400348700584e-05,0.2331344169971999,0.0,0.0,0.017960476075846457
ray_gpis,green_Pepper,22,0,0.9967,0.9529284450504002,3.29349166713655,0.14223349717534106,0.08576262415886662,0.78573,0.8094585470269721,0.3224787760250635,0.11844723944132259,0.023050253799994907,0.06449575520501269,0.06452948790166549,0.5,1.0,3.3732696652788444e-05,0.8,0.0,0.3738764949073014,1.0,0.22548204399936367,6.130199471954256e-05,0.2255433459940832,0.0,0.0,0.02197734018139591
ray_gpis,green_Pepper,18,0,0.9957333333333334,0.9498588905044879,3.3848597668111324,0.1502987417623857,0.08936992252557022,0.7830533333333334,0.802319859191661,0.3638193938744272,0.1273174548223499,0.024792933502786857,0.07276387877488544,0.0788078209217277,0.7,1.0,0.006043942146842252,0.4,0.0,0.5511265449759669,0.75,0.2369403588003479,5.2826799219474196e-05,0.23699318559956736,0.0,0.0,0.02389493848450583
ray_gpis,green_Pepper,16,0,0.9587666666666667,0.932734179694465,3.6803269758820534,0.14641056730151117,0.08795973623695,0.7791866666666666,0.7979058332232541,0.39340560165809424,0.12395526907983828,0.02415559481824916,0.07868112033161885,0.0802169062962568,0.9,1.0,0.0015357859646379479,0.8,0.0,0.2366023655132962,0.25,0.2234108944045147,6.552039994858205e-05,0.22347641480446329,0.0,0.0,0.022285723045296385
ray_gpis,green_Pepper,15,0,0.9749,0.9639418541360115,3.3168031368404627,0.14520829934679064,0.08518297890256164,0.73299,0.8018644354706757,0.42223467933531156,0.1248139300109843,0.02438108081419508,0.08444693586706231,0.09325857636061549,0.5,1.0,0.008811640493553185,0.6,0.0,0.6521946169031814,0.5,0.23890219840104693,5.047379818279296e-05,0.23895267219922972,0.0,0.0,0.02289313059111532
ray_gpis,Corner,19,0,0.9393,0.9372955890919537,3.8736758287996054,0.07706142279213925,0.044430136901114956,0.6744300000000001,0.7548697338999903,0.39971150017706625,0.06568363739238839,0.012976752900179616,0.07994230003541325,0.0943784788928755,0.0,1.0,0.014436178857462244,0.6,0.0,0.7256896958686198,1.0,0.24831808120070492,5.689940007869154e-05,0.2483749806007836,0.0,0.0,0.010630626832311932
ray_gpis,Corner,21,0,0.9517666666666666,0.9465543769238315,3.7357518449425697,0.07460888494523243,0.04581971695273006,0.7856266666666667,0.8257767438850065,0.4054499929425054,0.06329507232318371,0.012506114961921494,0.08108999858850108,0.08734742722301776,0.2,1.0,0.006257428634516682,0.6,0.0,0.1738203464751659,0.25,0.24141849979932886,4.732819797936827e-05,0.24146582799730823,0.0,0.0,0.009775925970150139
ray_gpis,Corner,20,0,0.9476666666666667,0.9616103198430013,3.40294255875051,0.07690799632180453,0.046120424583407135,0.7847800000000001,0.8519255603826288,0.3494711636623944,0.06345556335641875,0.01250881876638538,0.06989423273247888,0.07325087165013622,0.8,1.0,0.0033566389176573398,0.8,0.0,0.34943189946211944,1.0,0.235045772002195,5.796299665234983e-05,0.23510373499884735,0.0,0.0,0.010510881159455823
ray_gpis,Corner,17,0,0.9901,0.9633985060981991,3.4673663321882486,0.07997884109242202,0.04607310151409235,0.7819499999999999,0.8251213273920461,0.3343883607732746,0.06800010936888323,0.013425224628521703,0.06687767215465493,0.07349102775698373,0.3,1.0,0.006613355602328808,0.4,0.0,0.5712455653467612,1.0,0.2475503513996955,6.674799951724708e-05,0.24761709939921275,0.0,0.0,0.011301380611192902
ray_gpis,Corner,22,0,0.8846333333333334,0.910114398642715,4.043554421514273,0.0786119820249397,0.04678926533544593,0.7292266666666667,0.7916713432919271,0.3673092984605657,0.06533455474759461,0.012881288424632565,0.07346185969211314,0.09670054893960225,0.1,1.0,0.02323868924748911,0.4,0.0,0.25032723449301897,0.75,0.23640577440091876,5.4667599033564326e-05,0.2364604419999523,0.0,0.0,0.011774332869871985
ray_gpis,Corner,18,0,0.9721333333333333,0.9643862823242292,3.54180671274662,0.07811002147225037,0.04599326040417978,0.7615566666666667,0.827571165488196,0.35963777640603745,0.06580440599321723,0.012987520561497722,0.07192755528120749,0.09595683380368818,0.4,1.0,0.024029278522480692,0.2,0.0,0.5107867575532158,0.75,0.24144572060904465,5.240779719315469e-05,0.2414981284062378,0.0,0.0,0.010798976064939805
ray_gpis,Corner,16,0,1.0,0.9581646423751686,3.484340850263834,0.08244804081499431,0.05018624023924516,0.81936,0.8315343296762052,0.32012950368174686,0.06774081684144907,0.013334428951201502,0.06402590073634937,0.06983342879558285,0.6,1.0,0.00580752805923348,0.6,0.0,0.18175551470588228,0.5,0.24302321380237119,5.5404406157322225e-05,0.2430786182085285,0.0,0.0,0.011915759330652947
ray_gpis,Corner,15,0,0.9026333333333333,0.9359604839504057,3.688823664560914,0.08357320453964003,0.0510875150447595,0.8129466666666666,0.8724749877114544,0.2503951675002557,0.06871061404368235,0.013522810157984334,0.05007903350005114,0.06555576349949252,0.3,1.0,0.015476729999441385,0.6,0.0,0.09881292601188821,0.25,0.2441949714004295,5.167900235392153e-05,0.24424665040278343,0.0,0.0,0.012040919421269454
ray_gpis,L_Shaped,19,0,0.9984,0.967144165116126,3.2990321051329374,0.15088809225666536,0.08960106804663301,0.8124866666666668,0.8389127564298837,0.4226776181266544,0.129745369415742,0.025318644514767195,0.08453552362533087,0.0878992335447174,0.6,1.0,0.003363709919386526,0.8,0.0,-0.027409494257282584,0.5,0.23114556720247492,7.55227985791862e-05,0.23122109000105412,0.0,0.0,0.021935692080044172
ray_gpis,L_Shaped,21,0,0.9890333333333333,0.9889300637061536,2.8687845915555954,0.14597125701696967,0.0876299054993267,0.85641,0.9051415286762795,0.3384577290232925,0.1193614131891691,0.023150945051314542,0.0676915458046585,0.07149091800200287,0.4,1.0,0.003799372197344364,0.6,0.0,0.1862504809014255,0.75,0.2335829290037509,5.700940382666886e-05,0.23363993840757757,0.0,0.0,0.020697029825886996
ray_gpis,L_Shaped,20,0,0.955,0.9506553460370473,3.50556755438447,0.14853607477322645,0.08849613754590775,0.7516700000000001,0.8115310502073327,0.42070312258978526,0.1282495089880398,0.02505300116426652,0.08414062451795705,0.09132011238914897,0.3,1.0,0.007179487871191914,0.4,0.0,0.3229913524261844,0.5,0.25883078379847574,5.7426598505116996e-05,0.25888821039698084,0.0,0.0,0.022326360935367814
ray_gpis,L_Shaped,17,0,0.9144666666666666,0.9346381302412544,3.7893292028456926,0.14434364277321335,0.08782120068245527,0.7939166666666667,0.8450596219455679,0.37221150638232825,0.12381973652286493,0.024183869261213947,0.07444230127646564,0.08025844793141475,0.4,1.0,0.005816146654949094,0.6,0.0,0.072563265335317,0.25,0.2440394209988881,4.954340110998601e-05,0.24408896439999808,0.0,0.0,0.01980487085418761
ray_gpis,L_Shaped,22,0,0.9992666666666666,0.9748942801997722,3.1798910349607468,0.15283319783146707,0.09015376451397819,0.79253,0.8350147071372458,0.4670975182807988,0.1315429132381405,0.02566362595333303,0.09341950365615977,0.09631892332205401,0.6,1.0,0.002899419665894243,0.8,0.0,0.160414640077821,0.5,0.2387948210031027,5.693959828931838e-05,0.23885176060139202,0.0,0.0,0.022940687890408068
ray_gpis,L_Shaped,18,0,0.9999666666666667,0.9576156949484438,3.1880512833595276,0.15198759403842643,0.09215573486817494,0.8301066666666668,0.8383187758981393,0.31247625721557704,0.1267738663891636,0.024622673855438443,0.06249525144311541,0.06875285192880412,0.6,1.0,0.006257600485688708,0.6,0.0,0.2728491931792172,0.75,0.24567697360180318,5.380560178309679e-05,0.24573077920358627,0.0,0.0,0.0208070322461599
ray_gpis,L_Shaped,16,0,0.9787,0.9597031890294885,3.403084585443139,0.1522025055219545,0.09065257165217144,0.8013000000000001,0.8322087919513164,0.41640279329276264,0.13104256900080397,0.02557031166442738,0.08328055865855252,0.08501543237097844,0.3,1.0,0.0017348737124259106,0.6,0.0,0.29404719329365986,0.25,0.2532157151959836,5.712339770980179e-05,0.25327283859369343,0.0,0.0,0.022619581710850933
ray_gpis,L_Shaped,15,0,0.9841,0.9712463809430826,3.208035370334983,0.14440547147707342,0.08498092891943212,0.7561599999999999,0.8178955733834326,0.36988038173564186,0.12077706685571146,0.02350625618993858,0.07397607634712837,0.10247948848814534,0.5,1.0,0.02850341214101697,0.4,0.0,0.47409570238767873,0.5,0.23902007900178432,5.461479886434972e-05,0.23907469380064866,0.0,0.0,0.02185434201965101
ray_gpis,Cylinder,19,0,0.9769333333333333,0.9569972243861516,3.395953681319952,0.2561387565376302,0.15446470023005193,0.7635033333333334,0.8034139916649343,0.417597531112216,0.23122130213655265,0.04474540353427818,0.0835195062224432,0.08544839128973955,0.3,1.0,0.0019288850672963599,0.6,0.0,0.4515743018997481,0.75,0.23031893220031635,4.908539995085448e-05,0.2303680176002672,0.0,0.0,0.029608097743752643
ray_gpis,Cylinder,21,0,0.9186333333333333,0.9252966886539454,3.714991034939885,0.25457879544763323,0.16473294276285866,0.7684,0.8167172490342487,0.28587175838341783,0.22422032277181414,0.04308918833317786,0.05717435167668357,0.060681668789771326,0.4,1.0,0.00350731711308776,0.6,0.0,0.24989610751888297,0.5,0.24215762139647268,4.780219751410186e-05,0.24220542359398678,0.0,0.0,0.03061811711297127
ray_gpis,Cylinder,20,0,0.9801,0.9657464407168643,3.2357117161154747,0.2504353069106596,0.14456526284499152,0.7959799999999999,0.8415932845279738,0.3947601830656865,0.22289385674424275,0.042998853315463076,0.0789520366131373,0.0885932950646899,0.6,1.0,0.009641258451552592,0.6,0.0,0.1675465638590066,0.5,0.2382820147962775,6.053840043023229e-05,0.23834255319670775,0.0,0.0,0.03046425153660995
ray_gpis,Cylinder,17,0,0.9823333333333333,0.9608564131360153,3.361304523423314,0.2583336353922417,0.1699506714711855,0.7957266666666667,0.8274834781640724,0.39929139587479556,0.19333161738207494,0.035550558548522286,0.07985827917495911,0.08113498900830554,0.9,1.0,0.0012767098333464233,0.8,0.0,0.2809835631723506,0.25,0.23353649460186715,6.921520398464053e-05,0.2336057098058518,0.0,0.0,0.029965334563373747
ray_gpis,Cylinder,22,0,0.9904666666666667,0.9687891098565689,3.082603681832552,0.2561648856800981,0.14998185233069608,0.8041166666666667,0.838963373971988,0.4347423459483375,0.22858219382758801,0.04408180908368525,0.0869484691896675,0.08783406702204943,0.3,1.0,0.0008855978323819347,0.8,0.0,0.4713596503776607,0.5,0.23738711820333264,5.7342395302839576e-05,0.2374444605986355,0.0,0.0,0.02942623433134922
ray_gpis,Cylinder,18,0,0.9222666666666667,0.9028954435018016,4.176166839897633,0.22868953266853487,0.13730351127570942,0.7497733333333334,0.7683407247591466,0.30293277783071704,0.1849852079431673,0.035013113523491284,0.06058655556614341,0.07788307335370212,0.3,1.0,0.017296517787558717,0.4,0.0,0.3914504177157243,0.5,0.23731158799782862,6.137199816294014e-05,0.23737295999599156,0.0,0.0,0.02756936763499962
ray_gpis,Cylinder,16,0,0.9916333333333334,0.969098723664347,3.1868857331573963,0.24244629037420712,0.15628476269411956,0.81706,0.8519413260895202,0.3421906979417574,0.19629419844695042,0.03700443568384357,0.06843813958835147,0.06956889890306683,0.5,1.0,0.0011307593147153571,0.4,0.0,0.49187331912336907,0.5,0.23817283239914105,4.603540292009711e-05,0.23821886780206114,0.0,0.0,0.03127313162922646
ray_gpis,Cylinder,15,0,0.9141,0.9368609409626321,3.6489844787865877,0.24531813647089296,0.16509674866159188,0.7955333333333334,0.8520169312830657,0.32161480096401684,0.18267843447862087,0.03373558393041063,0.06432296019280337,0.08117300486474946,0.2,1.0,0.016850044671946084,0.4,0.0,0.10917007610437171,0.5,0.2323868100036634,5.2436796249821785e-05,0.23243924679991324,0.0,0.0,0.03026452288681955
ray_gpis,Cross,19,0,0.9854333333333334,0.9588403116046922,3.3382244873791933,0.1328524159306065,0.07700479098868494,0.7618266666666667,0.802434988596865,0.4299694031824781,0.11533761787299637,0.022610826166344085,0.08599388063649563,0.08962814951269645,0.7,1.0,0.003634268876200819,0.6,0.0,0.37092083428702216,0.25,0.22049002400017342,4.7631197958253324e-05,0.22053765519813168,0.0,0.0,0.021304993830486632
ray_gpis,Cross,21,0,0.9287,0.9287730711733014,3.719381522387266,0.12382444008413813,0.07485618993326182,0.7802966666666667,0.8162786618722769,0.31432636879014975,0.10373837740981674,0.0202827006358098,0.06286527375802994,0.0673317960272102,0.3,1.0,0.004466522269180251,0.6,0.0,0.25801992732890816,0.25,0.23646750040061307,5.052639753557742e-05,0.23651802679814865,0.0,0.0,0.017336872266366668
ray_gpis,Cross,20,0,0.9866,0.9605181650801711,3.351035062223673,0.1213010413145502,0.07356305293388635,0.7785166666666667,0.8136561718660525,0.39960865988745287,0.10104844881277013,0.019754383121380927,0.07992173197749057,0.08055916568733867,0.6,1.0,0.0006374337098481008,0.8,0.0,0.40943955281528954,0.5,0.2285227450018283,5.38913969649002e-05,0.2285766363987932,0.0,0.0,0.015559647678741906
ray_gpis,Cross,17,0,0.9764,0.9681305515389382,3.1783077865839005,0.12626551526477744,0.07318830845980481,0.7101033333333334,0.7934661868857183,0.40735912502355043,0.1080323613156669,0.021164803621822596,0.08147182500471009,0.08612211537867817,0.7,1.0,0.004650290373968091,0.8,0.0,0.645266544117647,0.75,0.22397637959511485,5.5814001825638115e-05,0.2240321935969405,0.0,0.0,0.017967430117604738
ray_gpis,Cross,22,0,0.9949333333333333,0.9685358030275828,3.2845516689121723,0.126184991874248,0.07496967534644286,0.7831933333333334,0.8247435070098931,0.41788118203139935,0.10585069977072792,0.020688699315999787,0.08357623640627987,0.08747044118773761,0.3,1.0,0.003894204781457744,0.6,0.0,0.4074282229915312,0.5,0.22376511759939605,4.803400079254061e-05,0.22381315160018858,0.0,0.0,0.019619593616344785
ray_gpis,Cross,18,0,0.9848666666666667,0.9557879688901011,3.363103838637471,0.13449867077466937,0.08022277734487616,0.8019433333333333,0.8279167589479307,0.35065022624218756,0.11453617289998147,0.022390798326337225,0.07013004524843751,0.07157655546094688,0.4,1.0,0.0014465102125093665,0.8,0.0,0.24887103924764487,0.5,0.23172531339805574,5.4840007214806975e-05,0.23178015340527053,0.0,0.0,0.01983632598946726
ray_gpis,Cross,16,0,0.9918666666666667,0.9529071291050629,3.3826909493654966,0.13194685851366061,0.07898422114759938,0.7650833333333333,0.7949576551570811,0.3703080882130453,0.11092117289379003,0.021659603097555602,0.07406161764260906,0.07433857324942421,0.7,1.0,0.0002769556068151546,0.8,0.0,0.43522967808711976,1.0,0.22618682599859313,5.5782997515052556e-05,0.22624260899610818,0.0,0.0,0.020268163687847576
ray_gpis,Cross,15,0,0.9982666666666666,0.9784525017359988,3.119362983852625,0.13126176113524035,0.07915004349478737,0.7993766666666666,0.8491199954935705,0.37937243916157504,0.1109236100254431,0.02167723329708092,0.07587448783231501,0.07591229509428468,0.7,1.0,3.780726196966899e-05,0.8,0.0,0.45359618190661477,0.75,0.23484492460265755,5.635980051010847e-05,0.23490128440316765,0.0,0.0,0.019621626535636455
ray_gpis,Bowl,19,0,0.8516333333333334,0.9135466404481458,3.9865924045443535,0.35887323404126753,0.28491867958906336,0.75452,0.8414851301040027,0.361178555906442,0.2706994529544357,0.04759427797567041,0.0722357111812884,0.10194218078301179,0.2,1.0,0.029706469601723386,0.2,0.0,0.7480333743419545,0.75,0.3947776838002028,4.523219540715217e-05,0.3948229159956099,0.0,0.0,0.019827365432064925
ray_gpis,Bowl,21,0,0.9137,0.933694180488786,3.7229638546705246,0.450779173394393,0.327095065555758,0.8033233333333334,0.8510168962660041,0.30769802769955823,0.3750999696612624,0.06593461526491654,0.06153960553991165,0.07625791163060672,0.4,1.0,0.014718306090695066,0.2,0.0,0.7306059023804072,0.75,0.3831552438030485,4.712679365184158e-05,0.38320237059670037,0.0,0.0,0.037988317134998895
ray_gpis,Bowl,20,0,0.8541333333333333,0.92003281750009,3.738136263564229,0.3837031978175001,0.3004141339385716,0.7655933333333333,0.8585479714647658,0.30699536951118567,0.2953445099222696,0.05166209007671929,0.06139907390223713,0.09518744870102828,0.1,1.0,0.033788374798791154,0.2,0.0,0.7661233620393681,0.5,0.3963665618037339,4.993279871996492e-05,0.3964164946024539,0.0,0.0,0.021418375124239775
ray_gpis,Bowl,17,0,0.6845,0.7911623002978774,5.42866624891758,0.29959810527598835,0.22955312911207687,0.6057433333333334,0.7178426588458043,0.23402493977459926,0.2127364040416142,0.03785288211787087,0.04680498795491985,0.11223366905425099,-0.9,1.0,0.06542868109933113,0.0,0.0,0.7703153610666055,0.75,0.38575569819658995,4.628620226867497e-05,0.3858019843988586,0.0,0.0,0.02261225505001957
ray_gpis,Bowl,22,0,0.6653,0.7833131203772353,5.327741149812937,0.3442024413852939,0.24725317611237524,0.5407399999999999,0.6750320339286009,0.2453370488355311,0.26874584501115417,0.04820290396814207,0.04906740976710622,0.11194109426494914,-0.6,1.0,0.06287368449784292,0.0,0.0,0.8128168631265734,0.75,0.26778821979823986,4.9260802916251124e-05,0.26783748060115614,0.0,0.0,0.025348037569681015
ray_gpis,Bowl,18,0,0.6301333333333333,0.7537162102398367,5.813922267407179,0.2593570047475156,0.19911321142938704,0.58214,0.7062607709643254,0.11691882758886207,0.15610464978955957,0.027400984106417493,0.023383765517772416,0.15994087898200843,-0.9,1.0,0.13655711346423602,0.0,0.0,0.7840753032730601,1.0,0.39919083440327086,4.9602799117565154e-05,0.39924043720238844,0.0,0.0,0.020210390552448054
ray_gpis,Bowl,16,0,0.9019333333333334,0.942086457127035,3.6102342419326305,0.37964412695357747,0.262680273389771,0.70969,0.8162669136500259,0.3063739579797147,0.2901756547527272,0.05072020221516542,0.061274791595942936,0.09300590761788793,-0.1,1.0,0.031731116021945005,0.2,0.0,0.7798875772170266,0.0,0.3906254417990567,5.180280131753534e-05,0.39067724460037423,0.0,0.0,0.030804233453846808
ray_gpis,Bowl,15,0,0.7828666666666667,0.861949265175711,4.6019419096410275,0.38956235174362214,0.2762464671143407,0.6730533333333334,0.7700955829586305,0.3924834215963018,0.3295044128140691,0.059997978418474415,0.07849668431926035,0.10265018535157784,0.2,1.0,0.024153501032317483,0.4,0.0,0.7403397874227511,0.75,0.3901600825978676,5.5702996905893085e-05,0.3902157855947735,0.0,0.0,0.031663880666079
ray_gpis,Cube,19,0,0.9679666666666666,0.9554253562033588,3.513902425765991,0.1365932278067557,0.08216994950586341,0.7050433333333334,0.7753548903674674,0.4439636116365233,0.11534707017342957,0.02251537030684172,0.08879272232730466,0.09223387959528113,0.2,1.0,0.003441157267976469,0.6,0.0,0.5457500643739985,0.25,0.22879650839604437,5.335379973985255e-05,0.22884986219578424,0.0,0.0,0.019988454437366937
ray_gpis,Cube,21,0,0.9997,0.9668295656919169,3.2809986732900143,0.14952531217016682,0.08870087238309292,0.7870833333333334,0.8246059894552857,0.37786385382511856,0.1275665235691853,0.02487114542048261,0.07557277076502371,0.07557277076502371,0.8,1.0,0.0,1.0,0.0,0.488567356660563,1.0,0.23041406359698158,4.876500170212239e-05,0.2304628285986837,0.0,0.0,0.021453730181766884
ray_gpis,Cube,20,0,0.9901666666666666,0.9615931396820552,3.3176448196172714,0.1525099488851449,0.09264933269013184,0.8705999999999999,0.8722853669291993,0.3372035668090928,0.1298924660576531,0.025303211018037,0.06744071336181856,0.06781783961563052,0.6,1.0,0.00037712625381196573,0.8,0.0,0.1953198314831769,0.5,0.22778265359520447,4.957299970556051e-05,0.22783222659491004,0.0,0.0,0.022190946422826208
ray_gpis,Cube,17,0,0.9657666666666667,0.9495230770549998,3.464802633970976,0.15499634522098354,0.09359212090026695,0.8086166666666668,0.8340163598836465,0.35244114663973614,0.13312713611955804,0.025953728916540415,0.07048822932794722,0.07552585722775432,0.5,1.0,0.005037627899807084,0.6,0.0,0.23087627317463946,0.75,0.24377780640206764,6.369920447468758e-05,0.24384150560654233,0.0,0.0,0.022392648414004818
ray_gpis,Cube,22,0,0.8902,0.9113497069639046,3.936614841222763,0.1457265767780895,0.08513251087386484,0.69245,0.7634026113002272,0.43484969426807135,0.12492971065784685,0.024392127783479666,0.08696993885361427,0.11715959237637782,-0.2,1.0,0.030189653522763572,0.4,0.0,0.35284014505607686,0.25,0.23111509180162101,5.730440025217831e-05,0.2311723962018732,0.0,0.0,0.02172159527024803
ray_gpis,Cube,18,0,0.977,0.972395143428797,3.111377824097872,0.15005754857154768,0.08978019108324253,0.81314,0.8623968550315446,0.3450787398598196,0.12753120528770343,0.024847693330189463,0.06901574797196393,0.07104972167466625,0.4,1.0,0.0020339737027023296,0.6,0.0,0.42088042172121753,0.5,0.23815172599861398,5.064720171503723e-05,0.23820237320032903,0.0,0.0,0.02071679582911143
ray_gpis,Cube,16,0,1.0,0.9688385269121813,3.092955332249403,0.1518637951361027,0.09127463305615706,0.86252,0.8709763393887648,0.2903662129172031,0.12642356963165444,0.024548374435314525,0.05807324258344062,0.06123737653637371,0.6,1.0,0.0031641339529330905,0.8,0.0,0.10163992761501486,0.75,0.23150654940109233,4.5548996422439816e-05,0.23155209839751478,0.0,0.0,0.022576522851975228
ray_gpis,Cube,15,0,0.9003333333333333,0.9022950842633923,3.9843698032200336,0.15010899925574112,0.08857774195015347,0.7480133333333333,0.7859545014571264,0.24014738536935032,0.12467982619003086,0.024211543484034974,0.048029477073870064,0.08381705664218202,0.6,1.0,0.03578757956831195,0.6,0.0,0.3148312328336003,0.5,0.2375183222058695,5.4578401613980534e-05,0.23757290060748346,0.0,0.0,0.01959833927225127
ray_gpis,Thin_Irregular,19,0,0.9861333333333333,0.9587113108306319,3.355745691806078,1.0,0.8960952504049237,0.80813,0.8373921483454376,0.33741946129364797,1.0,0.1046026355053565,0.0674838922587296,0.06764671436441445,0.6,1.0,0.00016282210568485667,0.8,0.2,0.33886240415426866,0.5,0.5663554702012334,5.6071594008244575e-05,0.5664115417952417,0.0,0.0,0.0
ray_gpis,Thin_Irregular,21,0,0.9999333333333333,0.9490440483023093,3.4461638424545527,0.999444365630251,0.8906805151443923,0.6994466666666668,0.7420797181091396,0.5148060524776746,0.9991182215598624,0.12591471917925345,0.10296121049553493,0.1063173235849969,0.8,1.0,0.003356113089461976,0.6,0.0,0.38071328311446856,0.5,0.5852154925989452,5.52553974557668e-05,0.585270747996401,0.0,0.0,0.00025048064735366804
ray_gpis,Thin_Irregular,20,0,0.9942666666666666,0.9562232173044788,3.2607545144855976,0.999540100756185,0.8404665001238802,0.79237,0.8114869193415817,0.3577976525867793,0.9991300079290714,0.10563294781042395,0.07155953051735586,0.07253974097138467,0.3,1.0,0.000980210454028807,0.6,0.0,0.41487969214923315,0.5,0.5592504153988557,6.5666000591591e-05,0.5593160813994473,0.0,0.0,0.0017032624444576205
ray_gpis,Thin_Irregular,17,0,0.9987666666666667,0.9652482365270219,3.2443576492369175,0.9996486432042818,0.8297102017617627,0.7898099999999999,0.8271723651183859,0.32938064831312586,0.9993309906584962,0.1049676627684333,0.06587612966262517,0.06633489331444713,0.6,1.0,0.00045876365182195844,0.6,0.2,0.47769387302586397,1.0,0.5675477358017815,5.171840020921081e-05,0.5675994542019908,0.0,0.0,0.0
ray_gpis,Thin_Irregular,22,0,0.9187666666666666,0.9237783958168417,3.7405062466859818,0.9997439990961794,0.9327871178284723,0.72384,0.7824353532772588,0.37751328303124343,0.9995074706818396,0.10390236943689309,0.07550265660624869,0.08952326246793352,0.2,1.0,0.014020605861684831,0.6,0.4,0.3682578965438315,0.75,0.5613593144022161,5.655020067933947e-05,0.5614158646028955,0.0,0.0,0.0
ray_gpis,Thin_Irregular,18,0,0.8957333333333334,0.9257688281537715,3.9372146129608154,0.9980976782803804,0.8013634686132309,0.66632,0.7600306119332305,0.4896535177226606,0.9963418494834803,0.10362409812713555,0.09793070354453212,0.12109935087081758,0.1,1.0,0.023168647326285475,0.6,0.2,0.6288667315175096,0.5,0.6007991375983692,6.0993400984443726e-05,0.6008601309993538,0.0,0.0,0.0
ray_gpis,Thin_Irregular,16,0,0.9865666666666667,0.9575130838618786,3.4102234058082104,0.9997931519147542,0.8928195147557807,0.8034000000000001,0.8217382259833329,0.43247559523138135,0.9996895755097774,0.133226521133084,0.08649511904627627,0.08761498599789697,0.3,1.0,0.001119866951620696,0.6,0.2,0.260873483634699,0.5,0.5546770603978075,5.076899833511561e-05,0.5547278293961426,0.0,0.0,0.0
ray_gpis,Thin_Irregular,15,0,0.9634666666666667,0.9330974335358078,3.741435706615448,0.9994935184488256,0.9095680152983718,0.7514833333333334,0.7864533857495506,0.3549320741671024,0.998990275767592,0.10021947146347013,0.07098641483342047,0.08309664502693345,0.4,1.0,0.012110230193512983,0.6,0.2,0.2502396143282215,0.5,0.562055177000002,5.496320081874728e-05,0.5621101402008207,0.0,0.0,0.0
