rame_id,mesh_vs_gt_accuracy_mean,mesh_vs_gt_chamfer_l1,mesh_vs_gt_chamfer_l2,mesh_vs_gt_completeness_mean,mesh_vs_gt_fscore@0.002000,mesh_vs_gt_fscore@0.005000,mesh_vs_gt_fscore@0.010000,mesh_vs_gt_precision@0.002000,mesh_vs_gt_precision@0.005000,mesh_vs_gt_precision@0.010000,mesh_vs_gt_recall@0.002000,mesh_vs_gt_recall@0.005000,mesh_vs_gt_recall@0.010000,nksr_vs_gt_accuracy_mean,nksr_vs_gt_chamfer_l1,nksr_vs_gt_chamfer_l2,nksr_vs_gt_completeness_mean,nksr_vs_gt_fscore@0.002000,nksr_vs_gt_fscore@0.005000,nksr_vs_gt_fscore@0.010000,nksr_vs_gt_precision@0.002000,nksr_vs_gt_precision@0.005000,nksr_vs_gt_precision@0.010000,nksr_vs_gt_recall@0.002000,nksr_vs_gt_recall@0.005000,nksr_vs_gt_recall@0.010000,offline_pcd_vs_gt_accuracy_mean,offline_pcd_vs_gt_chamfer_l1,offline_pcd_vs_gt_chamfer_l2,offline_pcd_vs_gt_completeness_mean,offline_pcd_vs_gt_fscore@0.002000,offline_pcd_vs_gt_fscore@0.005000,offline_pcd_vs_gt_fscore@0.010000,offline_pcd_vs_gt_normal_mean_abs_cos,offline_pcd_vs_gt_normal_mean_angle_deg,offline_pcd_vs_gt_precision@0.002000,offline_pcd_vs_gt_precision@0.005000,offline_pcd_vs_gt_precision@0.010000,offline_pcd_vs_gt_recall@0.002000,offline_pcd_vs_gt_recall@0.005000,offline_pcd_vs_gt_recall@0.010000,online_pcd_vs_gt_accuracy_mean,online_pcd_vs_gt_chamfer_l1,online_pcd_vs_gt_chamfer_l2,online_pcd_vs_gt_completeness_mean,online_pcd_vs_gt_fscore@0.002000,online_pcd_vs_gt_fscore@0.005000,online_pcd_vs_gt_fscore@0.010000,online_pcd_vs_gt_normal_mean_abs_cos,online_pcd_vs_gt_normal_mean_angle_deg,online_pcd_vs_gt_precision@0.002000,online_pcd_vs_gt_precision@0.005000,online_pcd_vs_gt_precision@0.010000,online_pcd_vs_gt_recall@0.002000,online_pcd_vs_gt_recall@0.005000,online_pcd_vs_gt_recall@0.010000,time_s
20,0.0024881855398731535,0.033877722310986624,0.0014872230628641017,0.03138953677111347,0.12499538135983071,0.2664895604914934,0.3742730265038592,0.4714,0.90165,0.9938,0.07205,0.15635,0.23055,0.031695922383086564,0.06783125578688723,0.0032437999677190164,0.036135333403800665,0.04771197072660742,0.11533489278752436,0.20630173039690225,0.05015,0.11865,0.21445,0.0455,0.1122,0.19875,0.0031183291219897035,0.03398391491670531,0.0013038905046996725,0.03086558579471561,0.009649122807017544,0.08740006723082094,0.24024767801857583,nan,nan,0.23404255319148937,0.9787234042553191,1.0,0.0049261083743842365,0.04574243490499648,0.13652357494722026,nan,nan,nan,nan,nan,nan,nan,nan,nan,nan,nan,nan,nan,nan,nan,1.0
40,0.007388222783277589,0.05021727175978035,0.002514008167270929,0.04282904897650276,0.06786440677966102,0.12178097923379878,0.19466154229786176,0.286,0.48905,0.6887,0.0385,0.06955,0.11335,nan,nan,nan,nan,nan,nan,nan,nan,nan,nan,nan,nan,nan,0.0023968939995324063,0.045340551581140434,0.002387156031803883,0.04294365758160803,0.04649580403719664,0.11524752475247525,0.17937219730941703,nan,nan,0.41414141414141414,0.9797979797979798,1.0,0.024630541871921183,0.061224489795918366,0.09852216748768473,nan,nan,nan,nan,nan,nan,nan,nan,nan,nan,nan,nan,nan,nan,nan,2.0
60,0.002838296631995476,0.023895810180365667,0.0008819778723893611,0.02105751354837019,0.34084949940924075,0.4889448061879998,0.5973173296983176,0.55885,0.79015,0.9604,0.2452,0.354,0.43345,0.011883057069915305,0.028032607836979452,0.0009135157300093922,0.016149550767064147,0.29439391392064557,0.4930851325471223,0.5742390710382514,0.3273,0.5344,0.61215,0.2675,0.4577,0.54075,0.002415136539753421,0.02336506164557621,0.0008212912289026447,0.02094992510582279,0.18027710056725949,0.48193172028238435,0.5944609297725025,nan,nan,0.35918367346938773,0.9938775510204082,1.0,0.1203377902885292,0.31808585503166786,0.42294159042927515,nan,nan,nan,nan,nan,nan,nan,nan,nan,nan,nan,nan,nan,nan,nan,3.0
80,0.004476574639143629,0.021555170294798733,0.0005837293513297907,0.0170785956556551,0.27074334259107985,0.46186390009606154,0.5922116968887193,0.41,0.6952,0.85745,0.2021,0.3458,0.4523,0.0031856315677901478,0.023573104589661012,0.0007140377179911473,0.020387473021870866,0.20653424608819346,0.38158269906182346,0.5280891827738217,0.4261,0.78745,0.9633,0.1363,0.2518,0.36375,0.0026633453063852545,0.01826227612847581,0.00047097841141060994,0.015598930822090558,0.16051110113783362,0.5433010392453542,0.6707202993451824,nan,nan,0.27941176470588236,0.9754901960784313,1.0,0.11259676284306826,0.3764954257565095,0.5045742434904996,nan,nan,nan,nan,nan,nan,nan,nan,nan,nan,nan,nan,nan,nan,nan,4.0
100,0.004637490786146512,0.017431594403260513,0.0004318177457971694,0.012794103617114002,0.3980025113881563,0.5711637471439451,0.6898413373218371,0.50635,0.6987,0.83115,0.32785,0.483,0.5896,0.002996408640831903,0.017431206015763506,0.0004683335834567511,0.014434797374931602,0.3713160108883939,0.5556578114590273,0.7048784907999477,0.5192,0.7643,0.98325,0.289,0.4365,0.54935,0.0026292942964613697,0.014636690066022643,0.00034608144772087945,0.012007395769561273,0.20460619727720705,0.7071155239147454,0.7776344086021506,nan,nan,0.2611464968152866,0.9777070063694268,1.0,0.16819141449683322,0.553835327234342,0.6361717100633357,nan,nan,nan,nan,nan,nan,nan,nan,nan,nan,nan,nan,nan,nan,nan,5.0
120,0.004601527974095995,0.013203963035293757,0.0002553229018727711,0.00860243506119776,0.4811276794793573,0.6560656005712568,0.7547379090759888,0.5638,0.74315,0.83405,0.4196,0.58725,0.6892,0.00253900598115014,0.01636458405728829,0.0004254765220399451,0.013825578076138151,0.3924399090325966,0.5792701340966123,0.716784310012837,0.55345,0.83045,0.99915,0.304,0.44475,0.55885,0.002735172101535337,0.01132048417040573,0.0001902590482863444,0.008585312068870393,0.27543572749376233,0.7441100174123166,0.842302703781303,nan,nan,0.3170289855072464,0.9483695652173914,0.9945652173913043,0.24349049964813513,0.6122448979591837,0.7304714989444053,nan,nan,nan,nan,nan,nan,nan,nan,nan,nan,nan,nan,nan,nan,nan,6.0
140,0.004193635215577201,0.012468363402789638,0.00024823442284296134,0.008274728187212437,0.5223355562845629,0.6903811226313908,0.7795287473352636,0.61045,0.778,0.8555,0.45645,0.6205,0.71595,0.0023750928763865984,0.014348900693476472,0.0003115236609255715,0.011973807817089874,0.3761600606201912,0.557422045110385,0.7203244748975409,0.5793,0.8368,0.9981,0.2785,0.4179,0.5635,0.0026026458432662557,0.010443362973947462,0.00016078827923433333,0.007840717130681206,0.2775944626331623,0.7792453641956718,0.8580048692512068,nan,nan,0.30802047781569963,0.9658703071672355,0.9982935153583617,0.2526389866291344,0.6530612244897959,0.7522871217452498,nan,nan,nan,nan,nan,nan,nan,nan,nan,nan,nan,nan,nan,nan,nan,7.0
160,0.004762136306657565,0.011200384857780785,0.00017574365388920942,0.0064382485511232206,0.4717952644623741,0.6898820765304277,0.810259278890601,0.50695,0.71245,0.8396,0.4412,0.6687,0.7829,0.002219236618765092,0.011577600540605283,0.00022114416371352738,0.00935836392184019,0.4586917988171874,0.6694365236021355,0.7961959792945709,0.5729,0.88545,1.0,0.38245,0.53815,0.6614,0.0027271103097621136,0.009088664432012663,0.00011022479456989968,0.00636155412225055,0.3371360350202295,0.7826111764463478,0.8890229055821084,nan,nan,0.368,0.9144,0.9936,0.3110485573539761,0.6840253342716397,0.8043631245601689,nan,nan,nan,nan,nan,nan,nan,nan,nan,nan,nan,nan,nan,nan,nan,8.0
180,0.003716358979485122,0.007173353401851273,8.064918526366397e-05,0.003456994422366151,0.5934019301934398,0.8073594649823519,0.8826389719626169,0.62005,0.816,0.87285,0.56895,0.7989,0.89265,0.0023147937600786904,0.008403381262006048,0.00010803765450325443,0.0060885875019273585,0.5053007424160479,0.7669551584129927,0.8738421689799826,0.54865,0.89035,1.0,0.4683,0.6736,0.77595,0.002561465857560314,0.006468075261392018,4.84875207829618e-05,0.0039066094038317034,0.4182694207211197,0.885709328348333,0.9489644970414202,nan,nan,0.4034653465346535,0.9381188118811881,1.0,0.434201266713582,0.8388458831808585,0.9028852920478536,nan,nan,nan,nan,nan,nan,nan,nan,nan,nan,nan,nan,nan,nan,nan,9.0
200,0.0034948513881509938,0.00701227639794207,7.693523292063433e-05,0.0035174250097910766,0.5827929751712329,0.8129769464851074,0.8958109501883633,0.61055,0.83015,0.8883,0.55745,0.7965,0.90345,0.002180771280592303,0.00777159817913621,8.000343787864991e-05,0.005590826898543907,0.48164223520447036,0.7379437311771637,0.8910144445368599,0.56395,0.90395,1.0,0.4203,0.62345,0.80345,0.0027992137099692445,0.006849475150262081,4.916263205995783e-05,0.004050261440292837,0.290014327558229,0.8850918460152535,0.9485973986322678,nan,nan,0.2695336159903089,0.9376135675348274,0.9957601453664445,0.3138634764250528,0.8381421534130894,0.9057002111189303,nan,nan,nan,nan,nan,nan,nan,nan,nan,nan,nan,nan,nan,nan,nan,10.0
220,0.003530485983188668,0.007192688722392755,7.25222476907531e-05,0.003662202739204087,0.5672510911086718,0.7840085693351597,0.8934247978285811,0.60415,0.8093,0.893,0.5346,0.76025,0.89385,0.0022048619599915782,0.008363008929071733,9.374104476031469e-05,0.006158146969080154,0.4635496709333057,0.7302177783639421,0.870024576965451,0.57785,0.90395,1.0,0.387,0.6125,0.76995,0.0027960902603925714,0.00683098250668145,5.087341915021006e-05,0.004034892246288878,0.39547581026368794,0.8550963985517881,0.9466264639831079,nan,nan,0.3769601930036188,0.9028950542822678,0.9939686369119421,0.4159042927515834,0.8121041520056298,0.9035890218156228,nan,nan,nan,nan,nan,nan,nan,nan,nan,nan,nan,nan,nan,nan,nan,11.0
240,0.0029289486270960828,0.00604199061807667,5.09109252182819e-05,0.0031130419909805875,0.5869170955414013,0.8352683136926482,0.9203744431768796,0.6216,0.8579,0.91555,0.5559,0.8138,0.92525,0.0023171589237584553,0.007060495906078884,6.719977908870568e-05,0.004743336982320429,0.5159669995657837,0.7926957379907226,0.9156449549989157,0.552,0.8941,0.99995,0.48435,0.71195,0.84445,0.0027874718676301024,0.006593048642619075,4.3903093492886294e-05,0.003805576774988972,0.3419759501641429,0.885434570629916,0.9515443633050299,nan,nan,0.32259988073941565,0.9314251639833036,0.9946332737030411,0.36382828993666433,0.8437719915552427,0.912033779028853,nan,nan,nan,nan,nan,nan,nan,nan,nan,nan,nan,nan,nan,nan,nan,12.0
260,0.004153660273117526,0.008054540308225586,9.281265386975504e-05,0.0039008800351080604,0.4928570617171256,0.7864951652892562,0.8835334125502179,0.5006,0.78845,0.8735,0.48535,0.78455,0.8938,0.0022791160416060535,0.00716272943232546,6.583037787795808e-05,0.004883613390719406,0.4990788966335458,0.7633627141525505,0.9123637055768552,0.5637,0.88365,1.0,0.44775,0.6719,0.83885,0.002836246503750755,0.0067470161197174805,4.542449141139026e-05,0.003910769615966725,0.3036837536022317,0.883027198369796,0.9582111436950147,nan,nan,0.28173190984578883,0.9252669039145908,1.0,0.32934553131597466,0.844475721323012,0.9197748064743139,nan,nan,nan,nan,nan,nan,nan,nan,nan,nan,nan,nan,nan,nan,nan,13.0
280,0.002664164438237593,0.004845213747348233,4.150950396384976e-05,0.0021810493091106394,0.7043222044785125,0.8868884229511893,0.9384594626261551,0.71485,0.8734,0.9203,0.6941,0.9008,0.95735,0.0025307390297428446,0.005886999703633916,4.64554487840319e-05,0.0033562606738910717,0.5846286855824288,0.8156940989031191,0.9498635324716268,0.56935,0.8304,0.99225,0.60075,0.8015,0.91095,0.002886184797095035,0.006063638695894347,2.937401344652791e-05,0.0031774538987993125,0.28178446947528435,0.9241590515644694,0.9759215396090084,nan,nan,0.2482308111050626,0.9433859553620033,0.9978225367446925,0.32582688247712877,0.9057002111189303,0.9549612948627727,nan,nan,nan,nan,nan,nan,nan,nan,nan,nan,nan,nan,nan,nan,nan,14.0
300,0.0019988290895920522,0.003986019204515069,1.923222062534007e-05,0.001987190114923017,0.7020432644054525,0.914785832968955,0.9747430626795239,0.7188,0.9112,0.96735,0.68605,0.9184,0.98225,0.0024542784023390716,0.00613047986034364,4.8566725918507504e-05,0.0036762014580045688,0.5600950102651076,0.8218547241944293,0.9420671643766712,0.5657,0.8655,0.9905,0.5546,0.7824,0.89815,0.002823630439233595,0.006093015315596697,3.136297785832734e-05,0.003269384876363101,0.30403945206022337,0.9158684772158118,0.9692664933256351,nan,nan,0.2714440825190011,0.9446254071661238,0.997828447339848,0.34553131597466574,0.88881069669247,0.9422941590429276,nan,nan,nan,nan,nan,nan,nan,nan,nan,nan,nan,nan,nan,nan,nan,15.0
320,0.0017060261480844531,0.0034276265190240373,1.1742806833808285e-05,0.0017216003709395842,0.6903722580178093,0.9560315490821609,0.9915185698797307,0.7045,0.95185,0.989,0.6768,0.96025,0.99405,0.002872939118212524,0.005658015169162542,3.8088814901065144e-05,0.0027850760509500186,0.5512824397929328,0.8380977356691695,0.956675255388635,0.5077,0.8101,0.9707,0.60305,0.8681,0.94305,0.003009657751886047,0.005857446773671653,2.5072166253646127e-05,0.0028477890217856057,0.29668676106360115,0.9100460966437539,0.9842595501602028,nan,nan,0.2521606507371632,0.8998474834773768,0.9984748347737672,0.36030964109781843,0.9204785362420831,0.9704433497536946,nan,nan,nan,nan,nan,nan,nan,nan,nan,nan,nan,nan,nan,nan,nan,16.0
340,0.0027288504516226066,0.005382601417767013,4.5621462035973204e-05,0.002653750966144406,0.6570217427638076,0.8611065985426889,0.9320214402574761,0.6854,0.86885,0.9223,0.6309,0.8535,0.94195,0.00266041946952873,0.007326261317482115,6.81708712460169e-05,0.004665841847953385,0.48614180361544784,0.7744993423796234,0.913215219992386,0.5047,0.84065,0.99445,0.4689,0.718,0.84425,0.0028890141796084653,0.006325988981801588,3.317624899479113e-05,0.003436974802193123,0.2953846153846154,0.8954750413622719,0.9680464778503994,nan,nan,0.2696629213483146,0.9219101123595506,1.0,0.32653061224489793,0.8705137227304715,0.9380717804363125,nan,nan,nan,nan,nan,nan,nan,nan,nan,nan,nan,nan,nan,nan,nan,17.0
360,0.0020375420409617867,0.003937792566555647,2.4077895047610734e-05,0.0019002505255938601,0.7337050441061271,0.9140384442864176,0.9628223318362367,0.74935,0.9108,0.95085,0.7187,0.9173,0.9751,0.002436022534007998,0.00504940749789224,3.122934998833915e-05,0.0026133849638842422,0.6246362750579029,0.8485929265849633,0.9671501485672945,0.5963,0.84615,0.98785,0.6558,0.85105,0.9473,0.002720998299327714,0.005510729978338503,2.2094049497346206e-05,0.0027897316790107883,0.3303179878801995,0.9333294528118755,0.9854620854016947,nan,nan,0.29211663066954646,0.9465442764578834,0.9994600431965442,0.3800140745953554,0.9204785362420831,0.971850809289233,nan,nan,nan,nan,nan,nan,nan,nan,nan,nan,nan,nan,nan,nan,nan,18.0
380,0.0014719740531316048,0.0030314483577465207,8.95590408685854e-06,0.001559474304614916,0.753429651490533,0.9630482451586106,1.0,0.77325,0.96175,1.0,0.7346,0.96435,1.0,0.002842223431676512,0.005026751245526203,3.3979414664914704e-05,0.0021845278138496907,0.6536619370735406,0.8520538576275152,0.9505166039820099,0.59745,0.80635,0.9477,0.72155,0.90325,0.95335,0.0030107595092286523,0.005859469995825643,2.266917098621312e-05,0.002848710486596991,0.21413419063118821,0.9370667827039437,0.98763473463043,nan,nan,0.18581418581418582,0.936063936063936,0.998001998001998,0.2526389866291344,0.9380717804363125,0.9774806474313863,nan,nan,nan,nan,nan,nan,nan,nan,nan,nan,nan,nan,nan,nan,nan,19.0
400,0.003142072189093119,0.0065722514983739665,7.463586637913654e-05,0.003430179309280848,0.64823968590015,0.8227562116517829,0.8940445864325262,0.6778,0.8386,0.89625,0.62115,0.8075,0.89185,0.00223658497457208,0.007594413334410199,8.675601540662271e-05,0.005357828359838119,0.5409767454670645,0.770963233322694,0.8914790532675573,0.5892,0.88135,0.9997,0.50005,0.68515,0.8044,0.0027479536313901056,0.006740225531146973,4.64560681709321e-05,0.0039922718997568675,0.29959602803625013,0.8874420430706923,0.9503664715431158,nan,nan,0.27526753864447084,0.9464922711058263,0.9988109393579072,0.3286418015482055,0.8353272343420126,0.9064039408866995,nan,nan,nan,nan,nan,nan,nan,nan,nan,nan,nan,nan,nan,nan,nan,20.0
420,0.002219901833555447,0.004090694202816205,2.6240951328368444e-05,0.0018707923692607587,0.7289976824711166,0.917366514973976,0.9651852714984851,0.7421,0.9101,0.94875,0.71635,0.92475,0.9822,0.002682669686947551,0.005212515257512677,3.423294492862523e-05,0.0025298455705651257,0.6209667266187051,0.8301942844257366,0.9577472302674495,0.57225,0.79855,0.97715,0.67875,0.86445,0.9391,0.002896762852888708,0.0056969062099664885,2.2997175943384387e-05,0.0028001433570777807,0.2891865690745499,0.9345429325040201,0.9857070998951176,nan,nan,0.2493753123438281,0.9345327336331835,0.9970014992503748,0.34412385643912735,0.9345531315974666,0.9746657283603096,nan,nan,nan,nan,nan,nan,nan,nan,nan,nan,nan,nan,nan,nan,nan,21.0
440,0.002321458197706135,0.005036360217584362,4.462974804871272e-05,0.0027149020198782266,0.7140894017751066,0.8684853340622662,0.9313450367745746,0.74665,0.88665,0.9335,0.68425,0.85105,0.9292,0.0026201931490068063,0.0064339283573931596,5.806151301362629e-05,0.0038137352083863533,0.5799458644023964,0.7951208203775244,0.9299229746037706,0.57325,0.82205,0.97855,0.5868,0.7699,0.8859,0.0028424325156412274,0.006132415713698023,3.337366969144539e-05,0.0032899831980567956,0.3310267483382074,0.9010145621548539,0.9674163701870219,nan,nan,0.2883895131086142,0.9218833600856072,0.9978598180845372,0.3884588318085855,0.8810696692470091,0.9387755102040817,nan,nan,nan,nan,nan,nan,nan,nan,nan,nan,nan,nan,nan,nan,nan,22.0
460,0.0018383296721970368,0.0035412387384662182,1.729810800435553e-05,0.0017029090662691814,0.7396279690509173,0.9426488106287624,0.9764913680114684,0.75475,0.93425,0.9663,0.7251,0.9512,0.9869,0.002728401433576276,0.0050241556471498396,3.1295475353818114e-05,0.0022957542135735635,0.6196764557972461,0.8600519770074899,0.9602568482986644,0.5616,0.8304,0.96445,0.69115,0.8919,0.9561,0.002748852596118048,0.005365320897350482,1.9968573765993548e-05,0.0026164683012324342,0.34844811779469054,0.9405287117005718,0.9901596266340529,nan,nan,0.29731100963977675,0.9487569761542364,0.9994926433282597,0.42083040112596765,0.932441942294159,0.9809992962702322,nan,nan,nan,nan,nan,nan,nan,nan,nan,nan,nan,nan,nan,nan,nan,23.0
480,0.002553057373944737,0.005284603995937007,4.587601471603642e-05,0.00273154662199227,0.664417746722266,0.8634988856406842,0.9280741750397328,0.692,0.8777,0.9272,0.63895,0.84975,0.92895,0.0026572494393412123,0.006494945958174868,5.720053240620235e-05,0.0038376965188336555,0.5513067506913905,0.8049350707371556,0.9294894612577805,0.54335,0.8322,0.9782,0.5595,0.7794,0.8854,0.0029166322090511186,0.006145250831182433,3.0448294075609805e-05,0.0032286186221313147,0.3083065633747739,0.8992970877212394,0.9738171114763785,nan,nan,0.2730748225013654,0.9175314036045876,0.9972692517749864,0.35397607318789587,0.8817733990147784,0.9514426460239268,nan,nan,nan,nan,nan,nan,nan,nan,nan,nan,nan,nan,nan,nan,nan,24.0
500,0.0026098925231540196,0.004938599319348096,4.0818459060922537e-05,0.002328706796194076,0.6829598185210932,0.8889492800494966,0.9421137884375581,0.69795,0.88815,0.92995,0.6686,0.88975,0.9546,0.0026081445568123603,0.006726897662930194,6.357419639501565e-05,0.0041187531061178334,0.5443049552238806,0.8001866277618276,0.9274394159016481,0.5382,0.82815,0.9917,0.55055,0.77405,0.871,0.002982230703910067,0.006192919330890773,3.039150057519907e-05,0.003210688626980706,0.2833784870345268,0.908354077574738,0.9740072202166065,nan,nan,0.24443293630243398,0.9197307094769549,1.0,0.3370865587614356,0.8972554539057002,0.9493314567206192,nan,nan,nan,nan,nan,nan,nan,nan,nan,nan,nan,nan,nan,nan,nan,25.0
520,0.0012665027655723493,0.0026763947569324563,5.7013577978938166e-06,0.0014098919913601072,0.7580877698315922,0.9946970268164568,1.0,0.7778,1.0,1.0,0.73935,0.98945,1.0,0.0014591855713001977,0.0027539603488650082,8.295497158221722e-06,0.0012947747775648106,0.7938914850736869,0.9726812633310205,0.9937673073052928,0.7913,0.961,0.9881,0.7965,0.98465,0.9995,0.0031225013489302256,0.005679828298562721,1.8850330371136722e-05,0.0025573269496324954,0.2202180858403912,0.9520712846369023,1.0,nan,nan,0.18056195301704284,0.9216950713956702,1.0,0.2821956368754398,0.9845179451090781,1.0,nan,nan,nan,nan,nan,nan,nan,nan,nan,nan,nan,nan,nan,nan,nan,26.0
540,0.0013161835237052672,0.0027781938524841423,6.549547369868379e-06,0.0014620103287788751,0.7393280167607206,0.9942690209192397,1.0,0.759,0.99985,1.0,0.72065,0.98875,1.0,0.002108072017183615,0.003510220021180903,1.6125860009232478e-05,0.0014021480039972882,0.7161745626872953,0.9414863925560681,0.9806839610621273,0.6872,0.90465,0.9621,0.7477,0.98145,1.0,0.002917207635162361,0.005157545996717222,1.6557208030399877e-05,0.002240338361554861,0.3317574612382081,0.9466687523516804,0.9995442114858706,nan,nan,0.27380410022779045,0.9134396355353075,0.9990888382687927,0.42083040112596765,0.9824067558057706,1.0,nan,nan,nan,nan,nan,nan,nan,nan,nan,nan,nan,nan,nan,nan,nan,27.0
560,0.0013441769214088037,0.0028119201093794394,6.655258980991893e-06,0.0014677431879706359,0.7211808529065337,0.996261072495044,1.0,0.74005,1.0,1.0,0.70325,0.99255,1.0,0.0020726201989648544,0.003423999974607041,1.4791645211866466e-05,0.0013513797756421865,0.7089670948442723,0.9484463062352012,0.9812550937245313,0.67875,0.90885,0.9632,0.742,0.99165,1.0,0.0030871668294945127,0.005451242265561409,1.8276756184504166e-05,0.0023640754360668963,0.293677619155372,0.9404085511736586,0.9986559139784946,nan,nan,0.23847874720357942,0.9006711409395973,0.9973154362416108,0.3821252638986629,0.983814215341309,1.0,nan,nan,nan,nan,nan,nan,nan,nan,nan,nan,nan,nan,nan,nan,nan,28.0
580,0.0017430316550372056,0.0035067034884995324,9.529391828744306e-06,0.0017636718334623268,0.6300664180288843,0.9804489800601764,1.0,0.6347,0.97945,1.0,0.6255,0.98145,1.0,0.0015688344441505567,0.0030999894412748674,7.754393490779625e-06,0.0015311549971243105,0.6752244946316179,0.9928228086520786,1.0,0.6711,0.99135,1.0,0.6794,0.9943,1.0,0.003116368427347419,0.005421853272206334,1.7953309528528584e-05,0.0023054848448589146,0.27294577892201477,0.9428946451007597,0.9991607217792698,nan,nan,0.21593291404612158,0.8930817610062893,0.9983228511530399,0.37086558761435606,0.9985925404644617,1.0,nan,nan,nan,nan,nan,nan,nan,nan,nan,nan,nan,nan,nan,nan,nan,29.0
600,0.002093616797482528,0.0041395127211940035,1.5178703628521116e-05,0.0020458959237114756,0.6043999627729979,0.9198835502894257,1.0,0.60425,0.91375,1.0,0.60455,0.9261,1.0,0.002033539452234679,0.003901264469346918,1.3847979593073899e-05,0.0018677250171122391,0.6484548832189934,0.9557991558701749,0.9956331165570231,0.6374,0.92745,0.99155,0.6599,0.9443,0.99975,0.0033706389603327985,0.00555787455206889,2.0848499740525367e-05,0.0021872355917360907,0.29708519388978544,0.9218836785240232,0.9914563106796116,nan,nan,0.22834039276087795,0.8556026184058529,0.9830573738929534,0.4250527797325827,0.9992962702322308,1.0,nan,nan,nan,nan,nan,nan,nan,nan,nan,nan,nan,nan,nan,nan,nan,30.0
620,0.0019523394777563976,0.003939787526575753,1.1945824059168462e-05,0.0019874480488193554,0.5567321778176919,0.9890955414012739,1.0,0.5599,0.9912,1.0,0.5536,0.987,1.0,nan,nan,nan,nan,nan,nan,nan,nan,nan,nan,nan,nan,nan,0.003408949146525284,0.005872473649356003,2.0575759158688182e-05,0.002463524502830719,0.20028911629322477,0.930183496535266,0.9994058229352347,nan,nan,0.1543942992874109,0.8705463182897862,0.998812351543943,0.28501055594651653,0.9985925404644617,1.0,nan,nan,nan,nan,nan,nan,nan,nan,nan,nan,nan,nan,nan,nan,nan,31.0
640,nan,nan,nan,nan,nan,nan,nan,nan,nan,nan,nan,nan,nan,nan,nan,nan,nan,nan,nan,nan,nan,nan,nan,nan,nan,nan,0.003106663501453958,0.005224360519206707,1.754040398350903e-05,0.002117697017752749,0.34194093747443627,0.9311522537138657,1.0,nan,nan,0.2693877551020408,0.8722448979591837,1.0,0.46798029556650245,0.9985925404644617,1.0,nan,nan,nan,nan,nan,nan,nan,nan,nan,nan,nan,nan,nan,nan,nan,32.0
660,nan,nan,nan,nan,nan,nan,nan,nan,nan,nan,nan,nan,nan,nan,nan,nan,nan,nan,nan,nan,nan,nan,nan,nan,nan,nan,0.0033070060562139457,0.005714458033012302,1.9402332295773873e-05,0.0024074519767983554,0.21616007829916806,0.9304896034770319,1.0,nan,nan,0.1683488090431974,0.8716188938231731,1.0,0.3019000703729768,0.9978888106966924,1.0,nan,nan,nan,nan,nan,nan,nan,nan,nan,nan,nan,nan,nan,nan,nan,33.0
680,nan,nan,nan,nan,nan,nan,nan,nan,nan,nan,nan,nan,nan,nan,nan,nan,nan,nan,nan,nan,nan,nan,nan,nan,nan,nan,0.0032664927360717836,0.005697945817262252,1.91003759084932e-05,0.002431453081190468,0.20356951912894172,0.9443902368910839,0.9995967741935484,nan,nan,0.1592099959693672,0.8952035469568722,0.9991938734381298,0.2821956368754398,0.9992962702322308,1.0,nan,nan,nan,nan,nan,nan,nan,nan,nan,nan,nan,nan,nan,nan,nan,34.0
700,nan,nan,nan,nan,nan,nan,nan,nan,nan,nan,nan,nan,nan,nan,nan,nan,nan,nan,nan,nan,nan,nan,nan,nan,nan,nan,0.0032427872556269146,0.005621668643602596,1.9142862936788663e-05,0.0023788813879756818,0.24066390041493776,0.9320424956743731,0.9991779695848746,nan,nan,0.19055441478439425,0.8759753593429158,0.9983572895277207,0.32653061224489793,0.995777621393385,1.0,nan,nan,nan,nan,nan,nan,nan,nan,nan,nan,nan,nan,nan,nan,nan,35.0
720,nan,nan,nan,nan,nan,nan,nan,nan,nan,nan,nan,nan,nan,nan,nan,nan,nan,nan,nan,nan,nan,nan,nan,nan,nan,nan,0.0035637817278742464,0.00595196254191869,2.205405034076353e-05,0.0023881808140444436,0.21524883105585557,0.8944707750355128,0.9994242947610823,nan,nan,0.16417337936325277,0.8128116609129268,0.998849252013809,0.3124560168895144,0.9943701618578465,1.0,nan,nan,nan,nan,nan,nan,nan,nan,nan,nan,nan,nan,nan,nan,nan,36.0
740,nan,nan,nan,nan,nan,nan,nan,nan,nan,nan,nan,nan,nan,nan,nan,nan,nan,nan,nan,nan,nan,nan,nan,nan,nan,nan,0.003331736886531903,0.0055350652977750395,1.9562549346408332e-05,0.002203328411243136,0.28416218863712234,0.9088,0.9976689976689977,nan,nan,0.2193798449612403,0.8333333333333334,0.9953488372093023,0.4032371569317382,0.9992962702322308,1.0,nan,nan,nan,nan,nan,nan,nan,nan,nan,nan,nan,nan,nan,nan,nan,37.0
760,nan,nan,nan,nan,nan,nan,nan,nan,nan,nan,nan,nan,nan,nan,nan,nan,nan,nan,nan,nan,nan,nan,nan,nan,nan,nan,0.0032695239725667605,0.0056200684469788304,1.9103669667973157e-05,0.00235054447441207,0.24202008001977204,0.9268873941451683,0.999795207864018,nan,nan,0.1887796887796888,0.866912366912367,0.9995904995904996,0.3370865587614356,0.995777621393385,1.0,nan,nan,nan,nan,nan,nan,nan,nan,nan,nan,nan,nan,nan,nan,nan,38.0
780,nan,nan,nan,nan,nan,nan,nan,nan,nan,nan,nan,nan,nan,nan,nan,nan,nan,nan,nan,nan,nan,nan,nan,nan,nan,nan,0.0034939337181898985,0.005983527145642023,2.1987669226083734e-05,0.0024895934274521245,0.18036453767796148,0.9191714711852489,0.9955716586151369,nan,nan,0.1406813627254509,0.8561122244488978,0.9911823647294589,0.2512315270935961,0.9922589725545391,1.0,nan,nan,nan,nan,nan,nan,nan,nan,nan,nan,nan,nan,nan,nan,nan,39.0
800,nan,nan,nan,nan,nan,nan,nan,nan,nan,nan,nan,nan,nan,nan,nan,nan,nan,nan,nan,nan,nan,nan,nan,nan,nan,nan,0.0034124281454356157,0.005716376320610174,2.0395621142808456e-05,0.0023039481751745586,0.24592790121491326,0.9189189189189189,0.9979588049730933,nan,nan,0.18555555555555556,0.85,0.9959259259259259,0.3645320197044335,1.0,1.0,nan,nan,nan,nan,nan,nan,nan,nan,nan,nan,nan,nan,nan,nan,nan,40.0
820,nan,nan,nan,nan,nan,nan,nan,nan,nan,nan,nan,nan,nan,nan,nan,nan,nan,nan,nan,nan,nan,nan,nan,nan,nan,nan,0.0033826314990192748,0.00555905753953998,1.9882664826583526e-05,0.0021764260405207052,0.28612686619053773,0.910764543183735,0.9975586854460095,nan,nan,0.21693518171599852,0.8366429374297489,0.9951292618958412,0.4201266713581985,0.9992962702322308,1.0,nan,nan,nan,nan,nan,nan,nan,nan,nan,nan,nan,nan,nan,nan,nan,41.0
840,nan,nan,nan,nan,nan,nan,nan,nan,nan,nan,nan,nan,nan,nan,nan,nan,nan,nan,nan,nan,nan,nan,nan,nan,nan,nan,0.0036304147735809404,0.0060411876382006156,2.3013616283385267e-05,0.002410772864619675,0.2097217540638175,0.8933460961560546,0.9962462462462462,nan,nan,0.1581899775617053,0.8100224382946896,0.9925205684367988,0.3110485573539761,0.995777621393385,1.0,nan,nan,nan,nan,nan,nan,nan,nan,nan,nan,nan,nan,nan,nan,nan,42.0
844,nan,nan,nan,nan,nan,nan,nan,nan,nan,nan,nan,nan,nan,nan,nan,nan,nan,nan,nan,nan,nan,nan,nan,nan,nan,nan,0.003654919126757442,0.006174597905349522,2.3484501556654242e-05,0.00251967877859208,0.16840669689379167,0.9090894760871855,0.9955817378497791,nan,nan,0.12756598240469208,0.8343108504398827,0.9912023460410557,0.24771287825475016,0.9985925404644617,1.0,nan,nan,nan,nan,nan,nan,nan,nan,nan,nan,nan,nan,nan,nan,nan,42.2
