planner,object,initial_pose_seed,planner_seeds,f@5_auc,recall@5_auc,surface_coverage_auc,final_f@5,final_recall@5,final_chamfer_m,score_gain_correlation,oracle_regret,oracle_action_accuracy,planning_time_s
pb_nbv_d70,green_Pepper,8,1,0.7021268215074905,0.5471799999999999,0.5471799999999999,0.7668276641660672,0.6218333333333333,0.007384010879289365,-0.5,0.113600306393256,0.0,0.32920342359866483
pb_nbv_d70,green_Pepper,13,1,0.8560520567659979,0.7701033333333334,0.7701033333333334,0.9895247398026205,0.9792666666666666,0.002215203187978184,0.25,0.026059344826941343,0.6,0.3513148825993994
pb_nbv_d70,green_Pepper,4,1,0.7161138031601727,0.5632233333333334,0.5632233333333334,0.8307968119726405,0.7105666666666667,0.005382061881328748,-0.3,0.11147846977424822,0.2,0.3159259811975062
pb_nbv_d70,green_Pepper,1,1,0.9196040180060118,0.8713333333333333,0.8713333333333333,0.9982134807072612,0.9964333333333333,0.002078447770831954,0.3415063509461097,0.0004465954953393414,0.8,0.3607373490012833
pb_nbv_d70,green_Pepper,12,1,0.8334541804610197,0.7260333333333333,0.7260333333333333,0.9032281651007202,0.8235333333333333,0.003919733109895407,0.25,0.05331079009552071,0.2,0.3408496397983981
pb_nbv_d70,green_Pepper,7,1,0.6531918954731448,0.4852833333333333,0.4852833333333333,0.6732414921610685,0.5074333333333333,0.010965275696489554,-0.8,0.18427885861464974,0.0,0.3136484615970403
pb_nbv_d70,green_Pepper,14,1,0.8373786050755978,0.7270833333333332,0.7270833333333332,0.8803045571604524,0.7862,0.004103022127269674,-0.5,0.056289108969916034,0.2,0.331372252998699
pb_nbv_d70,green_Pepper,2,1,0.8656811050532942,0.7855566666666666,0.7855566666666666,1.0,1.0,0.002008434610253476,0.3333333333333333,0.026723417095078396,0.6,0.36262186880194347
pb_nbv_d70,green_Pepper,6,1,0.6225491114134523,0.45307333333333333,0.45307333333333333,0.7177843313245287,0.5598,0.008174075471694455,-0.5,0.20758073111911854,0.0,0.32754703859827716
pb_nbv_d70,green_Pepper,3,1,0.9142691426897006,0.86241,0.86241,0.9890820865345734,0.9784,0.002276315709797876,0.25,0.003311808303428032,0.6,0.3683791607967578
pb_nbv_d70,green_Pepper,9,1,0.6517013633303834,0.48414999999999997,0.48414999999999997,0.6889257931998951,0.5254666666666666,0.009572994249426443,-0.9,0.18117511983371634,0.0,0.29962542060093256
pb_nbv_d70,green_Pepper,10,1,0.6623888351629557,0.49571333333333334,0.49571333333333334,0.6897846879503865,0.5264666666666666,0.00998204345168491,-0.9,0.19256738048291142,0.0,0.3136128026017104
pb_nbv_d70,green_Pepper,5,1,0.6633871269799948,0.5032433333333334,0.5032433333333334,0.8708220415537489,0.7712,0.00428236836858317,-0.4,0.13653236504387078,0.2,0.34103652439807774
pb_nbv_d70,green_Pepper,11,1,0.7536920145621113,0.6167233333333334,0.6167233333333334,0.9500209995800084,0.9048,0.0027872322408940713,-0.2,0.09602331235521597,0.2,0.3493726005995995
pb_nbv_d70,green_Pepper,0,1,0.6607146395591309,0.49914333333333333,0.49914333333333333,0.8841361353914823,0.7923333333333333,0.004026284501427801,-0.5,0.16618213590136882,0.2,0.33376151859702075
pb_nbv_d70,Corner,8,1,0.7963737819859977,0.6915666666666667,0.6915666666666667,0.9945875295339912,0.9892333333333333,0.0025390957508611067,0.1,0.06738939758446558,0.6,0.3953170335997129
pb_nbv_d70,Corner,13,1,0.721410912211397,0.5704133333333333,0.5704133333333333,0.8250039166536113,0.7021333333333334,0.005483439627366256,-0.6,0.12860720900936634,0.0,0.3604619106015889
pb_nbv_d70,Corner,4,1,0.9021773173147046,0.8332200000000001,0.8332200000000001,0.9997666122095156,0.9995333333333334,0.0025602951158694575,0.125,0.036999464350562936,0.6,0.3896339923987398
pb_nbv_d70,Corner,1,1,0.7244434138920457,0.57325,0.57325,0.9144790403994717,0.8424333333333334,0.0037835378443766632,-0.5,0.12253770604427854,0.2,0.3691237050006748
pb_nbv_d70,Corner,12,1,0.8359880914036077,0.7309133333333333,0.7309133333333333,0.9172997455654401,0.8472333333333333,0.003960457009427036,-0.125,0.04038260103213383,0.0,0.3761766125971917
pb_nbv_d70,Corner,7,1,0.7657111937211991,0.62371,0.62371,0.8465974625144175,0.734,0.004326988586560038,-0.3,0.12484546238070493,0.0,0.32132222680083944
pb_nbv_d70,Corner,14,1,0.7972730476634342,0.6989666666666666,0.6989666666666666,1.0,1.0,0.002446500106618496,0.0,0.05202312713765993,0.4,0.3846527774017886
pb_nbv_d70,Corner,2,1,0.6924268777741815,0.5417066666666667,0.5417066666666667,0.8692259851868605,0.7687,0.004383358371046903,-0.5,0.1491731737515648,0.2,0.33529761740210234
pb_nbv_d70,Corner,6,1,0.7259672117162713,0.5700733333333333,0.5700733333333333,0.7419537458327218,0.5897666666666667,0.006473050610849103,-0.9,0.13914248599534504,0.0,0.3666369812024641
pb_nbv_d70,Corner,3,1,0.7703845277145711,0.6334766666666667,0.6334766666666667,0.8317302075625997,0.7119333333333333,0.005730251270430169,-0.4,0.10130065757297665,0.0,0.35437160860165023
pb_nbv_d70,Corner,9,1,0.7335155005286674,0.5813133333333332,0.5813133333333332,0.7887841411470214,0.6512333333333333,0.006673478438683225,-0.9,0.1185153183943882,0.0,0.353836518402386
pb_nbv_d70,Corner,10,1,0.7444544214700088,0.59927,0.59927,0.877623554940327,0.7819333333333334,0.004548965097767009,-0.2,0.11780228820951506,0.2,0.32178899399732475
pb_nbv_d70,Corner,5,1,0.7852330990104626,0.6795800000000001,0.6795800000000001,0.9886390452752588,0.9775333333333334,0.002710673344983856,-0.3,0.05549707494261373,0.4,0.38859624519827773
pb_nbv_d70,Corner,11,1,0.7631020478426315,0.6257566666666666,0.6257566666666666,0.8587297662298138,0.7524333333333333,0.005008884536603472,-0.6,0.11648287777438242,0.2,0.32621774779836415
pb_nbv_d70,Corner,0,1,0.627227283662873,0.4580633333333333,0.4580633333333333,0.6687965921192758,0.5024,0.010682799699029442,-0.7,0.1983370150795833,0.0,0.33158660280314506
pb_nbv_d70,L_Shaped,8,1,0.8793393677908071,0.80144,0.80144,0.9499658738909014,0.9047,0.002737786631193881,0.125,0.01558442608602868,0.4,0.3669185088030645
pb_nbv_d70,L_Shaped,13,1,0.8190905304575737,0.7096300000000001,0.7096300000000001,0.98287845397525,0.9663333333333334,0.0023086084739680902,0.25,0.04569346120884103,0.4,0.375138163601514
pb_nbv_d70,L_Shaped,4,1,0.7864601432054121,0.6538233333333333,0.6538233333333333,0.8778754441743033,0.7823333333333333,0.004376173243064698,-0.25,0.0949238765159566,0.0,0.33933757259801495
pb_nbv_d70,L_Shaped,1,1,0.7008833206509727,0.54024,0.54024,0.7291904943448977,0.5738,0.008660582503816424,-0.9,0.16067750367685174,0.0,0.31880087400204504
pb_nbv_d70,L_Shaped,12,1,0.8964890116621879,0.8307133333333333,0.8307133333333333,0.9938288167426885,0.9877333333333334,0.0021692771262657555,-0.25,0.011313531211688788,0.4,0.3505544337982428
pb_nbv_d70,L_Shaped,7,1,0.570466689350099,0.39930666666666664,0.39930666666666664,0.5959657415640942,0.42446666666666666,0.01366164025732694,-0.8,0.2501001639869016,0.0,0.30531415459845446
pb_nbv_d70,L_Shaped,14,1,0.908740925518478,0.84285,0.84285,0.998882084994911,0.9977666666666667,0.002106874691041671,0.0,0.03036915653883885,0.4,0.38542565980023935
pb_nbv_d70,L_Shaped,2,1,0.7898629296349278,0.6675833333333333,0.6675833333333333,0.9087536147536511,0.8327666666666667,0.003767202242727171,-0.25,0.04577146516888355,0.4,0.3706345103986678
pb_nbv_d70,L_Shaped,6,1,0.9257889090314094,0.8841300000000001,0.8841300000000001,0.9999666655555185,0.9999333333333333,0.0020550639875939426,0.42679491924311225,6.666888896300626e-06,0.8,0.40562817419995556
pb_nbv_d70,L_Shaped,3,1,0.8665834308913263,0.7910633333333333,0.7910633333333333,1.0,1.0,0.0019671269784682075,0.7165063509461097,0.030038203179181867,0.8,0.3682721869990928
pb_nbv_d70,L_Shaped,9,1,0.8046147918892768,0.6862433333333333,0.6862433333333333,0.9014811695563815,0.8206333333333333,0.003912657614571331,-0.2,0.07170740948994606,0.4,0.38350581640115705
pb_nbv_d70,L_Shaped,10,1,0.5935365600183342,0.4240366666666667,0.4240366666666667,0.7425864995703837,0.5905666666666667,0.008306742035096433,-0.7,0.2044576176501319,0.0,0.28677431440301004
pb_nbv_d70,L_Shaped,5,1,0.7331796569065807,0.59119,0.59119,0.8878385141522549,0.7983,0.0040003553530307615,-0.375,0.09988189304844028,0.2,0.37796683800115716
pb_nbv_d70,L_Shaped,11,1,0.6533848701523313,0.4854033333333333,0.4854033333333333,0.6690623544286951,0.5027,0.011351384530328464,-1.0,0.20473891056201293,0.0,0.33776103539858016
pb_nbv_d70,L_Shaped,0,1,0.8670781785312744,0.7844800000000001,0.7844800000000001,0.9845138359989846,0.9695,0.002293544280768447,0.2,0.027396735330072565,0.6,0.38061182759993245
pb_nbv_d70,Cylinder,8,1,0.7910386043945092,0.6862133333333332,0.6862133333333332,0.9814971991172976,0.9636666666666667,0.0022690671546137546,-0.125,0.06318246240066719,0.4,0.3547594528019545
pb_nbv_d70,Cylinder,13,1,0.7244748694417924,0.5900166666666667,0.5900166666666667,0.9622967831200276,0.9273333333333333,0.0026388187933622173,-0.1,0.10445811782102317,0.4,0.3387347121999483
pb_nbv_d70,Cylinder,4,1,0.86085622152359,0.7717366666666665,0.7717366666666665,0.9640883977900552,0.9306666666666666,0.002596663369971284,-0.1,0.032698491058605984,0.2,0.3536613566015149
pb_nbv_d70,Cylinder,1,1,0.7065372055773257,0.5489133333333334,0.5489133333333334,0.7673343605546996,0.6225,0.007181367926829962,-0.7,0.13634240957680638,0.0,0.3536946178021026
pb_nbv_d70,Cylinder,12,1,0.7143085493044448,0.5691533333333334,0.5691533333333334,0.9171043369971303,0.8469,0.003321094244543714,-0.3,0.12916708460397056,0.2,0.3590060558010009
pb_nbv_d70,Cylinder,7,1,0.6945307593472075,0.53657,0.53657,0.870354332191136,0.7704666666666666,0.00441257220071755,-0.4,0.13498420552761825,0.0,0.3574912958007189
pb_nbv_d70,Cylinder,14,1,0.7357206603084506,0.5923766666666668,0.5923766666666668,0.953737771810208,0.9115666666666666,0.0026748781132032115,-0.1,0.10454805731772385,0.2,0.3561298025975702
pb_nbv_d70,Cylinder,2,1,0.6679127590653,0.5025666666666666,0.5025666666666666,0.7462649142236245,0.5952333333333333,0.008157473880401373,-0.8,0.1709755095916007,0.0,0.34874297640053553
pb_nbv_d70,Cylinder,6,1,0.7294044545081484,0.5778166666666668,0.5778166666666668,0.7825910520442325,0.6428333333333334,0.006819945178185963,-0.7,0.10967756420469119,0.0,0.3650570840007276
pb_nbv_d70,Cylinder,3,1,0.7425895281540249,0.6117766666666667,0.6117766666666667,0.9637305699481865,0.93,0.0025558110228996616,0.0,0.10718944932493131,0.2,0.34585443859541554
pb_nbv_d70,Cylinder,9,1,0.7296655783817204,0.5791833333333334,0.5791833333333334,0.8057562548516152,0.6747,0.006140982198326829,-0.7,0.11452596529793632,0.0,0.3819051382015459
pb_nbv_d70,Cylinder,10,1,0.6582159113341877,0.49097999999999997,0.49097999999999997,0.6803906043811031,0.5156,0.010739050327447515,-0.9,0.18269292331116102,0.0,0.3552392850018805
pb_nbv_d70,Cylinder,5,1,0.6433504720316235,0.47598,0.47598,0.7188247352237787,0.5610666666666667,0.009257718807160338,-0.6,0.15271467844348816,0.0,0.39859990299737547
pb_nbv_d70,Cylinder,11,1,0.8960940010776397,0.82348,0.82348,0.9585683786645375,0.9204333333333333,0.002658657554299884,-0.125,0.044338758814626456,0.2,0.35407934719987677
pb_nbv_d70,Cylinder,0,1,0.5540363839222081,0.38350333333333336,0.38350333333333336,0.5806543183592364,0.4091,0.012413707561606374,-0.9,0.2620243326747104,0.0,0.3276488320014323
pb_nbv_d70,Cross,8,1,0.6338001404895648,0.4659,0.4659,0.6652132321861582,0.4983666666666667,0.008461661073529948,-0.7,0.16309986534050597,0.0,0.3130357660003938
pb_nbv_d70,Cross,13,1,0.6981856157003324,0.5398999999999999,0.5398999999999999,0.7413467589679044,0.589,0.007698271087038113,-0.8,0.1260839910142271,0.0,0.3427968117975979
pb_nbv_d70,Cross,4,1,0.6900241035215859,0.5278666666666666,0.5278666666666666,0.7312328187777543,0.5763333333333334,0.007888012851872753,-0.3,0.1265366530662853,0.0,0.3503423930000281
pb_nbv_d70,Cross,1,1,0.7272020356118596,0.5854733333333333,0.5854733333333333,0.8539119804400978,0.7450666666666667,0.004568217169908199,-0.4,0.12590350263324265,0.2,0.32343611659889576
pb_nbv_d70,Cross,12,1,0.7227842211353498,0.5768933333333333,0.5768933333333333,0.9187435800400066,0.8497,0.0033471729771093624,-0.4,0.11964482239722599,0.2,0.3590382808004506
pb_nbv_d70,Cross,7,1,0.711584651169239,0.5590766666666667,0.5590766666666667,0.8352454720167725,0.7171,0.004828713238784238,-0.7,0.12137867963928026,0.0,0.3216876086007687
pb_nbv_d70,Cross,14,1,0.9236032360422206,0.8773533333333333,0.8773533333333333,0.9939469139321585,0.9879666666666667,0.0022117538995093966,0.0,0.0015507958600123883,0.6,0.33880812400166177
pb_nbv_d70,Cross,2,1,0.9041689754335038,0.8411200000000001,0.8411200000000001,0.9716342445796554,0.9448333333333333,0.002459182259889824,-0.125,0.01055098505281984,0.4,0.35685615340335064
pb_nbv_d70,Cross,6,1,0.7297697269933094,0.5955999999999999,0.5955999999999999,0.9662301860785665,0.9346666666666666,0.002672833560194453,-0.1,0.10789602363526159,0.2,0.3498683331999928
pb_nbv_d70,Cross,3,1,0.6657145695761396,0.5037,0.5037,0.7841698919937587,0.6449666666666667,0.006559026066281984,-0.8,0.16560020866758435,0.0,0.36728977999737256
pb_nbv_d70,Cross,9,1,0.8538310159382382,0.7666566666666667,0.7666566666666667,0.9963366286947357,0.9927,0.0021696531616824796,0.0,0.028212555972596597,0.4,0.3679082231989014
pb_nbv_d70,Cross,10,1,0.6470951456151501,0.4804500000000001,0.4804500000000001,0.7245440244887548,0.5680666666666667,0.009081409871213161,-0.6,0.18320356877188684,0.0,0.3514704300003359
pb_nbv_d70,Cross,5,1,0.84187890401808,0.7389133333333334,0.7389133333333334,0.940734071288597,0.8881,0.002874642507537289,-0.5,0.05271560155265516,0.4,0.36721317599876785
pb_nbv_d70,Cross,11,1,0.7205685369771736,0.5729333333333333,0.5729333333333333,0.8720744430867563,0.7731666666666667,0.004359949159183617,-0.375,0.1349487750421109,0.2,0.3793185943999561
pb_nbv_d70,Cross,0,1,0.5879851141380354,0.4166833333333333,0.4166833333333333,0.6072423398328691,0.436,0.011970430769519872,-0.9,0.23521295773069612,0.0,0.34463836739741965
pb_nbv_d70,Bowl,8,1,0.6575654358718594,0.4899833333333333,0.4899833333333333,0.6655101087609261,0.4987,0.006284167891947912,-0.9,0.16124218341016358,0.0,0.3423908978002146
pb_nbv_d70,Bowl,13,1,0.762064443136859,0.6182066666666668,0.6182066666666668,0.8092639266506578,0.6796333333333333,0.004538690787631123,-0.6,0.07391912216002619,0.0,0.32499515139934376
pb_nbv_d70,Bowl,4,1,0.6802609067283407,0.5169066666666666,0.5169066666666666,0.7226976625367225,0.5658,0.005257766274623379,-0.5,0.13406839307974575,0.0,0.35385412920004455
pb_nbv_d70,Bowl,1,1,0.6591160315412548,0.4978166666666667,0.4978166666666667,0.8348609600745689,0.7165333333333334,0.004159367308535776,-0.75,0.13029712756724274,0.0,0.3595034739977564
pb_nbv_d70,Bowl,12,1,0.8465185661814048,0.7483066666666666,0.7483066666666666,0.9574464388107939,0.9183666666666667,0.002725237284235393,0.375,0.04346355535183342,0.4,0.33376500500162365
pb_nbv_d70,Bowl,7,1,0.7307544016450057,0.5815633333333333,0.5815633333333333,0.7873888439773645,0.6493333333333333,0.004739034549563965,-0.6,0.10690593916878777,0.0,0.3820101010016515
pb_nbv_d70,Bowl,14,1,0.8628072659160931,0.7723433333333334,0.7723433333333334,0.9627273355922827,0.9281333333333334,0.0026269016501699266,-0.3,0.032994145847691024,0.0,0.34562715599895455
pb_nbv_d70,Bowl,2,1,0.805474201110942,0.6804699999999999,0.6804699999999999,0.8579042543066526,0.7511666666666666,0.0039217969423218195,-0.75,0.054061854819381215,0.0,0.32037379720277387
pb_nbv_d70,Bowl,6,1,0.4928501014495124,0.32721999999999996,0.32721999999999996,0.5119047619047619,0.344,0.012603646870716204,-0.7,0.25270012400566055,0.0,0.31528437820088584
pb_nbv_d70,Bowl,3,1,0.48352978049804607,0.3207733333333333,0.3207733333333333,0.5476023335189175,0.37703333333333333,0.00964707017105657,-0.6,0.2581140211691479,0.0,0.3323234476018115
pb_nbv_d70,Bowl,9,1,0.6345992859221095,0.46515000000000006,0.46515000000000006,0.68449901337426,0.5203333333333333,0.0056915923150348685,-0.8,0.1551836527902759,0.0,0.35576046960341046
pb_nbv_d70,Bowl,10,1,0.43380478281964246,0.27713,0.27713,0.45137311583729095,0.29146666666666665,0.016613999409777622,-0.6,0.3013377202207986,0.0,0.30303589880059006
pb_nbv_d70,Bowl,5,1,0.7353542398178781,0.5913133333333334,0.5913133333333334,0.8400641831152009,0.7242333333333333,0.004013072340437933,-0.6,0.10499775246326648,0.2,0.3463502374026575
pb_nbv_d70,Bowl,11,1,0.5644308704308372,0.39332666666666666,0.39332666666666666,0.5800496982605609,0.4085,0.010055813237808025,-0.9,0.22603568523198928,0.0,0.3452662131996476
pb_nbv_d70,Bowl,0,1,0.8500107031340726,0.77051,0.77051,0.9871195367760015,0.9745666666666667,0.0024448655754024085,-0.1,0.02444718646977797,0.4,0.3138862059990061
pb_nbv_d70,Cube,8,1,0.8872888265210432,0.8155133333333333,0.8155133333333333,0.9800601764495894,0.9609,0.0023614357504406344,-0.16666666666666666,0.03307848438399872,0.2,0.3464269074000185
pb_nbv_d70,Cube,13,1,0.6186195137836333,0.44933666666666666,0.44933666666666666,0.7362567926197396,0.5826,0.008688358489814477,-0.9,0.20212710100592818,0.0,0.31008699179801624
pb_nbv_d70,Cube,4,1,0.8204869659145076,0.6995266666666667,0.6995266666666667,0.9263474339703672,0.8628,0.0035257583278507022,-0.2,0.05853889371068917,0.2,0.33405510819866324
pb_nbv_d70,Cube,1,1,0.9464948103779667,0.9127366666666668,0.9127366666666668,1.0,1.0,0.0020459805634178273,0.788675134594813,0.00033723434447987535,0.4,0.37253783660125916
pb_nbv_d70,Cube,12,1,0.893569947096038,0.8272433333333333,0.8272433333333333,1.0,1.0,0.0020183544815489387,0.3333333333333333,0.02425457767705259,0.6,0.39492238520033424
pb_nbv_d70,Cube,7,1,0.7454037909385776,0.6014366666666667,0.6014366666666667,0.9288392187667369,0.8671333333333333,0.0034118775536347524,-0.6,0.11813878283201644,0.2,0.3212748864025343
pb_nbv_d70,Cube,14,1,0.8485997518978501,0.7430800000000001,0.7430800000000001,0.897443907458792,0.8139666666666666,0.003919659210831485,-0.5,0.05397187837533324,0.2,0.3292508186030318
pb_nbv_d70,Cube,2,1,0.6101943154870948,0.4410633333333333,0.4410633333333333,0.7261957837080442,0.5701,0.00929006497790228,-0.7,0.2067623753512331,0.0,0.308399828398251
pb_nbv_d70,Cube,6,1,0.9077715885539046,0.8473733333333333,0.8473733333333333,0.99964987745711,0.9993,0.0021058341585379857,0.2,0.008311911587107734,0.4,0.35573109040124107
pb_nbv_d70,Cube,3,1,0.6948264391492307,0.5330666666666668,0.5330666666666668,0.7185784763898084,0.5607666666666666,0.009701199383080318,-0.6,0.16837443206539504,0.0,0.3113720852008555
pb_nbv_d70,Cube,9,1,0.8258602403942629,0.7133100000000001,0.7133100000000001,0.9121763724708101,0.8385333333333334,0.0034558066954516724,-0.6,0.07505732173676086,0.0,0.3333505930000683
pb_nbv_d70,Cube,10,1,0.6991944392977272,0.53811,0.53811,0.7218541635600622,0.5647666666666666,0.00958900243835268,-0.9,0.13849955020277968,0.0,0.3191774074017303
pb_nbv_d70,Cube,5,1,0.7517659298455037,0.6212833333333334,0.6212833333333334,0.8477271417871752,0.7357,0.005098771232820431,-0.5,0.08062977508462872,0.2,0.3368840411989368
pb_nbv_d70,Cube,11,1,0.7760116761373006,0.6424966666666667,0.6424966666666667,0.9303478152354127,0.8697666666666667,0.0032755162050967313,-0.3,0.11958793131617733,0.2,0.34091449639818167
pb_nbv_d70,Cube,0,1,0.7140860615744745,0.5852366666666666,0.5852366666666666,0.9056885954513122,0.8276333333333333,0.00324562694285382,-0.3,0.11467726006247363,0.2,0.3399132740029017
pb_nbv_d70,Thin_Irregular,8,1,0.9345757509404091,0.8950166666666666,0.8950166666666666,0.9982803813212682,0.9965666666666667,0.002218371058542143,0.125,0.0006468187568842154,0.4,0.8111138362000929
pb_nbv_d70,Thin_Irregular,13,1,0.6970012490686158,0.5354333333333334,0.5354333333333334,0.717263495456975,0.5591666666666667,0.009655457630440316,-0.7,0.1512367180144169,0.0,0.48510446480067915
pb_nbv_d70,Thin_Irregular,4,1,0.8077338022552027,0.6936133333333332,0.6936133333333332,0.9298708710851109,0.8689333333333333,0.003551640901077214,0.125,0.08589129687116052,0.2,0.7650079077997362
pb_nbv_d70,Thin_Irregular,1,1,0.9303854242778644,0.8872266666666666,0.8872266666666666,0.9935587761674718,0.9872,0.0021900968118146015,0.375,0.0017692960834813753,0.4,1.1401803844011738
pb_nbv_d70,Thin_Irregular,12,1,0.8270364427611534,0.7141500000000001,0.7141500000000001,0.9326882026469332,0.8738666666666667,0.00343688429094732,0.125,0.07209343815069633,0.2,0.7874795588024426
pb_nbv_d70,Thin_Irregular,7,1,0.9094406431368627,0.8585833333333334,0.8585833333333334,0.993744444630788,0.9875666666666667,0.0023409381559950813,0.0,0.0018266036075836433,0.4,0.8193603144012741
pb_nbv_d70,Thin_Irregular,14,1,0.5466040469788734,0.3774266666666667,0.3774266666666667,0.5907222548443922,0.4191666666666667,0.017282688622392156,-0.8,0.2111423045906265,0.0,0.3985419090007781
pb_nbv_d70,Thin_Irregular,2,1,0.643580712481626,0.48029666666666665,0.48029666666666665,0.8579042543066526,0.7511666666666666,0.0053055729830383,-0.4,0.16360088430291958,0.2,0.4673056780011393
pb_nbv_d70,Thin_Irregular,6,1,0.7891038037756519,0.6768133333333333,0.6768133333333333,0.9967394030599448,0.9935,0.0022510393393664428,0.1,0.07095465487538259,0.4,0.7868922125984682
pb_nbv_d70,Thin_Irregular,3,1,0.7103987107740073,0.56155,0.56155,0.8173611384870108,0.6911333333333334,0.00575442057628813,-0.4,0.12223794291912175,0.2,0.49916831939917755
pb_nbv_d70,Thin_Irregular,9,1,0.6215215471737052,0.4600099999999999,0.4600099999999999,0.7973541791942274,0.663,0.007538566165070591,-0.8,0.15939861371027395,0.0,0.4217689078010153
pb_nbv_d70,Thin_Irregular,10,1,0.7124342475863003,0.56697,0.56697,0.8750984288874724,0.7779333333333334,0.00407454282191913,-0.3,0.12292665365960502,0.2,0.769861891400069
pb_nbv_d70,Thin_Irregular,5,1,0.8812709579795632,0.8111499999999999,0.8111499999999999,0.9998499774966245,0.9997,0.0020924209676184587,0.5,0.006776446442115169,0.6,0.8052208459979738
pb_nbv_d70,Thin_Irregular,11,1,0.6564416969773815,0.4895033333333333,0.4895033333333333,0.6865148861646234,0.5226666666666666,0.012754914366130465,-1.0,0.16690556824704822,0.0,0.7161624930013204
pb_nbv_d70,Thin_Irregular,0,1,0.6966702680785433,0.5455233333333334,0.5455233333333334,0.898375103277334,0.8155,0.004653215422445499,-0.3,0.13726515074716475,0.2,0.43053548359603155
pb_nbv_d50_no_partition,green_Pepper,8,1,0.614611869849371,0.4443633333333333,0.4443633333333333,0.6499864998649986,0.48146666666666665,0.010742481394749277,-1.0,0.19126151997758029,0.0,0.31807416280062173
pb_nbv_d50_no_partition,green_Pepper,13,1,0.5789911026298483,0.4077966666666667,0.4077966666666667,0.6051701692393529,0.4338666666666667,0.01185260435425137,-0.9,0.22676815549356485,0.0,0.29182882539753335
pb_nbv_d50_no_partition,green_Pepper,4,1,0.7160682175240526,0.5631566666666667,0.5631566666666667,0.8303409556114393,0.7099,0.00511747036787135,-0.7,0.11156964104648848,0.0,0.29967155899939824
pb_nbv_d50_no_partition,green_Pepper,1,1,0.66627283019844,0.4999533333333333,0.4999533333333333,0.6878075451066157,0.5241666666666667,0.010553140131725626,-1.0,0.1856078048296996,0.0,0.3195397637973656
pb_nbv_d50_no_partition,green_Pepper,12,1,0.7368388859283852,0.5878099999999999,0.5878099999999999,0.7924406786483387,0.6562333333333333,0.006585618203782178,-0.6,0.11286641291610391,0.0,0.2912059291978949
pb_nbv_d50_no_partition,green_Pepper,7,1,0.6531918954731448,0.4852833333333333,0.4852833333333333,0.6732414921610685,0.5074333333333333,0.010965275696489554,-0.9,0.18427885861464974,0.0,0.29158813420217483
pb_nbv_d50_no_partition,green_Pepper,14,1,0.8713554369969071,0.7841433333333333,0.7841433333333333,0.9533910131174993,0.9109333333333334,0.0026255878655226353,-0.1,0.03637945058025227,0.4,0.3249849125975743
pb_nbv_d50_no_partition,green_Pepper,2,1,0.6484793554719458,0.48066333333333333,0.48066333333333333,0.6852484880357613,0.5212,0.009325081266610403,-1.0,0.18895884511510774,0.0,0.29645713940117274
pb_nbv_d50_no_partition,green_Pepper,6,1,0.7278274156932375,0.5754933333333334,0.5754933333333334,0.7947450885862359,0.6594,0.005874668267691687,-0.7,0.12158400539952834,0.0,0.3036566421986208
pb_nbv_d50_no_partition,green_Pepper,3,1,0.9142691426897006,0.86241,0.86241,0.9890820865345734,0.9784,0.002276315709797876,0.2,0.003311808303428032,0.6,0.34617177700129104
pb_nbv_d50_no_partition,green_Pepper,9,1,0.6517013633303834,0.48414999999999997,0.48414999999999997,0.6889257931998951,0.5254666666666666,0.009572994249426443,-0.8,0.18117511983371634,0.0,0.27076841200032503
pb_nbv_d50_no_partition,green_Pepper,10,1,0.7166013451680863,0.5615966666666666,0.5615966666666666,0.7915164454470383,0.6549666666666667,0.005537885883995472,-0.7,0.13857772605932456,0.0,0.2926004716020543
pb_nbv_d50_no_partition,green_Pepper,5,1,0.6521147462675856,0.4871666666666667,0.4871666666666667,0.7580982344296566,0.6104333333333334,0.00642416840899098,-0.7,0.15907712646868924,0.0,0.3288200647992198
pb_nbv_d50_no_partition,green_Pepper,11,1,0.7324975527191239,0.5792599999999999,0.5792599999999999,0.7648475616032279,0.6192333333333333,0.0070335063132917364,-0.7,0.13226904931903918,0.0,0.3020041610026965
pb_nbv_d50_no_partition,green_Pepper,0,1,0.6393134603573722,0.47030000000000005,0.47030000000000005,0.6701243433738946,0.5039,0.00939829326352201,-0.9,0.20898449430488633,0.0,0.28353198760160014
pb_nbv_d50_no_partition,Corner,8,1,0.6875332568311785,0.5330866666666666,0.5330866666666666,0.8248888540707808,0.7019666666666666,0.005515653901334938,-0.7,0.1318961546749656,0.0,0.32685808060196
pb_nbv_d50_no_partition,Corner,13,1,0.6444565353200356,0.4757933333333333,0.4757933333333333,0.6667259232922981,0.5000666666666667,0.007924549701044508,-0.9,0.2000124849818045,0.0,0.3162887605998549
pb_nbv_d50_no_partition,Corner,4,1,0.8874146260299893,0.8055300000000001,0.8055300000000001,0.9247889898392558,0.8601,0.003725579971720224,-0.5,0.033730287170850005,0.2,0.345011791397701
pb_nbv_d50_no_partition,Corner,1,1,0.7032032034864243,0.5430266666666667,0.5430266666666667,0.7295134036335917,0.5742,0.006491094764982351,-0.9,0.15266842663275298,0.0,0.34802663340233264
pb_nbv_d50_no_partition,Corner,12,1,0.7316050637311431,0.5843066666666666,0.5843066666666666,0.8702054343118609,0.7702333333333333,0.004540983671976924,-0.8,0.09799878007921181,0.0,0.3272792659990955
pb_nbv_d50_no_partition,Corner,7,1,0.7368117623192931,0.58414,0.58414,0.7684981835348208,0.6240333333333333,0.007430045944337903,-0.7,0.15075675827680352,0.0,0.2850529277988244
pb_nbv_d50_no_partition,Corner,14,1,0.7570664369351878,0.6147566666666666,0.6147566666666666,0.8312978437445218,0.7113,0.004718261420938658,-0.6,0.08344657963369548,0.0,0.32391915660118686
pb_nbv_d50_no_partition,Corner,2,1,0.6311753860820527,0.46168,0.46168,0.6673478000133265,0.5007666666666667,0.007505955537482794,-0.9,0.2075645428684468,0.0,0.2870458182020229
pb_nbv_d50_no_partition,Corner,6,1,0.7259672117162713,0.5700733333333333,0.5700733333333333,0.7419537458327218,0.5897666666666667,0.006473050610849103,-0.9,0.13914248599534504,0.0,0.3104717397975037
pb_nbv_d50_no_partition,Corner,3,1,0.685013870116013,0.5216766666666667,0.5216766666666667,0.7122805511439242,0.5531333333333334,0.008672234632439034,-0.8,0.1840939112793789,0.0,0.3070802829985041
pb_nbv_d50_no_partition,Corner,9,1,0.7253963457606567,0.57179,0.57179,0.814978669616053,0.6877333333333333,0.005092657685603935,-0.7,0.14107354204564201,0.0,0.3050303490002989
pb_nbv_d50_no_partition,Corner,10,1,0.8008553588352761,0.6874666666666667,0.6874666666666667,0.982032880337965,0.9647,0.002703065825747416,-0.6,0.08212822518815846,0.2,0.34141667539952325
pb_nbv_d50_no_partition,Corner,5,1,0.712659970292645,0.5570666666666667,0.5570666666666667,0.7650763594451077,0.6195333333333334,0.005335925867912365,-0.7,0.09225847359273946,0.0,0.3276511739997659
pb_nbv_d50_no_partition,Corner,11,1,0.6960024304486341,0.53458,0.53458,0.7265472450972069,0.5705333333333333,0.008492562883661604,-0.9,0.17089173955872447,0.0,0.3317876206012443
pb_nbv_d50_no_partition,Corner,0,1,0.627227283662873,0.4580633333333333,0.4580633333333333,0.6687965921192758,0.5024,0.010682799699029442,-0.9,0.1983370150795833,0.0,0.3137795160000678
pb_nbv_d50_no_partition,L_Shaped,8,1,0.6679382405015543,0.5025166666666666,0.5025166666666666,0.7123358228174093,0.5532,0.00843769104703934,-0.8,0.15584912173018733,0.0,0.3048397877952084
pb_nbv_d50_no_partition,L_Shaped,13,1,0.7137632671555225,0.5561566666666666,0.5561566666666666,0.7468671679197995,0.596,0.008254245371990787,-0.7,0.13934567174091403,0.0,0.3170103292024578
pb_nbv_d50_no_partition,L_Shaped,4,1,0.776211903119388,0.6384666666666666,0.6384666666666666,0.8285597141685703,0.7073,0.005252355660451178,-0.6,0.09720553594265971,0.0,0.3129383584004245
pb_nbv_d50_no_partition,L_Shaped,1,1,0.7064231295400255,0.5474133333333333,0.5474133333333333,0.7845885832354251,0.6455333333333333,0.006908757887871657,-0.8,0.14959788589874626,0.0,0.2884095647998038
pb_nbv_d50_no_partition,L_Shaped,12,1,0.7817586045294271,0.6436499999999998,0.6436499999999998,0.8121399299162558,0.6837,0.005672399458148661,-0.6,0.10272920514228152,0.0,0.31746882620063843
pb_nbv_d50_no_partition,L_Shaped,7,1,0.570466689350099,0.39930666666666664,0.39930666666666664,0.5959657415640942,0.42446666666666666,0.01366164025732694,-1.0,0.2501001639869016,0.0,0.25880676960223353
pb_nbv_d50_no_partition,L_Shaped,14,1,0.8831268806824097,0.7961933333333333,0.7961933333333333,0.9204749910039582,0.8526666666666667,0.0031103476804839447,-0.4,0.044221435013087285,0.2,0.3277960115970927
pb_nbv_d50_no_partition,L_Shaped,2,1,0.6196933626395718,0.44950333333333325,0.44950333333333325,0.6509274873524452,0.4825,0.010454266642912295,-1.0,0.2183645055747903,0.0,0.33410793659713817
pb_nbv_d50_no_partition,L_Shaped,6,1,0.6295839709289514,0.45955,0.45955,0.6435773386987386,0.47446666666666665,0.011892881237931046,-0.8,0.21205789524486227,0.0,0.30331316000083464
pb_nbv_d50_no_partition,L_Shaped,3,1,0.6038817534123154,0.4327933333333333,0.4327933333333333,0.6238216472854882,0.4533,0.01285004947305642,-0.9,0.21326677475532546,0.0,0.27504933239979434
pb_nbv_d50_no_partition,L_Shaped,9,1,0.7874726201927821,0.6589133333333334,0.6589133333333334,0.8716714307206258,0.7725333333333333,0.004323681263778942,-0.2,0.07100003837351568,0.2,0.32846751119941475
pb_nbv_d50_no_partition,L_Shaped,10,1,0.5782076570753089,0.40675333333333336,0.40675333333333336,0.5892974701401298,0.41773333333333335,0.014389253113728597,-1.0,0.2351154235361827,0.0,0.2458565446009743
pb_nbv_d50_no_partition,L_Shaped,5,1,0.5777698925682738,0.40670666666666666,0.40670666666666666,0.6113682651360859,0.44026666666666664,0.013324670118284646,-0.9,0.2262972431073052,0.0,0.3088382324000122
pb_nbv_d50_no_partition,L_Shaped,11,1,0.6948139169931342,0.5370433333333333,0.5370433333333333,0.8682021390979571,0.7671,0.00415939877479999,-0.4,0.13124123726401948,0.2,0.32166537639714077
pb_nbv_d50_no_partition,L_Shaped,0,1,0.6532875286624205,0.4865933333333333,0.4865933333333333,0.7007643836209697,0.5393666666666667,0.008766820176674812,-0.9,0.19223176166248218,0.0,0.295076015999075
pb_nbv_d50_no_partition,Cylinder,8,1,0.6548062804316205,0.4907033333333334,0.4907033333333334,0.7440604525568836,0.5924333333333334,0.0075734339374896945,-0.7,0.1355278884683917,0.0,0.33354805860144554
pb_nbv_d50_no_partition,Cylinder,13,1,0.5508882691823258,0.38049666666666665,0.38049666666666665,0.5811577752553917,0.4096,0.011286642385722401,-0.9,0.25898392471159254,0.0,0.2767743046017131
pb_nbv_d50_no_partition,Cylinder,4,1,0.6717393623131066,0.5070766666666666,0.5070766666666666,0.7782529016493586,0.637,0.005610640906654719,-0.8,0.16300980155417372,0.0,0.2860578620020533
pb_nbv_d50_no_partition,Cylinder,1,1,0.6801439102480347,0.5162633333333334,0.5162633333333334,0.7341772151898733,0.58,0.008495374308281524,-0.8,0.1776514292910884,0.0,0.3395396653999342
pb_nbv_d50_no_partition,Cylinder,12,1,0.6912273322814336,0.5341866666666666,0.5341866666666666,0.8327529521623251,0.7134333333333334,0.004801093721241703,-0.7,0.1441567234458318,0.0,0.3122928456010413
pb_nbv_d50_no_partition,Cylinder,7,1,0.7231647459130167,0.5683400000000001,0.5683400000000001,0.770567383152675,0.6267666666666667,0.0071376524494888745,-0.5,0.12474923505103244,0.0,0.3205481601995416
pb_nbv_d50_no_partition,Cylinder,14,1,0.930105821541356,0.8890866666666666,0.8890866666666666,1.0,1.0,0.0019457642824890894,0.125,0.00023371499147251118,0.8,0.3657314680007403
pb_nbv_d50_no_partition,Cylinder,2,1,0.6620239618017649,0.49540999999999996,0.49540999999999996,0.6873769415882738,0.5236666666666666,0.010541251468976425,-1.0,0.18275310411867085,0.0,0.30644822180329356
pb_nbv_d50_no_partition,Cylinder,6,1,0.6564852766208613,0.48889999999999995,0.48889999999999995,0.6774819255863164,0.5122666666666666,0.010810522652266487,-1.0,0.1897100338197283,0.0,0.3174200105975615
pb_nbv_d50_no_partition,Cylinder,3,1,0.6264221590563273,0.4564233333333333,0.4564233333333333,0.650290187609664,0.4818,0.011026512639590376,-0.9,0.21161768334896128,0.0,0.29559328580071453
pb_nbv_d50_no_partition,Cylinder,9,1,0.6742463301911894,0.5088566666666667,0.5088566666666667,0.6943181076317108,0.5317666666666667,0.010070837561768336,-0.7,0.16859779888650456,0.0,0.35014874180196787
pb_nbv_d50_no_partition,Cylinder,10,1,0.740273733968454,0.59315,0.59315,0.8020365378855945,0.6695,0.006070148465814192,-0.6,0.1168869252679318,0.0,0.31188098459824687
pb_nbv_d50_no_partition,Cylinder,5,1,0.6943971497743278,0.5391999999999999,0.5391999999999999,0.789248526919041,0.6518666666666667,0.006238922545428547,-0.6,0.10850905442253571,0.0,0.3045104352015187
pb_nbv_d50_no_partition,Cylinder,11,1,0.9383214832295881,0.9020966666666667,0.9020966666666667,0.9994997498749374,0.999,0.0021664119145142907,0.6,0.0002769247296982469,0.6,0.3495333784012473
pb_nbv_d50_no_partition,Cylinder,0,1,0.5540363839222081,0.38350333333333336,0.38350333333333336,0.5806543183592364,0.4091,0.012413707561606374,-1.0,0.2620243326747104,0.0,0.32198520559904864
pb_nbv_d50_no_partition,Cross,8,1,0.5668407310110359,0.39846,0.39846,0.7318495973622471,0.5771,0.0076325824904685,-0.9,0.20081404449805568,0.0,0.2705782357996213
pb_nbv_d50_no_partition,Cross,13,1,0.575018727686337,0.4040100000000001,0.4040100000000001,0.6074039688986886,0.43616666666666665,0.012902349762424218,-1.0,0.2433532504497026,0.0,0.3072224872012157
pb_nbv_d50_no_partition,Cross,4,1,0.7314636054308377,0.5797166666666665,0.5797166666666665,0.7791726860235619,0.6382333333333333,0.007035555276727747,-0.6,0.11041168199168569,0.0,0.32796488399471857
pb_nbv_d50_no_partition,Cross,1,1,0.7255590617873866,0.5873533333333334,0.5873533333333334,0.9165372530607822,0.8459333333333333,0.003395297295563359,-0.5,0.11844662297949157,0.2,0.3139426730005653
pb_nbv_d50_no_partition,Cross,12,1,0.7227842211353498,0.5768933333333333,0.5768933333333333,0.9187435800400066,0.8497,0.0033471729771093624,-0.4,0.11964482239722599,0.2,0.3374147478010855
pb_nbv_d50_no_partition,Cross,7,1,0.7436386225954486,0.5995166666666666,0.5995166666666666,0.8521359836238067,0.7423666666666666,0.004529687773277392,-0.4,0.06916474284855392,0.2,0.29815779200143877
pb_nbv_d50_no_partition,Cross,14,1,0.6585461240843952,0.4911,0.4911,0.6742382393883819,0.5085666666666666,0.009835752293336513,-0.8,0.18020130013722485,0.0,0.35742835440178167
pb_nbv_d50_no_partition,Cross,2,1,0.7406980853866143,0.5925133333333333,0.5925133333333333,0.8021322046756773,0.6696333333333333,0.005500315872994217,-0.6,0.11045845627619788,0.0,0.34620412860240324
pb_nbv_d50_no_partition,Cross,6,1,0.6130223639900139,0.44218999999999997,0.44218999999999997,0.6381897001747656,0.46863333333333335,0.01120763895435678,-0.8,0.2140294822195524,0.0,0.2886609025998041
pb_nbv_d50_no_partition,Cross,3,1,0.7802495927651499,0.6487966666666666,0.6487966666666666,0.8709920216769532,0.7714666666666666,0.004027656060485229,-0.7,0.06592314845844445,0.0,0.3220712504000403
pb_nbv_d50_no_partition,Cross,9,1,0.661606541282064,0.49499666666666664,0.49499666666666664,0.7024502065266754,0.5413666666666667,0.008242715591411822,-0.9,0.17091498764953006,0.0,0.30400745480292246
pb_nbv_d50_no_partition,Cross,10,1,0.6224372589487617,0.4520799999999999,0.4520799999999999,0.6425032240548428,0.4733,0.011560882548832958,-1.0,0.2062975230948191,0.0,0.2957014028026606
pb_nbv_d50_no_partition,Cross,5,1,0.7544175388109057,0.6202733333333332,0.6202733333333332,0.8850692186193441,0.7938333333333333,0.00398137709419914,-0.6,0.09079156752497557,0.2,0.3539301697994233
pb_nbv_d50_no_partition,Cross,11,1,0.6924921359582221,0.5324500000000001,0.5324500000000001,0.7818742894266689,0.6418666666666667,0.006799231836033915,-0.6,0.15021141206920852,0.0,0.32796174520044585
pb_nbv_d50_no_partition,Cross,0,1,0.6024221302067646,0.43329000000000006,0.43329000000000006,0.7516125005201615,0.6020666666666666,0.007324798870531018,-0.9,0.2063389255932376,0.0,0.307939633600472
pb_nbv_d50_no_partition,Bowl,8,1,0.7511195805275802,0.6072466666666667,0.6072466666666667,0.8167547527017434,0.6902666666666667,0.004206094355920974,-0.7,0.07987482739014577,0.0,0.30823691620025784
pb_nbv_d50_no_partition,Bowl,13,1,0.7631808222201786,0.62592,0.62592,0.8562496425780134,0.7486333333333334,0.0037785517737673052,-0.4,0.09316945127625653,0.2,0.3362042617969564
pb_nbv_d50_no_partition,Bowl,4,1,0.764037026285146,0.6261033333333333,0.6261033333333333,0.8431504868408368,0.7288333333333333,0.0038670086578294696,-0.2,0.07852433324026258,0.0,0.3321042365976609
pb_nbv_d50_no_partition,Bowl,1,1,0.6514937167230229,0.4872766666666667,0.4872766666666667,0.7586378118922498,0.6111333333333333,0.004899184555233728,-0.7,0.14554175720370657,0.0,0.3751959432032891
pb_nbv_d50_no_partition,Bowl,12,1,0.6316460248739826,0.46182999999999996,0.46182999999999996,0.6516247921254887,0.4832666666666667,0.006287317202085334,-0.9,0.17837740681050873,0.0,0.3177214362003724
pb_nbv_d50_no_partition,Bowl,7,1,0.7745852350032042,0.64406,0.64406,0.8786513914067318,0.7835666666666666,0.0036519360983264036,-0.1,0.08050115447345715,0.4,0.34162120419787245
pb_nbv_d50_no_partition,Bowl,14,1,0.7492522015280548,0.6116633333333333,0.6116633333333333,0.8685222901108849,0.7676,0.0036624009857099656,-0.7,0.10870448698793597,0.2,0.3678634548035916
pb_nbv_d50_no_partition,Bowl,2,1,0.6636998225035218,0.49738333333333334,0.49738333333333334,0.7010456582451127,0.5397,0.005780011495027316,-0.7,0.13871983459095122,0.0,0.3082082232023822
pb_nbv_d50_no_partition,Bowl,6,1,0.4928501014495124,0.32721999999999996,0.32721999999999996,0.5119047619047619,0.344,0.012603646870716204,-0.8,0.25270012400566055,0.0,0.29129792079911565
pb_nbv_d50_no_partition,Bowl,3,1,0.4348601672306082,0.27790666666666664,0.27790666666666664,0.4447497343114129,0.28596666666666665,0.0172454789343187,-0.8,0.304061653930001,0.0,0.26682992599817223
pb_nbv_d50_no_partition,Bowl,9,1,0.8059602211471038,0.68517,0.68517,0.874085194220304,0.7763333333333333,0.0035420160594889453,-0.4,0.050499661625907265,0.2,0.3416991165970103
pb_nbv_d50_no_partition,Bowl,10,1,0.5417211064061349,0.3760866666666667,0.3760866666666667,0.6101137390256897,0.43896666666666667,0.009281025411629682,-0.6,0.21068331360950387,0.0,0.28929724600166085
pb_nbv_d50_no_partition,Bowl,5,1,0.6549201945344465,0.48736999999999997,0.48736999999999997,0.6782394149006478,0.5131333333333333,0.005908950824871308,-0.6,0.15431587456127382,0.0,0.3281784509978024
pb_nbv_d50_no_partition,Bowl,11,1,0.5644308704308372,0.39332666666666666,0.39332666666666666,0.5800496982605609,0.4085,0.010055813237808025,-0.9,0.22603568523198928,0.0,0.2965490727990982
pb_nbv_d50_no_partition,Bowl,0,1,0.5404531564516181,0.3703633333333333,0.3703633333333333,0.5548784893663142,0.3839666666666667,0.01145722841897083,-1.0,0.25343286559593947,0.0,0.31221392760489836
pb_nbv_d50_no_partition,Cube,8,1,0.6499923705968474,0.49078999999999995,0.49078999999999995,0.8261073720457035,0.7037333333333333,0.005152588660499948,-0.5,0.15733843370539236,0.2,0.2701621744025033
pb_nbv_d50_no_partition,Cube,13,1,0.7570099284489544,0.6146666666666667,0.6146666666666667,0.8204069595989384,0.6955,0.0055882085032109355,-0.7,0.09139655891131737,0.0,0.2726865810021991
pb_nbv_d50_no_partition,Cube,4,1,0.7184992934618889,0.5620499999999999,0.5620499999999999,0.8223979902259033,0.6983666666666667,0.004800125871023458,-0.9,0.1482029652247776,0.0,0.2784854373981943
pb_nbv_d50_no_partition,Cube,1,1,0.7134155681781277,0.5561066666666667,0.5561066666666667,0.82787317587763,0.7063,0.005455210810179804,-0.7,0.15014744646727327,0.0,0.2848059725991334
pb_nbv_d50_no_partition,Cube,12,1,0.7072939843978906,0.5476366666666668,0.5476366666666668,0.7293519695044473,0.574,0.009337259422483563,-0.4,0.11378872415151939,0.0,0.2976450910005951
pb_nbv_d50_no_partition,Cube,7,1,0.703445135646429,0.5429200000000001,0.5429200000000001,0.7220175083601355,0.5649666666666666,0.009569627368183793,-0.8,0.1649327716236106,0.0,0.2750384614002542
pb_nbv_d50_no_partition,Cube,14,1,0.7750243167771457,0.6382933333333334,0.6382933333333334,0.8433734939759037,0.7291666666666666,0.005151908983252569,-0.4,0.09565634494491775,0.2,0.2867102801974397
pb_nbv_d50_no_partition,Cube,2,1,0.602670519111074,0.4323066666666667,0.4323066666666667,0.6509578199478371,0.4825333333333333,0.010118018744669853,-0.9,0.22180996810327452,0.0,0.27728729100053895
pb_nbv_d50_no_partition,Cube,6,1,0.7995683100567245,0.6676333333333334,0.6676333333333334,0.820916933597972,0.6962333333333334,0.005624679405268465,-0.6,0.10005073985921924,0.0,0.2917543609961285
pb_nbv_d50_no_partition,Cube,3,1,0.6948264391492307,0.5330666666666668,0.5330666666666668,0.7185784763898084,0.5607666666666666,0.009701199383080318,-0.9,0.16837443206539504,0.0,0.26376075820007827
pb_nbv_d50_no_partition,Cube,9,1,0.787679908301849,0.6533166666666667,0.6533166666666667,0.838604777205683,0.7220666666666666,0.005277792381027727,-0.8,0.09593613282768551,0.0,0.29124976500024785
pb_nbv_d50_no_partition,Cube,10,1,0.7042540666186902,0.5439933333333333,0.5439933333333333,0.7161930845600821,0.5578666666666666,0.009673989008743542,-0.8,0.15602137418211337,0.0,0.28476020219968634
pb_nbv_d50_no_partition,Cube,5,1,0.5456909025270832,0.3762066666666667,0.3762066666666667,0.5826325238590192,0.4110666666666667,0.013958223898376651,-0.8,0.2195579835489391,0.0,0.2760756090006907
pb_nbv_d50_no_partition,Cube,11,1,0.7927455770116868,0.66227,0.66227,0.861372046683746,0.7565,0.0045032069602067544,-0.7,0.09484348578215578,0.0,0.28473819039645604
pb_nbv_d50_no_partition,Cube,0,1,0.4767518951525049,0.31357,0.31357,0.5139318885448917,0.3458333333333333,0.015164196720631176,-0.8,0.3072951426191124,0.0,0.23455442580016098
pb_nbv_d50_no_partition,Thin_Irregular,8,1,0.765552984460886,0.62749,0.62749,0.8460872742658231,0.7332333333333333,0.005489571393786134,-0.2,0.10793219793144045,0.0,0.42808848680142547
pb_nbv_d50_no_partition,Thin_Irregular,13,1,0.76864428903752,0.6332933333333334,0.6332933333333334,0.8876323254046238,0.7979666666666667,0.004659796022985779,-0.4,0.07382937232365491,0.2,0.4548239042007481
pb_nbv_d50_no_partition,Thin_Irregular,4,1,0.7561802811447235,0.6136533333333334,0.6136533333333334,0.8211254322540081,0.6965333333333333,0.006385669036030968,-0.5,0.1150319383932696,0.0,0.4417286724012229
pb_nbv_d50_no_partition,Thin_Irregular,1,1,0.6707038903988418,0.5049766666666666,0.5049766666666666,0.6928958891575714,0.5301,0.012463156632155194,-1.0,0.1733785023031086,0.0,0.4092326034005964
pb_nbv_d50_no_partition,Thin_Irregular,12,1,0.7079269560952183,0.5525833333333333,0.5525833333333333,0.8493844206650558,0.7382,0.0054259697843030705,-0.6,0.11019273873149824,0.2,0.4115622046025237
pb_nbv_d50_no_partition,Thin_Irregular,7,1,0.6542775880564322,0.4896033333333333,0.4896033333333333,0.8217042084798021,0.6973666666666667,0.006525352713841726,-0.5,0.1608779502837045,0.2,0.3846365666031488
pb_nbv_d50_no_partition,Thin_Irregular,14,1,0.5466040469788734,0.3774266666666667,0.3774266666666667,0.5907222548443922,0.4191666666666667,0.017282688622392156,-0.9,0.2111423045906265,0.0,0.3720025002010516
pb_nbv_d50_no_partition,Thin_Irregular,2,1,0.6238288232987002,0.4544766666666667,0.4544766666666667,0.660385362477394,0.49296666666666666,0.013198471124765139,-0.7,0.2031046626687713,0.0,0.4073449954012176
pb_nbv_d50_no_partition,Thin_Irregular,6,1,0.6480075405497753,0.4801066666666666,0.4801066666666666,0.6881518245621706,0.5245666666666666,0.012397824647225008,-0.9,0.17596736358923531,0.0,0.41019882579857947
pb_nbv_d50_no_partition,Thin_Irregular,3,1,0.7245566048230858,0.58255,0.58255,0.8641526578827805,0.7608,0.005087075482450335,-0.3,0.1160587969943292,0.2,0.4306107344018528
pb_nbv_d50_no_partition,Thin_Irregular,9,1,0.5602136171094718,0.38929333333333327,0.38929333333333327,0.5793772937137446,0.4078333333333333,0.018566609278616853,-0.9,0.22571821527203761,0.0,0.37698268739914054
pb_nbv_d50_no_partition,Thin_Irregular,10,1,0.6032778612503058,0.43202666666666667,0.43202666666666667,0.6150543591164047,0.4441,0.01642615996047141,-0.8,0.20688836858911613,0.0,0.40484042600000975
pb_nbv_d50_no_partition,Thin_Irregular,5,1,0.6523759656423722,0.48502333333333325,0.48502333333333325,0.6861985154043224,0.5223,0.01279346965799493,-0.9,0.16062095475595833,0.0,0.3808570317996782
pb_nbv_d50_no_partition,Thin_Irregular,11,1,0.6564416969773815,0.4895033333333333,0.4895033333333333,0.6865148861646234,0.5226666666666666,0.012754914366130465,-0.8,0.16690556824704822,0.0,0.4078929647948826
pb_nbv_d50_no_partition,Thin_Irregular,0,1,0.648858091555403,0.48174333333333336,0.48174333333333336,0.7238115495054771,0.5671666666666667,0.011518511382892343,-0.8,0.1761735103076822,0.0,0.400554327001737
pb_nbv_d30,green_Pepper,8,1,0.7271385899044669,0.5750866666666667,0.5750866666666667,0.7811071609954292,0.6408333333333334,0.005953232416538738,-0.6,0.10195507025682367,0.0,0.2949123110010987
pb_nbv_d30,green_Pepper,13,1,0.6687643582445781,0.5097533333333333,0.5097533333333333,0.8560751939905816,0.7483666666666666,0.005165704435202061,-0.5,0.12555007340153124,0.2,0.24635022039728938
pb_nbv_d30,green_Pepper,4,1,0.7161138031601727,0.5632233333333334,0.5632233333333334,0.8307968119726405,0.7105666666666667,0.005382061881328748,-0.5,0.11147846977424822,0.2,1.247446949998266
pb_nbv_d30,green_Pepper,1,1,0.7215493354998579,0.5743633333333333,0.5743633333333333,0.8722652432147958,0.7734666666666666,0.0043338766694243774,-0.7,0.14085233152075355,0.2,1.4085626643980504
pb_nbv_d30,green_Pepper,12,1,0.7696752916483154,0.6353033333333334,0.6353033333333334,0.8932952135017984,0.8071666666666667,0.003555504513238785,-0.75,0.09426611520987335,0.2,0.2532700975978514
pb_nbv_d30,green_Pepper,7,1,0.6531918954731448,0.4852833333333333,0.4852833333333333,0.6732414921610685,0.5074333333333333,0.010965275696489554,-0.9,0.18427885861464974,0.0,1.262217651400715
pb_nbv_d30,green_Pepper,14,1,0.6926552206691404,0.5366899999999999,0.5366899999999999,0.8991633641567591,0.8168,0.004028137943328494,-0.75,0.14098857946986623,0.2,0.2616256436012918
pb_nbv_d30,green_Pepper,2,1,0.6998473390485904,0.54496,0.54496,0.8544590182713787,0.7459,0.004818008714494494,-0.7,0.11734934079995082,0.0,1.3309633030017722
pb_nbv_d30,green_Pepper,6,1,0.6149626203362281,0.44436,0.44436,0.6419194205522861,0.4726666666666667,0.012451067525983964,-0.8,0.22275371327356702,0.0,1.359097345401824
pb_nbv_d30,green_Pepper,3,1,0.654704908869096,0.48685,0.48685,0.6673181999911155,0.5007333333333334,0.0113893948065847,-0.8,0.18440794355239115,0.0,1.343637447000947
pb_nbv_d30,green_Pepper,9,1,0.6517013633303834,0.48414999999999997,0.48414999999999997,0.6889257931998951,0.5254666666666666,0.009572994249426443,-0.9,0.18117511983371634,0.0,0.2331622244004393
pb_nbv_d30,green_Pepper,10,1,0.6673122620427521,0.5016733333333333,0.5016733333333333,0.7390189567483503,0.5860666666666666,0.007450008125415063,-0.8,0.18272052672331868,0.0,0.22919773880130379
pb_nbv_d30,green_Pepper,5,1,0.6828145548179373,0.5295300000000001,0.5295300000000001,0.8550929282906538,0.7468666666666667,0.004413249028884391,-0.5,0.1433736480659399,0.2,1.2763374540008954
pb_nbv_d30,green_Pepper,11,1,0.6995066597712436,0.5398066666666667,0.5398066666666667,0.8105386277580635,0.6814333333333333,0.005609873662772919,-0.9,0.14649431092209508,0.0,0.23435139979847008
pb_nbv_d30,green_Pepper,0,1,0.6524068326386679,0.48554,0.48554,0.7193989712505068,0.5617666666666666,0.007744482496441717,-0.7,0.1869153460408413,0.0,1.1987225648044841
pb_nbv_d30,Corner,8,1,0.6183111474032461,0.4493733333333334,0.4493733333333334,0.7471026749357891,0.5963,0.005615178571780103,-0.8,0.19925395468211188,0.0,0.30584792559966445
pb_nbv_d30,Corner,13,1,0.7074946887831824,0.5597666666666666,0.5597666666666666,0.8818903507137267,0.7887333333333333,0.004487380623632569,-0.375,0.14314656817048865,0.2,0.2661043523970875
pb_nbv_d30,Corner,4,1,0.7553919447791481,0.6110766666666667,0.6110766666666667,0.8848205490400164,0.7934333333333333,0.003925630797988419,-0.4,0.10090355106324278,0.2,0.31457799400086517
pb_nbv_d30,Corner,1,1,0.7112491062258637,0.55367,0.55367,0.8099724310279856,0.6806333333333333,0.005265386770136517,-0.7,0.13657662115387423,0.0,0.261826126401138
pb_nbv_d30,Corner,12,1,0.7870320539094922,0.6533300000000001,0.6533300000000001,0.8804299149126735,0.7864,0.003997190570760843,-0.2,0.06260848907955432,0.2,0.3258124428044539
pb_nbv_d30,Corner,7,1,0.8985372958390283,0.8292033333333333,0.8292033333333333,0.9987317268540151,0.9974666666666666,0.0024951768388171316,0.1,0.026675276678628724,0.4,0.3130640930001391
pb_nbv_d30,Corner,14,1,0.6671934520313284,0.50828,0.50828,0.8013424964040274,0.6685333333333333,0.005483085535317416,-0.7,0.13356631468981622,0.0,0.2608807852026075
pb_nbv_d30,Corner,2,1,0.6311753860820527,0.46168,0.46168,0.6673478000133265,0.5007666666666667,0.007505955537482794,-0.8,0.2075645428684468,0.0,0.24371668419917114
pb_nbv_d30,Corner,6,1,0.7333001222549264,0.5799133333333334,0.5799133333333334,0.8152828512192715,0.6881666666666667,0.005202551775259013,-0.7,0.12447666491803511,0.0,0.2711374223988969
pb_nbv_d30,Corner,3,1,0.76557140782683,0.6315133333333334,0.6315133333333334,0.8768882316605209,0.7807666666666667,0.004679422382616826,-0.8,0.09612225365583549,0.0,0.2888631183974212
pb_nbv_d30,Corner,9,1,0.7335155005286674,0.5813133333333332,0.5813133333333332,0.7887841411470214,0.6512333333333333,0.006673478438683225,-0.9,0.1185153183943882,0.0,0.2581634075992042
pb_nbv_d30,Corner,10,1,0.705559143908969,0.5457666666666666,0.5457666666666666,0.7660668380462725,0.6208333333333333,0.0060872388534975175,-0.6,0.1566263266837592,0.0,0.2515074145994731
pb_nbv_d30,Corner,5,1,0.7826590854692961,0.6534566666666667,0.6534566666666667,0.8678177186527031,0.7665,0.004087923754934993,-0.4,0.051640513979430126,0.0,0.28883251959923656
pb_nbv_d30,Corner,11,1,0.7964855867520305,0.6712633333333333,0.6712633333333333,0.8718199424628171,0.7727666666666667,0.0042309151623046845,-0.5,0.07575943946096324,0.0,0.27825632599706296
pb_nbv_d30,Corner,0,1,0.627227283662873,0.4580633333333333,0.4580633333333333,0.6687965921192758,0.5024,0.010682799699029442,-0.9,0.1983370150795833,0.0,0.2982872321954346
pb_nbv_d30,L_Shaped,8,1,0.6679382405015543,0.5025166666666666,0.5025166666666666,0.7123358228174093,0.5532,0.00843769104703934,-0.9,0.15584912173018733,0.0,0.25158449999726146
pb_nbv_d30,L_Shaped,13,1,0.7710005253639122,0.6348566666666666,0.6348566666666666,0.938691760710369,0.8844666666666666,0.0029597635807460986,-0.3,0.05150865207931521,0.2,0.2695088936001412
pb_nbv_d30,L_Shaped,4,1,0.8232882120388089,0.7119733333333332,0.7119733333333332,0.9165176878487459,0.8459,0.0035914731513299316,-0.5,0.07499557481731836,0.2,0.2840868798026349
pb_nbv_d30,L_Shaped,1,1,0.7868991973533465,0.6530466666666668,0.6530466666666668,0.8604421484464029,0.7550666666666667,0.0048043281502316145,-0.6,0.08547679300955706,0.0,0.26392432439897673
pb_nbv_d30,L_Shaped,12,1,0.8285441357606113,0.7148033333333332,0.7148033333333332,0.9102203171258877,0.8352333333333334,0.003181667206991065,-0.25,0.06302605044212488,0.2,0.306886254400888
pb_nbv_d30,L_Shaped,7,1,0.570466689350099,0.39930666666666664,0.39930666666666664,0.5959657415640942,0.42446666666666666,0.01366164025732694,-0.9,0.2501001639869016,0.0,0.2074012468016008
pb_nbv_d30,L_Shaped,14,1,0.7244707213083702,0.56819,0.56819,0.738568274992116,0.5855,0.008416737493527272,-0.9,0.1498021927345627,0.0,0.2345235225991928
pb_nbv_d30,L_Shaped,2,1,0.7248738067683309,0.5841099999999999,0.5841099999999999,0.8666200721585222,0.7646333333333334,0.004277757045296786,-0.5,0.1280746930853909,0.0,0.31232223559927663
pb_nbv_d30,L_Shaped,6,1,0.6993775067568865,0.5407466666666667,0.5407466666666667,0.7500260411241433,0.6000333333333333,0.006410306047936678,-0.8,0.1291796838544352,0.0,0.2856338191981195
pb_nbv_d30,L_Shaped,3,1,0.6038817534123154,0.4327933333333333,0.4327933333333333,0.6238216472854882,0.4533,0.01285004947305642,-0.8,0.21326677475532546,0.0,0.22850610720051917
pb_nbv_d30,L_Shaped,9,1,0.6832829492899475,0.5195133333333334,0.5195133333333334,0.7044954009586734,0.5438,0.009900862126653082,-0.8,0.15074803789473706,0.0,0.2834712344018044
pb_nbv_d30,L_Shaped,10,1,0.5935365600183342,0.4240366666666667,0.4240366666666667,0.7425864995703837,0.5905666666666667,0.008306742035096433,-0.8,0.2044576176501319,0.0,0.1976358509986312
pb_nbv_d30,L_Shaped,5,1,0.8168109637314949,0.7096866666666667,0.7096866666666667,0.9197364156854273,0.8514,0.0034955216122289365,-0.2,0.07165599252288313,0.2,0.3388579466016381
pb_nbv_d30,L_Shaped,11,1,0.6533848701523313,0.4854033333333333,0.4854033333333333,0.6690623544286951,0.5027,0.011351384530328464,-0.8,0.20473891056201293,0.0,0.24104779179906471
pb_nbv_d30,L_Shaped,0,1,0.8138538568760338,0.7133066666666666,0.7133066666666666,0.9903239377366427,0.9808333333333333,0.0023343794823627545,-0.3333333333333333,0.06409879695092222,0.2,0.30030805579881414
pb_nbv_d30,Cylinder,8,1,0.5579261204299106,0.38889333333333337,0.38889333333333337,0.7034876183067548,0.5426,0.008226784722801644,-0.7,0.2054500977042159,0.0,1.3071043767995434
pb_nbv_d30,Cylinder,13,1,0.6925951854385604,0.5447233333333333,0.5447233333333333,0.8588817040699885,0.7526666666666667,0.004895218543942539,-0.3,0.1232378294907918,0.2,1.3212792917984189
pb_nbv_d30,Cylinder,4,1,0.7752044546234292,0.6371399999999999,0.6371399999999999,0.8954141276533073,0.8106333333333333,0.0041255079417709594,-0.8,0.08652840968208345,0.0,1.1822593229968335
pb_nbv_d30,Cylinder,1,1,0.7103556199727725,0.5540999999999999,0.5540999999999999,0.8055185045091676,0.6743666666666667,0.005124572877619177,-0.3,0.1287055807859128,0.0,1.362000839803659
pb_nbv_d30,Cylinder,12,1,0.6695838891862473,0.50425,0.50425,0.7024782665109641,0.5414,0.010035624344485915,-0.6,0.1443124547948795,0.0,1.394305445998907
pb_nbv_d30,Cylinder,7,1,0.665970821853333,0.4995833333333334,0.4995833333333334,0.6858244261433328,0.5218666666666667,0.010554553127456779,-1.0,0.1735920548616618,0.0,1.1579320092030685
pb_nbv_d30,Cylinder,14,1,0.6695503237286878,0.50351,0.50351,0.6928389359708939,0.5300333333333334,0.010408153579054698,-0.8,0.17580571255938884,0.0,1.2892403450023266
pb_nbv_d30,Cylinder,2,1,0.6679127590653,0.5025666666666666,0.5025666666666666,0.7462649142236245,0.5952333333333333,0.008157473880401373,-0.8,0.1709755095916007,0.0,1.2310905401973287
pb_nbv_d30,Cylinder,6,1,0.8638378547881216,0.7802499999999999,0.7802499999999999,0.9997499374843711,0.9995,0.002022914489308301,0.0,0.02983221769550415,0.2,1.4755380617978517
pb_nbv_d30,Cylinder,3,1,0.6264221590563273,0.4564233333333333,0.4564233333333333,0.650290187609664,0.4818,0.011026512639590376,-0.8,0.21161768334896128,0.0,1.2157296635981765
pb_nbv_d30,Cylinder,9,1,0.7707596132091699,0.6447133333333332,0.6447133333333332,0.9963534174166138,0.9927333333333334,0.002122128617426126,-0.2,0.08048170981806357,0.4,1.4473325143990223
pb_nbv_d30,Cylinder,10,1,0.6582159113341877,0.49097999999999997,0.49097999999999997,0.6803906043811031,0.5156,0.010739050327447515,-0.9,0.18269292331116102,0.0,1.3570441821982968
pb_nbv_d30,Cylinder,5,1,0.7855612398401209,0.6599466666666667,0.6599466666666667,0.8714592032501975,0.7722,0.004274039127144461,-0.3,0.0638814437563608,0.0,1.1852014726013294
pb_nbv_d30,Cylinder,11,1,0.6713532773258069,0.5064566666666666,0.5064566666666666,0.7687761635065254,0.6244,0.0066392805593623195,-0.8,0.18204852168104418,0.0,1.5016833693996887
pb_nbv_d30,Cylinder,0,1,0.5540363839222081,0.38350333333333336,0.38350333333333336,0.5806543183592364,0.4091,0.012413707561606374,-0.9,0.2620243326747104,0.0,1.2243463878054173
pb_nbv_d30,Cross,8,1,0.6055154402786755,0.4443766666666667,0.4443766666666667,0.8536930189904857,0.7447333333333334,0.0044775692124980684,-0.5,0.15227782597968664,0.2,0.23741819079732523
pb_nbv_d30,Cross,13,1,0.575018727686337,0.4040100000000001,0.4040100000000001,0.6074039688986886,0.43616666666666665,0.012902349762424218,-0.8,0.2433532504497026,0.0,0.24478477880038554
pb_nbv_d30,Cross,4,1,0.9224803343766939,0.8743533333333333,0.8743533333333333,0.9905787348586811,0.9813333333333333,0.0022285318588398974,0.0,0.0018179606265376514,0.4,0.29253303420264276
pb_nbv_d30,Cross,1,1,0.6548472141373548,0.4919166666666667,0.4919166666666667,0.8507728552548411,0.7403,0.004932635565963338,-0.875,0.16101262152335985,0.2,0.2102406263977173
pb_nbv_d30,Cross,12,1,0.6852631151076155,0.5219400000000001,0.5219400000000001,0.713247120890433,0.5543,0.008181205239150708,-0.9,0.13289054515228216,0.0,0.3089854768011719
pb_nbv_d30,Cross,7,1,0.7476059886200307,0.6060099999999999,0.6060099999999999,0.9065660707451751,0.8291,0.003286532272192371,-0.25,0.0780040006454853,0.0,0.26752034140372416
pb_nbv_d30,Cross,14,1,0.7030191202718836,0.5467966666666666,0.5467966666666666,0.8120223339801211,0.6835333333333333,0.005330657316106684,-0.4,0.13305485850981327,0.0,0.2704920371994376
pb_nbv_d30,Cross,2,1,0.7516283875178171,0.6132666666666666,0.6132666666666666,0.8637439636398069,0.7601666666666667,0.0043615932597361245,-0.5,0.11702237036812577,0.2,0.29732147399918174
pb_nbv_d30,Cross,6,1,0.6240182242423113,0.45509000000000005,0.45509000000000005,0.7481483026977404,0.5976333333333333,0.007073498162950846,-0.7,0.19203776171495746,0.0,0.22272885739803314
pb_nbv_d30,Cross,3,1,0.7832007794541287,0.6533733333333334,0.6533733333333334,0.8768461840849104,0.7807,0.003925450970750126,-0.4,0.0822924869485258,0.2,0.3066050347988494
pb_nbv_d30,Cross,9,1,0.7026303350409254,0.5455933333333334,0.5455933333333334,0.7839481151195785,0.6446666666666667,0.006329143851117865,-0.7,0.117980649891118,0.0,0.2711213169997791
pb_nbv_d30,Cross,10,1,0.6309631711439009,0.4619533333333333,0.4619533333333333,0.727762346006234,0.5720333333333333,0.008437934230890993,-0.8,0.18924569870454083,0.0,0.23222703079809434
pb_nbv_d30,Cross,5,1,0.8021509841355524,0.6838766666666667,0.6838766666666667,0.8847169039741254,0.7932666666666667,0.003883768723281148,-0.5,0.0600794908719362,0.2,0.35445386939827583
pb_nbv_d30,Cross,11,1,0.7812629729984888,0.64484,0.64484,0.8396155259442629,0.7235666666666667,0.0050906060154733085,-0.6,0.07641153702234157,0.0,0.27363967819837853
pb_nbv_d30,Cross,0,1,0.5879851141380354,0.4166833333333333,0.4166833333333333,0.6072423398328691,0.436,0.011970430769519872,-1.0,0.23521295773069612,0.0,0.268656258804549
pb_nbv_d30,Bowl,8,1,0.6535374428767515,0.4855466666666667,0.4855466666666667,0.6691509182858664,0.5028,0.005938924917354286,-0.7,0.15148454250328863,0.0,0.254160720204527
pb_nbv_d30,Bowl,13,1,0.7055382704092046,0.54688,0.54688,0.7727300619771319,0.6296333333333334,0.0047721819291806425,-0.7,0.12184707790336398,0.0,0.27242305420077173
pb_nbv_d30,Bowl,4,1,0.7508213040297453,0.6142766666666667,0.6142766666666667,0.9084756862959122,0.8323,0.0032376814108118694,0.0,0.09589835005469394,0.2,0.29654456100106474
pb_nbv_d30,Bowl,1,1,0.6591160315412548,0.4978166666666667,0.4978166666666667,0.8348609600745689,0.7165333333333334,0.004159367308535776,-0.5,0.13029712756724274,0.0,0.29047715519700434
pb_nbv_d30,Bowl,12,1,0.712115156192206,0.5641433333333333,0.5641433333333333,0.871289363783438,0.7719333333333334,0.003654337285698693,-0.6,0.0998033027908112,0.2,0.27345750980166483
pb_nbv_d30,Bowl,7,1,0.7824399738863949,0.65894,0.65894,0.9180026328602601,0.8484333333333334,0.003173034507761912,-0.5,0.08465091692956021,0.0,0.2878536085976521
pb_nbv_d30,Bowl,14,1,0.8662369829603218,0.7789366666666667,0.7789366666666667,0.9970245060345693,0.9940666666666667,0.0022398309743411602,0.2,0.02613471175923372,0.2,0.2489583084025071
pb_nbv_d30,Bowl,2,1,0.6567751361048504,0.48941333333333337,0.48941333333333337,0.6816663737036387,0.5170666666666667,0.006808259299920847,-0.7,0.13612087498168282,0.0,0.23747501360048773
pb_nbv_d30,Bowl,6,1,0.4928501014495124,0.32721999999999996,0.32721999999999996,0.5119047619047619,0.344,0.012603646870716204,-0.8,0.25270012400566055,0.0,0.23953057179896858
pb_nbv_d30,Bowl,3,1,0.4348601672306082,0.27790666666666664,0.27790666666666664,0.4447497343114129,0.28596666666666665,0.0172454789343187,-0.9,0.304061653930001,0.0,0.20547461319511057
pb_nbv_d30,Bowl,9,1,0.6493176530157072,0.48186999999999997,0.48186999999999997,0.7107310155142034,0.5512666666666667,0.0053705458014735525,-0.6,0.15496909455963312,0.0,0.26187281739985335
pb_nbv_d30,Bowl,10,1,0.43380478281964246,0.27713,0.27713,0.45137311583729095,0.29146666666666665,0.016613999409777622,-0.6,0.3013377202207986,0.0,0.22478836179798237
pb_nbv_d30,Bowl,5,1,0.6601111274121904,0.4933199999999999,0.4933199999999999,0.6900993341338283,0.5268333333333334,0.005649273328282788,-0.6,0.14310731352772438,0.0,0.30817673280107555
pb_nbv_d30,Bowl,11,1,0.5644308704308372,0.39332666666666666,0.39332666666666666,0.5800496982605609,0.4085,0.010055813237808025,-1.0,0.22603568523198928,0.0,0.24171127840236295
pb_nbv_d30,Bowl,0,1,0.5474389482961364,0.37739333333333336,0.37739333333333336,0.6247364078114972,0.45426666666666665,0.009025063595131269,-0.8,0.2394612819069029,0.0,0.22817553700151622
pb_nbv_d30,Cube,8,1,0.5978689087014638,0.4274233333333333,0.4274233333333333,0.6975209482047496,0.5355333333333333,0.00975711433803781,-0.7,0.20510942990924078,0.0,1.1396927775989751
pb_nbv_d30,Cube,13,1,0.7570099284489544,0.6146666666666667,0.6146666666666667,0.8204069595989384,0.6955,0.0055882085032109355,-0.6,0.09139655891131737,0.0,1.2310800161983935
pb_nbv_d30,Cube,4,1,0.7086053520623785,0.5488866666666665,0.5488866666666665,0.7234585762307987,0.5667333333333333,0.009600020579525843,-0.9,0.16799084802379854,0.0,0.27797777119703826
pb_nbv_d30,Cube,1,1,0.7298607270018371,0.5797733333333334,0.5797733333333334,0.9223944395553081,0.8559666666666667,0.0035191418868543104,-0.75,0.14121502082235818,0.0,0.1791963739990024
pb_nbv_d30,Cube,12,1,0.7072939843978906,0.5476366666666668,0.5476366666666668,0.7293519695044473,0.574,0.009337259422483563,-0.6,0.11378872415151939,0.0,1.196361396201246
pb_nbv_d30,Cube,7,1,0.7581270626637837,0.6161066666666667,0.6161066666666667,0.8525311250932318,0.7429666666666667,0.004941431271972632,-0.5,0.11602589896149448,0.0,1.1190316402018652
pb_nbv_d30,Cube,14,1,0.7546895518198018,0.6156466666666667,0.6156466666666667,0.9028069854621925,0.8228333333333333,0.0036633386358714336,-0.3,0.10125465752159515,0.2,1.2985670694019062
pb_nbv_d30,Cube,2,1,0.602670519111074,0.4323066666666667,0.4323066666666667,0.6509578199478371,0.4825333333333333,0.010118018744669853,-0.8,0.22180996810327452,0.0,0.1728731693990994
pb_nbv_d30,Cube,6,1,0.9065144016735932,0.8448733333333334,0.8448733333333334,0.9971083290153275,0.9942333333333333,0.0021645249814261362,0.1,0.009733212793364188,0.2,1.4086941296031
pb_nbv_d30,Cube,3,1,0.8641808577842749,0.7843233333333333,0.7843233333333333,0.9849776695087291,0.9704,0.002212335037530443,-0.375,0.02708447551850506,0.4,0.2586736617973656
pb_nbv_d30,Cube,9,1,0.7141532568372374,0.5554866666666667,0.5554866666666667,0.7248421992221538,0.5684333333333333,0.009500049930556689,-0.8,0.160213669745533,0.0,1.1853510461980477
pb_nbv_d30,Cube,10,1,0.6991944392977272,0.53811,0.53811,0.7218541635600622,0.5647666666666666,0.00958900243835268,-0.8,0.13849955020277968,0.0,1.184143547603162
pb_nbv_d30,Cube,5,1,0.5563803639120669,0.38771666666666665,0.38771666666666665,0.6895271377088567,0.5261666666666667,0.010046438767675274,-0.7,0.1981790607789716,0.0,1.1750959807992332
pb_nbv_d30,Cube,11,1,0.7927455770116868,0.66227,0.66227,0.861372046683746,0.7565,0.0045032069602067544,-0.4,0.09484348578215578,0.0,1.2222326975999749
pb_nbv_d30,Cube,0,1,0.4767518951525049,0.31357,0.31357,0.5139318885448917,0.3458333333333333,0.015164196720631176,-0.9,0.3072951426191124,0.0,0.21587486959906527
pb_nbv_d30,Thin_Irregular,8,1,0.7660757423674978,0.6292633333333334,0.6292633333333334,0.9150286613261966,0.8433666666666667,0.004047175771026963,-0.4,0.08428729146828898,0.2,0.3181178549988545
pb_nbv_d30,Thin_Irregular,13,1,0.6970012490686158,0.5354333333333334,0.5354333333333334,0.717263495456975,0.5591666666666667,0.009655457630440316,-0.8,0.1512367180144169,0.0,0.35293961760471576
pb_nbv_d30,Thin_Irregular,4,1,0.8077338022552027,0.6936133333333332,0.6936133333333332,0.9298708710851109,0.8689333333333333,0.003551640901077214,0.125,0.08589129687116052,0.2,0.322560572202201
pb_nbv_d30,Thin_Irregular,1,1,0.7100098701236557,0.55372,0.55372,0.7972577476646755,0.6628666666666667,0.006990889988049233,-0.6,0.11717160316801725,0.0,0.3131751164022717
pb_nbv_d30,Thin_Irregular,12,1,0.8521942215296769,0.7525633333333334,0.7525633333333334,0.9151659796051205,0.8436,0.004024085777043755,0.125,0.041589068177910124,0.4,0.37252620560175276
pb_nbv_d30,Thin_Irregular,7,1,0.6394577154928525,0.47063999999999995,0.47063999999999995,0.6735054828440042,0.5077333333333334,0.012874302168365772,-0.7,0.19051769541086405,0.0,0.3177391495992197
pb_nbv_d30,Thin_Irregular,14,1,0.5466040469788734,0.3774266666666667,0.3774266666666667,0.5907222548443922,0.4191666666666667,0.017282688622392156,-0.9,0.2111423045906265,0.0,0.2957314403975033
pb_nbv_d30,Thin_Irregular,2,1,0.643580712481626,0.48029666666666665,0.48029666666666665,0.8579042543066526,0.7511666666666666,0.0053055729830383,-0.6,0.16360088430291958,0.2,0.3159078608005075
pb_nbv_d30,Thin_Irregular,6,1,0.6480075405497753,0.4801066666666666,0.4801066666666666,0.6881518245621706,0.5245666666666666,0.012397824647225008,-0.9,0.17596736358923531,0.0,0.2950574193993816
pb_nbv_d30,Thin_Irregular,3,1,0.574930631083759,0.40417000000000003,0.40417000000000003,0.6051053145487516,0.4338,0.016764811529763002,-0.9,0.21198402890226653,0.0,0.28880334479617886
pb_nbv_d30,Thin_Irregular,9,1,0.6128139437607707,0.44391333333333327,0.44391333333333327,0.6779773052770739,0.5128333333333334,0.012050820436421965,-0.7,0.155532364708275,0.0,0.3148772574015311
pb_nbv_d30,Thin_Irregular,10,1,0.6032778612503058,0.43202666666666667,0.43202666666666667,0.6150543591164047,0.4441,0.01642615996047141,-0.9,0.20688836858911613,0.0,0.3179820364006446
pb_nbv_d30,Thin_Irregular,5,1,0.7993415876659877,0.6728833333333333,0.6728833333333333,0.8617608559558364,0.7571,0.004540509590021808,-0.2,0.044577028308024416,0.2,0.3482276542010368
pb_nbv_d30,Thin_Irregular,11,1,0.6564416969773815,0.4895033333333333,0.4895033333333333,0.6865148861646234,0.5226666666666666,0.012754914366130465,-0.8,0.16690556824704822,0.0,0.28335364419908726
pb_nbv_d30,Thin_Irregular,0,1,0.6616949267718631,0.49926999999999994,0.49926999999999994,0.8521799016700782,0.7424333333333333,0.004945979929395564,-0.5,0.15049983987476198,0.2,0.31266971439763436
pb_nbv_d50,green_Pepper,8,1,0.713863894043518,0.56424,0.56424,0.8841983895263422,0.7924333333333333,0.00408848946150379,-0.4,0.09012616132120099,0.2,0.331216820802365
pb_nbv_d50,green_Pepper,13,1,0.6921653541930188,0.5412566666666667,0.5412566666666667,0.8833054159687326,0.791,0.004148754967522478,-0.4,0.11890017241118052,0.2,0.30394585779868066
pb_nbv_d50,green_Pepper,4,1,0.7161138031601727,0.5632233333333334,0.5632233333333334,0.8307968119726405,0.7105666666666667,0.005382061881328748,-0.5,0.11147846977424822,0.2,0.3042120995960431
pb_nbv_d50,green_Pepper,1,1,0.7268183208195655,0.5771233333333333,0.5771233333333333,0.8487662611765608,0.7372666666666666,0.0051657946699049185,-0.7,0.12783657987588065,0.0,0.3143175287972554
pb_nbv_d50,green_Pepper,12,1,0.8334541804610197,0.7260333333333333,0.7260333333333333,0.9032281651007202,0.8235333333333333,0.003919733109895407,0.125,0.05331079009552071,0.2,0.3227963012002874
pb_nbv_d50,green_Pepper,7,1,0.911488491563356,0.8589733333333335,0.8589733333333335,0.988673139158576,0.9776,0.0022507745624868562,-0.3,0.002009109923983665,0.4,0.3683092014020076
pb_nbv_d50,green_Pepper,14,1,0.8713554369969071,0.7841433333333333,0.7841433333333333,0.9533910131174993,0.9109333333333334,0.0026255878655226353,0.0,0.03637945058025227,0.4,0.32797258579958
pb_nbv_d50,green_Pepper,2,1,0.6998473390485904,0.54496,0.54496,0.8544590182713787,0.7459,0.004818008714494494,-0.4,0.11734934079995082,0.0,0.3268707439972786
pb_nbv_d50,green_Pepper,6,1,0.6429952165393262,0.47681666666666656,0.47681666666666656,0.7466839345769014,0.5957666666666667,0.008003578707409824,-0.5,0.179109386685809,0.0,0.3023380355996778
pb_nbv_d50,green_Pepper,3,1,0.654704908869096,0.48685,0.48685,0.6673181999911155,0.5007333333333334,0.0113893948065847,-0.8,0.18440794355239115,0.0,0.3074452595988987
pb_nbv_d50,green_Pepper,9,1,0.6517013633303834,0.48414999999999997,0.48414999999999997,0.6889257931998951,0.5254666666666666,0.009572994249426443,-0.8,0.18117511983371634,0.0,0.27545548420021077
pb_nbv_d50,green_Pepper,10,1,0.6673122620427521,0.5016733333333333,0.5016733333333333,0.7390189567483503,0.5860666666666666,0.007450008125415063,-0.8,0.18272052672331868,0.0,0.2867285060041468
pb_nbv_d50,green_Pepper,5,1,0.6345726855205571,0.4667466666666667,0.4667466666666667,0.7651017761952786,0.6195666666666667,0.007661336629847178,-0.7,0.17535214561212922,0.0,0.30008168800122803
pb_nbv_d50,green_Pepper,11,1,0.7383355555836124,0.5870133333333334,0.5870133333333334,0.7898590185756641,0.6527,0.006591419260092856,-0.6,0.1122135085168052,0.0,0.2991201197990449
pb_nbv_d50,green_Pepper,0,1,0.6668563924552214,0.5054033333333333,0.5054033333333333,0.8638945694160418,0.7604,0.003959623428321851,-0.4,0.15801622640773433,0.2,0.30028513640136223
pb_nbv_d50,Corner,8,1,0.7512168852787229,0.6164133333333334,0.6164133333333334,0.8905120286987556,0.8026333333333333,0.003922833193033527,-0.2,0.0907548248601141,0.4,0.32927020199858814
pb_nbv_d50,Corner,13,1,0.654456570480477,0.48795666666666665,0.48795666666666665,0.7667262748967133,0.6217,0.006226829281196261,-0.5,0.18001241466092144,0.0,0.30703766699880364
pb_nbv_d50,Corner,4,1,0.9021773173147046,0.8332200000000001,0.8332200000000001,0.9997666122095156,0.9995333333333334,0.0025602951158694575,0.125,0.036999464350562936,0.6,0.3532421137962956
pb_nbv_d50,Corner,1,1,0.7112491062258637,0.55367,0.55367,0.8099724310279856,0.6806333333333333,0.005265386770136517,-0.7,0.13657662115387423,0.0,0.34436972800031074
pb_nbv_d50,Corner,12,1,0.7188728189576692,0.5640099999999999,0.5640099999999999,0.7813299752203762,0.6411333333333333,0.0068268420669704705,-0.8,0.1001439092298488,0.0,0.3594190848001745
pb_nbv_d50,Corner,7,1,0.7657111937211991,0.62371,0.62371,0.8465974625144175,0.734,0.004326988586560038,-0.4,0.12484546238070493,0.0,0.31165763579774647
pb_nbv_d50,Corner,14,1,0.6753606395791005,0.5204799999999999,0.5204799999999999,0.8830143718817485,0.7905333333333333,0.004170837473895184,-0.5,0.117231939594272,0.2,0.2855399506006506
pb_nbv_d50,Corner,2,1,0.6422609204897777,0.47529666666666665,0.47529666666666665,0.7782031440905759,0.6369333333333334,0.005706743031134699,-0.7,0.18539347405299691,0.0,0.2995317930020974
pb_nbv_d50,Corner,6,1,0.7469111937520888,0.5980133333333334,0.5980133333333334,0.8207315395349751,0.6959666666666666,0.00525388811315944,-0.6,0.12533538798968466,0.0,0.3347866427982808
pb_nbv_d50,Corner,3,1,0.813057376123921,0.7003666666666666,0.7003666666666666,0.9214646510039367,0.8543666666666667,0.003876357548705022,-0.25,0.0791277820441312,0.2,0.3197946463988046
pb_nbv_d50,Corner,9,1,0.7354229219578595,0.58739,0.58739,0.9152444315880822,0.8437333333333333,0.004023203690223156,-0.5,0.12102038965123618,0.2,0.29345926419773605
pb_nbv_d50,Corner,10,1,0.8008553588352761,0.6874666666666667,0.6874666666666667,0.982032880337965,0.9647,0.002703065825747416,-0.5,0.08212822518815846,0.2,0.34443340059951877
pb_nbv_d50,Corner,5,1,0.8295129326531333,0.7286433333333333,0.7286433333333333,0.9343752775064381,0.8768333333333334,0.003260711270789003,-0.4,0.04053363247130011,0.2,0.36390777959750265
pb_nbv_d50,Corner,11,1,0.6960024304486341,0.53458,0.53458,0.7265472450972069,0.5705333333333333,0.008492562883661604,-0.9,0.17089173955872447,0.0,0.33242984359676486
pb_nbv_d50,Corner,0,1,0.627227283662873,0.4580633333333333,0.4580633333333333,0.6687965921192758,0.5024,0.010682799699029442,-0.9,0.1983370150795833,0.0,0.29876908859878315
pb_nbv_d50,L_Shaped,8,1,0.8627917324553562,0.7830999999999999,0.7830999999999999,0.9997832863787154,0.9995666666666667,0.0020881829684440555,0.0,0.027394495538481722,0.2,0.38844893619680076
pb_nbv_d50,L_Shaped,13,1,0.9063834841131027,0.8501966666666666,0.8501966666666666,0.9902389767754965,0.9806666666666667,0.002212536154832095,0.125,0.0032925696086385957,0.4,0.37614898180036105
pb_nbv_d50,L_Shaped,4,1,0.8233703251355994,0.7121133333333333,0.7121133333333333,0.9173388188166514,0.8473,0.003562076777999913,0.0,0.07483134862373726,0.2,0.36724964280292627
pb_nbv_d50,L_Shaped,1,1,0.7008833206509727,0.54024,0.54024,0.7291904943448977,0.5738,0.008660582503816424,-0.9,0.16067750367685174,0.0,0.2721661284012953
pb_nbv_d50,L_Shaped,12,1,0.8985430466601813,0.8347933333333334,0.8347933333333334,1.0,1.0,0.0020186325689589097,0.3333333333333333,0.009479197971646359,0.6,0.3898836866006604
pb_nbv_d50,L_Shaped,7,1,0.570466689350099,0.39930666666666664,0.39930666666666664,0.5959657415640942,0.42446666666666666,0.01366164025732694,-0.9,0.2501001639869016,0.0,0.26033483519859146
pb_nbv_d50,L_Shaped,14,1,0.8831268806824097,0.7961933333333333,0.7961933333333333,0.9204749910039582,0.8526666666666667,0.0031103476804839447,-0.3,0.044221435013087285,0.2,0.3387212708039442
pb_nbv_d50,L_Shaped,2,1,0.6196933626395718,0.44950333333333325,0.44950333333333325,0.6509274873524452,0.4825,0.010454266642912295,-0.9,0.2183645055747903,0.0,0.31906428420188604
pb_nbv_d50,L_Shaped,6,1,0.6295839709289514,0.45955,0.45955,0.6435773386987386,0.47446666666666665,0.011892881237931046,-0.8,0.21205789524486227,0.0,0.30488934080058244
pb_nbv_d50,L_Shaped,3,1,0.6038817534123154,0.4327933333333333,0.4327933333333333,0.6238216472854882,0.4533,0.01285004947305642,-0.7,0.21326677475532546,0.0,0.2892420648029656
pb_nbv_d50,L_Shaped,9,1,0.7873643006501314,0.6587433333333333,0.6587433333333333,0.8705882352941177,0.7708333333333334,0.004314065314204557,-0.3,0.0712166774588173,0.2,0.347366578601941
pb_nbv_d50,L_Shaped,10,1,0.5935365600183342,0.4240366666666667,0.4240366666666667,0.7425864995703837,0.5905666666666667,0.008306742035096433,-0.8,0.2044576176501319,0.0,0.2517943259997992
pb_nbv_d50,L_Shaped,5,1,0.7068935572879039,0.5564699999999999,0.5564699999999999,0.9490462594804785,0.9030333333333334,0.002894308338742029,-0.75,0.10989981275464736,0.2,0.34787482140236536
pb_nbv_d50,L_Shaped,11,1,0.6533848701523313,0.4854033333333333,0.4854033333333333,0.6690623544286951,0.5027,0.011351384530328464,-0.9,0.20473891056201293,0.0,0.29986740620079216
pb_nbv_d50,L_Shaped,0,1,0.6697831076169954,0.50898,0.50898,0.8657201731667201,0.7632333333333333,0.004775082394496889,-0.7,0.1592406037533321,0.2,0.2853806967963465
pb_nbv_d50,Cylinder,8,1,0.6444777720660306,0.4782133333333333,0.4782133333333333,0.7075650525590211,0.5474666666666667,0.008268644079674387,-0.9,0.16203822289028263,0.0,0.32620138099737234
pb_nbv_d50,Cylinder,13,1,0.6925951854385604,0.5447233333333333,0.5447233333333333,0.8588817040699885,0.7526666666666667,0.004895218543942539,-0.3,0.1232378294907918,0.2,0.2928066218024469
pb_nbv_d50,Cylinder,4,1,0.7271293155023061,0.58192,0.58192,0.92935529344587,0.8680333333333333,0.003294921437482799,-0.5,0.10432530492539357,0.2,0.30798285719793056
pb_nbv_d50,Cylinder,1,1,0.7103556199727725,0.5540999999999999,0.5540999999999999,0.8055185045091676,0.6743666666666667,0.005124572877619177,-0.3,0.1287055807859128,0.0,0.33132652240165045
pb_nbv_d50,Cylinder,12,1,0.705233924954013,0.5497699999999999,0.5497699999999999,0.7823192758858628,0.6424666666666666,0.006957576884918583,-0.7,0.13324551955237834,0.0,0.3262509873995441
pb_nbv_d50,Cylinder,7,1,0.6945307593472075,0.53657,0.53657,0.870354332191136,0.7704666666666666,0.00441257220071755,-0.7,0.13498420552761825,0.0,0.3223342006021994
pb_nbv_d50,Cylinder,14,1,0.930105821541356,0.8890866666666666,0.8890866666666666,1.0,1.0,0.0019457642824890894,0.0,0.00023371499147251118,0.8,0.34448139739834005
pb_nbv_d50,Cylinder,2,1,0.7991070652802299,0.67618,0.67618,0.9106160466256331,0.8359,0.003623511925579275,-0.125,0.04542140674212676,0.2,0.3336285892015439
pb_nbv_d50,Cylinder,6,1,0.665821527049897,0.5003866666666668,0.5003866666666668,0.7708444298766747,0.6271333333333333,0.007019258953307109,-0.8,0.17103753296165664,0.0,0.3144613108015619
pb_nbv_d50,Cylinder,3,1,0.6264221590563273,0.4564233333333333,0.4564233333333333,0.650290187609664,0.4818,0.011026512639590376,-0.8,0.21161768334896128,0.0,0.29581073119916257
pb_nbv_d50,Cylinder,9,1,0.6742463301911894,0.5088566666666667,0.5088566666666667,0.6943181076317108,0.5317666666666667,0.010070837561768336,-0.9,0.16859779888650456,0.0,0.35774133740342223
pb_nbv_d50,Cylinder,10,1,0.850946674607535,0.7582133333333333,0.7582133333333333,0.9543759367048901,0.9127333333333333,0.0026713380476858324,0.0,0.044647469695884,0.0,0.340792922199762
pb_nbv_d50,Cylinder,5,1,0.6433504720316235,0.47598,0.47598,0.7188247352237787,0.5610666666666667,0.009257718807160338,-0.8,0.15271467844348816,0.0,0.30061987979861443
pb_nbv_d50,Cylinder,11,1,0.9386517676942434,0.9027566666666667,0.9027566666666667,0.9999333288885925,0.9998666666666667,0.002075973385515168,0.2834936490538903,2.6668444562982784e-05,0.6,0.375503690399637
pb_nbv_d50,Cylinder,0,1,0.7160740584590247,0.57595,0.57595,0.9094676384521712,0.8339666666666666,0.003736093082589285,-0.5,0.11369358008429709,0.2,0.32612540020054437
pb_nbv_d50,Cross,8,1,0.5668407310110359,0.39846,0.39846,0.7318495973622471,0.5771,0.0076325824904685,-0.8,0.20081404449805568,0.0,0.2804472375966725
pb_nbv_d50,Cross,13,1,0.5917943557831989,0.42368000000000006,0.42368000000000006,0.775160249867309,0.6328666666666667,0.007146469964813969,-0.8,0.20980199425597848,0.0,0.30857915159867844
pb_nbv_d50,Cross,4,1,0.8192270610807842,0.7175233333333333,0.7175233333333333,0.9955637398510087,0.9911666666666666,0.0021836724499587758,-0.25,0.04704693200276362,0.4,0.3534404443984386
pb_nbv_d50,Cross,1,1,0.6819716952233504,0.5225033333333333,0.5225033333333333,0.7826898496621965,0.6429666666666667,0.005747526461131673,-0.8,0.14651578732715992,0.0,0.30428534240054433
pb_nbv_d50,Cross,12,1,0.7048085821402512,0.5466933333333334,0.5466933333333334,0.7825910520442325,0.6428333333333334,0.006313293704688352,-0.625,0.11240882447438705,0.0,0.3455096349993255
pb_nbv_d50,Cross,7,1,0.7734309191241627,0.6434133333333334,0.6434133333333334,0.9104380039224232,0.8356,0.003206852686698791,-0.4,0.07148502731672646,0.2,0.31221570659981807
pb_nbv_d50,Cross,14,1,0.7209147679627458,0.5737166666666667,0.5737166666666667,0.9122158163820299,0.8386,0.003234113667117632,-0.3,0.10838249395774209,0.2,0.34879834500316065
pb_nbv_d50,Cross,2,1,0.7516283875178171,0.6132666666666666,0.6132666666666666,0.8637439636398069,0.7601666666666667,0.0043615932597361245,-0.7,0.11702237036812577,0.2,0.36095259319990874
pb_nbv_d50,Cross,6,1,0.7220126805232003,0.5794233333333334,0.5794233333333334,0.8502443230813452,0.7395,0.004853034598430727,-0.4,0.1343136251506752,0.2,0.3161724745979882
pb_nbv_d50,Cross,3,1,0.7832007794541287,0.6533733333333334,0.6533733333333334,0.8768461840849104,0.7807,0.003925450970750126,-0.4,0.0822924869485258,0.2,0.3488675892003812
pb_nbv_d50,Cross,9,1,0.7026303350409254,0.5455933333333334,0.5455933333333334,0.7839481151195785,0.6446666666666667,0.006329143851117865,-0.7,0.117980649891118,0.0,0.31784438639879226
pb_nbv_d50,Cross,10,1,0.6470951456151501,0.4804500000000001,0.4804500000000001,0.7245440244887548,0.5680666666666667,0.009081409871213161,-0.5,0.18320356877188684,0.0,0.29839748080121353
pb_nbv_d50,Cross,5,1,0.7213824019366168,0.5703466666666666,0.5703466666666666,0.8332976840959029,0.7142333333333334,0.0041655793121292825,-0.5,0.1189191491373007,0.0,0.369602982403012
pb_nbv_d50,Cross,11,1,0.7205685369771736,0.5729333333333333,0.5729333333333333,0.8720744430867563,0.7731666666666667,0.004359949159183617,-0.5,0.1349487750421109,0.2,0.35337591159914156
pb_nbv_d50,Cross,0,1,0.5879851141380354,0.4166833333333333,0.4166833333333333,0.6072423398328691,0.436,0.011970430769519872,-0.9,0.23521295773069612,0.0,0.29285833179892506
pb_nbv_d50,Bowl,8,1,0.8200777058483866,0.71964,0.71964,0.9921048210986058,0.9843333333333333,0.002317190494316985,-0.2,0.036338906928244354,0.4,0.3215918110014172
pb_nbv_d50,Bowl,13,1,0.9037930044624201,0.8399866666666667,0.8399866666666667,0.9789840891687229,0.9588333333333333,0.0024458208722754208,0.375,0.0005585005817525968,0.8,0.31070034739823316
pb_nbv_d50,Bowl,4,1,0.8033568304897237,0.68849,0.68849,0.9693377995362019,0.9405,0.0026201767802652813,0.25,0.05728034767007286,0.4,0.3407116616028361
pb_nbv_d50,Bowl,1,1,0.6591160315412548,0.4978166666666667,0.4978166666666667,0.8348609600745689,0.7165333333333334,0.004159367308535776,-0.625,0.13029712756724274,0.0,0.34850326599844267
pb_nbv_d50,Bowl,12,1,0.8465185661814048,0.7483066666666666,0.7483066666666666,0.9574464388107939,0.9183666666666667,0.002725237284235393,0.125,0.04346355535183342,0.4,0.32575309419917176
pb_nbv_d50,Bowl,7,1,0.7976060376059186,0.6818299999999999,0.6818299999999999,0.9568482909697834,0.9172666666666667,0.0026807759106014344,-0.125,0.07038530687963518,0.4,0.31954567399952793
pb_nbv_d50,Bowl,14,1,0.7657978633414311,0.6399233333333334,0.6399233333333334,0.9912236457177444,0.9826,0.00230679722982052,-0.3,0.08889267899241926,0.4,0.3720835421991069
pb_nbv_d50,Bowl,2,1,0.7479898206171314,0.6109966666666666,0.6109966666666666,0.8987794805909883,0.8161666666666667,0.003355612404549589,-0.625,0.08137662013596617,0.0,0.3183436090010218
pb_nbv_d50,Bowl,6,1,0.5225578250078462,0.3558366666666667,0.3558366666666667,0.6116574496147349,0.44056666666666666,0.008910184861098232,-0.7,0.24196914611184103,0.0,0.2996372646011878
pb_nbv_d50,Bowl,3,1,0.4348601672306082,0.27790666666666664,0.27790666666666664,0.4447497343114129,0.28596666666666665,0.0172454789343187,-0.8,0.304061653930001,0.0,0.2677199414014467
pb_nbv_d50,Bowl,9,1,0.6299776266072881,0.45999,0.45999,0.6382824202260452,0.46873333333333334,0.006794335250892978,-0.8,0.16442697141991885,0.0,0.31697893939999633
pb_nbv_d50,Bowl,10,1,0.7745219702923398,0.6536733333333333,0.6536733333333333,0.9292788693184859,0.8679,0.003015743523240659,0.1,0.033969302108834996,0.6,0.33680760999995984
pb_nbv_d50,Bowl,5,1,0.8472753603743902,0.7516633333333333,0.7516633333333333,0.9891842717072677,0.9786,0.0023986202151149937,-0.2,0.012591291890319734,0.4,0.31042575879982903
pb_nbv_d50,Bowl,11,1,0.5644308704308372,0.39332666666666666,0.39332666666666666,0.5800496982605609,0.4085,0.010055813237808025,-0.9,0.22603568523198928,0.0,0.2920343912017415
pb_nbv_d50,Bowl,0,1,0.6932868016875846,0.5337733333333333,0.5337733333333333,0.7442444537463374,0.5926666666666667,0.005128249257776984,-0.7,0.12767111268500492,0.0,0.30720679619844304
pb_nbv_d50,Cube,8,1,0.6523708032057679,0.49431333333333327,0.49431333333333327,0.8498916981349076,0.7389666666666667,0.004967986160105111,-0.2,0.15258156848755153,0.2,0.26418568619992583
pb_nbv_d50,Cube,13,1,0.7961228206459277,0.67408,0.67408,0.9005955107650022,0.8191666666666667,0.0037439945289262228,0.1,0.04722799158955895,0.2,0.2975731440004893
pb_nbv_d50,Cube,4,1,0.7601295576403413,0.6209266666666666,0.6209266666666666,0.9317761002706167,0.8722666666666666,0.003253970226337795,-0.5,0.09225306392488866,0.2,0.31199555779894583
pb_nbv_d50,Cube,1,1,0.9468320447224465,0.91341,0.91341,1.0,1.0,0.002043435132054348,0.75,0.0,0.8,0.3605913804014563
pb_nbv_d50,Cube,12,1,0.7072939843978906,0.5476366666666668,0.5476366666666668,0.7293519695044473,0.574,0.009337259422483563,-0.4,0.11378872415151939,0.0,0.2986938000001828
pb_nbv_d50,Cube,7,1,0.7454037909385776,0.6014366666666667,0.6014366666666667,0.9288392187667369,0.8671333333333333,0.0034118775536347524,-0.4,0.11813878283201644,0.2,0.2848661011958029
pb_nbv_d50,Cube,14,1,0.7750243167771457,0.6382933333333334,0.6382933333333334,0.8433734939759037,0.7291666666666666,0.005151908983252569,-0.5,0.09565634494491775,0.2,0.29972802300180773
pb_nbv_d50,Cube,2,1,0.6101943154870948,0.4410633333333333,0.4410633333333333,0.7261957837080442,0.5701,0.00929006497790228,-0.6,0.2067623753512331,0.0,0.2898253631981788
pb_nbv_d50,Cube,6,1,0.8256145048181021,0.7072433333333332,0.7072433333333332,0.9252704735974779,0.8609333333333333,0.0033605959507217635,-0.6,0.07320316104947244,0.0,0.2953996661992278
pb_nbv_d50,Cube,3,1,0.798316518434118,0.6847166666666666,0.6847166666666666,0.991291483137756,0.9827333333333333,0.002250093697264823,-0.2,0.07931713487580547,0.4,0.3173642766007106
pb_nbv_d50,Cube,9,1,0.787679908301849,0.6533166666666667,0.6533166666666667,0.838604777205683,0.7220666666666666,0.005277792381027727,-0.8,0.09593613282768551,0.0,0.2957351243981975
pb_nbv_d50,Cube,10,1,0.7216182166980037,0.56836,0.56836,0.8898345853532176,0.8015333333333333,0.0038516071841284295,-0.4,0.12129307402348628,0.2,0.3097635928003001
pb_nbv_d50,Cube,5,1,0.5563803639120669,0.38771666666666665,0.38771666666666665,0.6895271377088567,0.5261666666666667,0.010046438767675274,-0.5,0.1981790607789716,0.0,0.2753532305971021
pb_nbv_d50,Cube,11,1,0.7927455770116868,0.66227,0.66227,0.861372046683746,0.7565,0.0045032069602067544,-0.7,0.09484348578215578,0.0,0.28673279019858455
pb_nbv_d50,Cube,0,1,0.4767518951525049,0.31357,0.31357,0.5139318885448917,0.3458333333333333,0.015164196720631176,-0.9,0.3072951426191124,0.0,0.23047908899898176
pb_nbv_d50,Thin_Irregular,8,1,0.7805611280921746,0.6534033333333333,0.6534033333333333,0.9961687105787087,0.9923666666666666,0.002251854086183215,-0.2,0.07791591066886332,0.2,0.4221572569993441
pb_nbv_d50,Thin_Irregular,13,1,0.8069750776306093,0.6977499999999999,0.6977499999999999,0.9880249620509362,0.9763333333333334,0.0022590891476039167,-0.125,0.061644147913200095,0.4,0.4465523609993397
pb_nbv_d50,Thin_Irregular,4,1,0.7884548142680846,0.6571666666666667,0.6571666666666667,0.8936421301076856,0.8077333333333333,0.004562856599470469,-0.1,0.09015853905128055,0.2,0.4433566696054186
pb_nbv_d50,Thin_Irregular,1,1,0.8041799062462065,0.6812933333333333,0.6812933333333333,0.9513422818791947,0.9072,0.002739081025445565,-0.125,0.07335116285230085,0.4,0.44306772999843813
pb_nbv_d50,Thin_Irregular,12,1,0.7668854975410151,0.6350666666666667,0.6350666666666667,0.9170261538183853,0.8467666666666667,0.003581185445739263,-0.625,0.10658878466966451,0.0,0.45360821799986295
pb_nbv_d50,Thin_Irregular,7,1,0.6394577154928525,0.47063999999999995,0.47063999999999995,0.6735054828440042,0.5077333333333334,0.012874302168365772,-0.7,0.19051769541086405,0.0,0.3860099763973267
pb_nbv_d50,Thin_Irregular,14,1,0.5466040469788734,0.3774266666666667,0.3774266666666667,0.5907222548443922,0.4191666666666667,0.017282688622392156,-0.8,0.2111423045906265,0.0,0.37360359600133963
pb_nbv_d50,Thin_Irregular,2,1,0.6238288232987002,0.4544766666666667,0.4544766666666667,0.660385362477394,0.49296666666666666,0.013198471124765139,-0.7,0.2031046626687713,0.0,0.40611217280384154
pb_nbv_d50,Thin_Irregular,6,1,0.6544526064220244,0.48766333333333334,0.48766333333333334,0.7147080245062337,0.5560666666666667,0.011543517632045697,-0.8,0.16759388159116007,0.0,0.40451584560214543
pb_nbv_d50,Thin_Irregular,3,1,0.7103987107740073,0.56155,0.56155,0.8173611384870108,0.6911333333333334,0.00575442057628813,-0.2,0.12223794291912175,0.2,0.43836215440096565
pb_nbv_d50,Thin_Irregular,9,1,0.5602136171094718,0.38929333333333327,0.38929333333333327,0.5793772937137446,0.4078333333333333,0.018566609278616853,-0.8,0.22571821527203761,0.0,0.3822511709993705
pb_nbv_d50,Thin_Irregular,10,1,0.6093418297078085,0.4384366666666667,0.4384366666666667,0.6363636363636364,0.4666666666666667,0.015530109158962366,-0.7,0.20846038678186313,0.0,0.39719066280085824
pb_nbv_d50,Thin_Irregular,5,1,0.8713377979075245,0.7919433333333333,0.7919433333333333,0.9668887855777675,0.9359,0.002570059909768041,0.0,0.015788642947066854,0.4,0.5005870595996385
pb_nbv_d50,Thin_Irregular,11,1,0.6564416969773815,0.4895033333333333,0.4895033333333333,0.6865148861646234,0.5226666666666666,0.012754914366130465,-0.9,0.16690556824704822,0.0,0.38479263659683055
pb_nbv_d50,Thin_Irregular,0,1,0.648858091555403,0.48174333333333336,0.48174333333333336,0.7238115495054771,0.5671666666666667,0.011518511382892343,-0.5,0.1761735103076822,0.0,0.39183111040038054
