frame_id,mesh_vs_gt_accuracy_mean,mesh_vs_gt_chamfer_l1,mesh_vs_gt_chamfer_l2,mesh_vs_gt_completeness_mean,mesh_vs_gt_fscore@0.002000,mesh_vs_gt_fscore@0.005000,mesh_vs_gt_fscore@0.010000,mesh_vs_gt_precision@0.002000,mesh_vs_gt_precision@0.005000,mesh_vs_gt_precision@0.010000,mesh_vs_gt_recall@0.002000,mesh_vs_gt_recall@0.005000,mesh_vs_gt_recall@0.010000,nksr_vs_gt_accuracy_mean,nksr_vs_gt_chamfer_l1,nksr_vs_gt_chamfer_l2,nksr_vs_gt_completeness_mean,nksr_vs_gt_fscore@0.002000,nksr_vs_gt_fscore@0.005000,nksr_vs_gt_fscore@0.010000,nksr_vs_gt_precision@0.002000,nksr_vs_gt_precision@0.005000,nksr_vs_gt_precision@0.010000,nksr_vs_gt_recall@0.002000,nksr_vs_gt_recall@0.005000,nksr_vs_gt_recall@0.010000,offline_pcd_vs_gt_accuracy_mean,offline_pcd_vs_gt_chamfer_l1,offline_pcd_vs_gt_chamfer_l2,offline_pcd_vs_gt_completeness_mean,offline_pcd_vs_gt_fscore@0.002000,offline_pcd_vs_gt_fscore@0.005000,offline_pcd_vs_gt_fscore@0.010000,offline_pcd_vs_gt_normal_mean_abs_cos,offline_pcd_vs_gt_normal_mean_angle_deg,offline_pcd_vs_gt_precision@0.002000,offline_pcd_vs_gt_precision@0.005000,offline_pcd_vs_gt_precision@0.010000,offline_pcd_vs_gt_recall@0.002000,offline_pcd_vs_gt_recall@0.005000,offline_pcd_vs_gt_recall@0.010000,online_pcd_vs_gt_accuracy_mean,online_pcd_vs_gt_chamfer_l1,online_pcd_vs_gt_chamfer_l2,online_pcd_vs_gt_completeness_mean,online_pcd_vs_gt_fscore@0.002000,online_pcd_vs_gt_fscore@0.005000,online_pcd_vs_gt_fscore@0.010000,online_pcd_vs_gt_normal_mean_abs_cos,online_pcd_vs_gt_normal_mean_angle_deg,online_pcd_vs_gt_precision@0.002000,online_pcd_vs_gt_precision@0.005000,online_pcd_vs_gt_precision@0.010000,online_pcd_vs_gt_recall@0.002000,online_pcd_vs_gt_recall@0.005000,online_pcd_vs_gt_recall@0.010000,time_s
20,nan,nan,nan,nan,nan,nan,nan,nan,nan,nan,nan,nan,nan,nan,nan,nan,nan,nan,nan,nan,nan,nan,nan,nan,nan,nan,0.0024063301450996345,0.06594362484796938,0.004660577322212721,0.06353729470286974,0.0016366612111292963,0.02444987775061125,0.0498793242156074,nan,nan,0.1,1.0,1.0,0.0008250825082508251,0.012376237623762377,0.02557755775577558,nan,nan,nan,nan,nan,nan,nan,nan,nan,nan,nan,nan,nan,nan,nan,1.0
40,0.011110741039694257,0.05500013335020216,0.00271170509514835,0.0438893923105079,0.0828724409448819,0.13874855308964318,0.1958785777067519,0.2288,0.37445,0.5042,0.0506,0.08515,0.12155,0.011460863312588398,0.05776840696562463,0.002874063977065814,0.046307543653036236,0.03255321173671689,0.09065222858739695,0.15721126160661045,0.1069,0.3046,0.49345,0.0192,0.05325,0.0935,0.004844502672853782,0.05151921488705324,0.0027710247736990375,0.04667471221419946,0.034991222937390286,0.11612989891527017,0.17513592946362969,nan,nan,0.22413793103448276,0.7844827586206896,0.8706896551724138,0.018976897689768978,0.0627062706270627,0.09735973597359736,0.0036573214059920436,0.04020856953886002,0.0018342928813642326,0.036551248132867975,0.03680389867505965,0.1519693507191827,0.26111908177905313,nan,nan,0.17058823529411765,0.7823529411764706,1.0,0.020627062706270627,0.08415841584158416,0.15016501650165018,2.0
60,0.0024651171806106104,0.03854262612601946,0.0019051852249115488,0.03607750894540885,0.16918256597417183,0.25191400747590004,0.3251478532158129,0.6143,0.8693,0.94975,0.0981,0.1473,0.19615,0.015122005523475457,0.05751486850495394,0.0027157148094511053,0.04239286298147848,0.08001940964111276,0.12346321272701674,0.18837979485194503,0.18435,0.2756,0.3928,0.0511,0.07955,0.1239,0.0036505597421270003,0.04363888143148684,0.002092143037987334,0.03998832168935983,0.03262683062472966,0.12498594470333954,0.20695579216524498,nan,nan,0.1610738255033557,0.8187919463087249,0.9932885906040269,0.018151815181518153,0.06765676567656766,0.11551155115511551,0.005951590676164677,0.04166863884114079,0.0018303865780580882,0.03571704816497611,0.042779512082321655,0.1761901129081477,0.27146820075544315,nan,nan,0.1574468085106383,0.6340425531914894,0.8680851063829788,0.024752475247524754,0.10231023102310231,0.1608910891089109,3.0
80,0.007003340090773222,0.01716041502181488,0.0003048155264457889,0.01015707493104166,0.27215980418819696,0.4801501903096389,0.671025525248802,0.30735,0.5396,0.74825,0.2442,0.4325,0.60825,0.006308505400995827,0.02070793864020778,0.0004583002967421992,0.014399433239211954,0.22331055679739892,0.40944614168783516,0.5897838084055389,0.32085,0.56455,0.74815,0.17125,0.3212,0.48675,0.004469006795161223,0.024604144443529957,0.0006943398311249568,0.020135137648368735,0.08321816559662719,0.37588481125914064,0.5159131415269341,nan,nan,0.16824644549763032,0.7890995260663507,0.933649289099526,0.05528052805280528,0.2466996699669967,0.3564356435643564,0.003030729428180789,0.03401055829302385,0.0013772265080356108,0.03097982886484306,0.06881172347881491,0.24086328005700902,0.34313055365686945,nan,nan,0.2621359223300971,0.883495145631068,1.0,0.039603960396039604,0.13943894389438943,0.2070957095709571,4.0
100,0.005783071496392317,0.019300263279801118,0.00036081703630995053,0.0135171917834088,0.24987038746190682,0.3650973209404046,0.5591354967881872,0.39055,0.54975,0.7546,0.1837,0.2733,0.4441,0.005735870370550987,0.029917176658479563,0.0009309489321005637,0.024181306287928576,0.17694856304391823,0.2803848786599842,0.4061516005617705,0.37865,0.57255,0.7546,0.11545,0.18565,0.27785,0.002624176901861223,0.028694583323113036,0.0010272275056280543,0.026070406421251812,0.10947938432561287,0.3421693264809305,0.43713733075435207,nan,nan,0.32068965517241377,0.9482758620689655,1.0,0.066006600660066,0.20874587458745875,0.27970297029702973,0.002830829840334465,0.031009906332070278,0.001238252234845126,0.028179076491735813,0.10283222241494659,0.32137586805555557,0.4290343486714193,nan,nan,0.304029304029304,0.9194139194139194,1.0,0.06188118811881188,0.19471947194719472,0.2731023102310231,5.0
120,0.005228783177679431,0.017509637461693844,0.0003856392949059346,0.012280854284014415,0.3186163114268798,0.5313830629490712,0.6722847610427227,0.4183,0.66315,0.80265,0.2573,0.4433,0.57835,0.004804288030514546,0.03213863817386141,0.0010952394769817224,0.027334350143346866,0.07334113280619656,0.18569263324008323,0.368176606729571,0.26735,0.58675,0.8914,0.0425,0.1103,0.232,0.003383800875776003,0.018703239498094267,0.0004675573594548619,0.015319438622318264,0.15229672161511393,0.537207860944685,0.672602487941283,nan,nan,0.22990353697749197,0.8536977491961415,0.9726688102893891,0.11386138613861387,0.3919141914191419,0.514026402640264,0.002679090559534985,0.02726378608477506,0.0009442515875126849,0.024584695525240074,0.13500187242541506,0.3669114151391897,0.47258979206049145,nan,nan,0.328125,0.94375,1.0,0.08498349834983498,0.22772277227722773,0.3094059405940594,6.0
140,0.004399469711074561,0.015628453603809878,0.0003062423884610456,0.011228983892735316,0.3598288736937169,0.5405002836817526,0.7112525927696036,0.4912,0.7089,0.85655,0.2839,0.43675,0.6081,0.005444538761618957,0.021839753370031762,0.0005553911410232482,0.016395214608412804,0.2931501813784764,0.445321509913574,0.5898301621921719,0.4424,0.64285,0.7904,0.2192,0.34065,0.47045,0.0025337513023836232,0.022306696442019994,0.0006715860286347517,0.019772945139636372,0.19450868765937257,0.4669547639795368,0.5824561403508772,nan,nan,0.36936936936936937,0.9436936936936937,1.0,0.132013201320132,0.3102310231023102,0.41089108910891087,0.002741815192106088,0.021014837348143856,0.0005566070025979204,0.018273022156037766,0.12575574365175332,0.4856479205167766,0.5857642940490082,nan,nan,0.23529411764705882,0.9455337690631809,1.0,0.0858085808580858,0.32673267326732675,0.4141914191419142,7.0
160,0.004932675051511581,0.019236735290612723,0.0003945317131011327,0.014304060239101142,0.2669545370758274,0.44351071554993676,0.5909083161297862,0.3952,0.65295,0.8226,0.20155,0.3358,0.46105,0.003348374774079494,0.019758217523943643,0.000466493308245247,0.01640984274986415,0.2688262779489611,0.43227635286812816,0.5954881242584403,0.43915,0.74185,0.9588,0.1937,0.305,0.43185,0.0029550455983101014,0.017124024647775942,0.00036614345588243167,0.01416897904946584,0.17698201086773097,0.5457031494888485,0.6749827270544726,nan,nan,0.2792642140468227,0.8812709030100334,0.9949832775919732,0.12953795379537955,0.3952145214521452,0.5107260726072608,0.003083214012244329,0.014339218786194392,0.0002579237455099646,0.011256004773950062,0.22499094343528436,0.617564356735324,0.7391180447028421,nan,nan,0.29156327543424315,0.8759305210918115,0.9801488833746899,0.18316831683168316,0.4768976897689769,0.5932343234323433,8.0
180,0.004947304618196207,0.012972842525723208,0.0001955931032278305,0.008025537907527,0.4017176291977896,0.6019689611400024,0.7409376983329986,0.4757,0.6828,0.8133,0.34765,0.53825,0.6804,0.0046964262612987934,0.01508770386798938,0.00025884808623401006,0.010391277606690586,0.35641009038176175,0.5340687063095779,0.6891927431059506,0.4433,0.6466,0.8159,0.298,0.4549,0.59655,0.004085255343256034,0.012964344877943382,0.0001943790539048215,0.008879089534687348,0.24089030771807377,0.6429225841723314,0.7739024321026193,nan,nan,0.27199191102123355,0.7987866531850354,0.9191102123356926,0.21617161716171618,0.5379537953795379,0.6683168316831684,0.0041225313270577095,0.012996829119598778,0.00017745096383439695,0.008874297792541069,0.16097391304347825,0.6329396049341638,0.771627837958154,nan,nan,0.1780821917808219,0.7935420743639922,0.9285714285714286,0.14686468646864687,0.5264026402640264,0.6600660066006601,9.0
200,0.004738749304866619,0.012443818421236538,0.00017377105763687777,0.007705069116369918,0.3816121270452358,0.5975949427087627,0.7555901706596653,0.4455,0.68025,0.83025,0.33375,0.53285,0.69325,0.00470946117899781,0.0134449138753093,0.0001955907867529343,0.008735452696311489,0.3426625303614802,0.5568501541035575,0.7428798763145711,0.40045,0.64665,0.85535,0.29945,0.48895,0.65655,0.004335345605934371,0.012231336046248334,0.00016080654554424795,0.007895990440313963,0.22311044318024761,0.6574096027981241,0.7948050165197729,nan,nan,0.2295786758383491,0.7558039552880481,0.9019776440240757,0.21699669966996699,0.5816831683168316,0.7103960396039604,0.00437115600154758,0.012766355550094415,0.00016796109391079686,0.008395199548546835,0.20193810565801812,0.6233237141402139,0.7806633949946831,nan,nan,0.21794871794871795,0.7472527472527473,0.9120879120879121,0.18811881188118812,0.5346534653465347,0.6823432343234324,10.0
220,0.00449567669384464,0.012072585024294251,0.0001659176763236939,0.007576908330449611,0.38266281102462674,0.6187643610039378,0.7644256767709514,0.45185,0.70685,0.843,0.33185,0.5502,0.69925,0.004940023751746628,0.01379302236629092,0.00019960648991977552,0.008852998614544293,0.31346327523944106,0.5376928881774525,0.7437885400469778,0.3583,0.6165,0.85045,0.2786,0.47675,0.6609,0.004683207284864677,0.01239766747799295,0.0001549657209579192,0.007714460193128273,0.17853923165736157,0.6380410818362402,0.7957093741229301,nan,nan,0.1832191780821918,0.7243150684931506,0.8938356164383562,0.1740924092409241,0.5701320132013201,0.716996699669967,0.004438473588970925,0.012905534445982705,0.00017813851207979943,0.008467060857011781,0.215535018712289,0.6359173354499221,0.7782260733979528,nan,nan,0.22666666666666666,0.7395555555555555,0.8968888888888888,0.20544554455445543,0.5577557755775577,0.6872937293729373,11.0
240,0.004815675448138774,0.012993461882238107,0.00019055552490507502,0.008177786434099334,0.3755095493979024,0.5945643273162873,0.7415408456814844,0.45025,0.68555,0.82435,0.32205,0.5249,0.67385,0.0049114797579276346,0.014334903605395292,0.0002153682056637386,0.009423423847467657,0.30116592562651573,0.5297822710353385,0.7251642890883326,0.35925,0.63205,0.8491,0.25925,0.456,0.6328,0.0043677047720485605,0.012663707012213596,0.0001714978412215262,0.008296002240165036,0.21444762667462974,0.641789216303255,0.7902411100055882,nan,nan,0.22940655447298494,0.7395925597874224,0.9105403011514615,0.20132013201320131,0.5668316831683168,0.698019801980198,0.006512737183031169,0.014553841784563832,0.00021645062131179168,0.008041104601532663,0.1556185689543926,0.5952091608643008,0.7477718547860349,nan,nan,0.15612489991993594,0.6469175340272217,0.8118494795836669,0.1551155115511551,0.5511551155115512,0.693069306930693,12.0
260,0.004098593700734616,0.010937154868829627,0.00013840682550869866,0.006838561168095012,0.38704260764638637,0.6434125134511914,0.8080467881171085,0.44465,0.7184,0.88205,0.34265,0.5826,0.7455,0.004607134278649903,0.011940309932033592,0.00015462070123490972,0.007333175653383688,0.35014089163822526,0.5859749692209721,0.8010769766577921,0.37425,0.6302,0.87985,0.32895,0.54755,0.73525,0.0046307022217845495,0.01199109048068292,0.00014725872384067993,0.007360388258898371,0.19442672202811956,0.6555596209705722,0.812499724822896,nan,nan,0.19252187748607796,0.7088305489260143,0.898170246618934,0.19636963696369636,0.6097359735973598,0.7417491749174917,0.007209470104386842,0.015218029213940977,0.00023878862440011698,0.008008559109554135,0.13886532198472865,0.5853107636868353,0.7338697883600616,nan,nan,0.1359447004608295,0.6282642089093702,0.7818740399385561,0.1419141914191419,0.5478547854785478,0.6914191419141914,13.0
280,0.006994025001215316,0.01414374437216501,0.00021826764419811918,0.007149719370949694,0.33772611989702095,0.5549767776130801,0.7328342416697928,0.3669,0.5864,0.74485,0.31285,0.52675,0.7212,0.0072471784330620775,0.01634683168775463,0.00027820908649879285,0.009099653254692551,0.2909228942234286,0.48947485878555574,0.6888743116294137,0.3282,0.55125,0.7575,0.26125,0.44015,0.63165,0.00707508654929119,0.01449111499204831,0.0002272407065828089,0.007416028442757119,0.16235213376120428,0.6124086905977033,0.7575118961747267,nan,nan,0.1553903345724907,0.6475836431226766,0.7977695167286245,0.16996699669966997,0.5808580858085809,0.7211221122112211,0.007785334551297709,0.015651526129827086,0.0002558936680028461,0.007866191578529377,0.16429578556506205,0.5745195666255986,0.7245280833718677,nan,nan,0.1536189069423929,0.6019202363367799,0.759970457902511,0.17656765676567657,0.5495049504950495,0.6922442244224423,14.0
300,0.006087176757161925,0.014774794155235004,0.0002260250150712372,0.00868761739807308,0.3137065081351689,0.5438196330690828,0.7053829274301402,0.363,0.61855,0.76975,0.2762,0.4852,0.65095,0.006594194072246654,0.01764527327490303,0.00030095582440812363,0.011051079202656376,0.24123047136340597,0.4444054891544932,0.6552476500280425,0.2831,0.5096,0.7632,0.21015,0.394,0.57405,0.006009634253030359,0.014550326699724081,0.00020867971101458355,0.008540692446693723,0.2146987653999766,0.554955491824649,0.7338758997036271,nan,nan,0.2228813559322034,0.6313559322033898,0.826271186440678,0.2070957095709571,0.49504950495049505,0.6600660066006601,0.012452201291820276,0.020052922742549252,0.00047188081797747486,0.0076007214507289745,0.1470251639222867,0.5345783106955946,0.6735200018262919,nan,nan,0.12859767299448868,0.5125535823637477,0.6429883649724434,0.1716171617161716,0.5585808580858086,0.7070957095709571,15.0
320,0.004327787605082162,0.011697932228745857,0.0001516002571847325,0.007370144623663694,0.38565122753733233,0.6181771761616804,0.77575828460039,0.4562,0.70855,0.854,0.334,0.54825,0.71065,0.0052334672815905975,0.013806708051604593,0.00019693658193215504,0.008573240770013996,0.31851764157539036,0.5397283018867924,0.7364161891646795,0.35445,0.59595,0.82105,0.2892,0.4932,0.6676,0.005001017354396836,0.012718225681698916,0.00015947657019802362,0.00771720832730208,0.19518452318368204,0.6229540197351084,0.7846911327193058,nan,nan,0.19734660033167495,0.7014925373134329,0.8665008291873963,0.19306930693069307,0.5602310231023102,0.716996699669967,0.012452201291820276,0.020052922742549252,0.00047188081797747486,0.0076007214507289745,0.1470251639222867,0.5345783106955946,0.6735200018262919,nan,nan,0.12859767299448868,0.5125535823637477,0.6429883649724434,0.1716171617161716,0.5585808580858086,0.7070957095709571,16.0
340,0.006333883914489087,0.01275098667047626,0.00018748759933843816,0.006417102755987173,0.3655710899182562,0.59901585,0.776394046239052,0.3899,0.6243,0.77855,0.3441,0.5757,0.77425,0.007921637609737206,0.015994826383247396,0.00025688074416611157,0.00807318877351019,0.2603431351869607,0.48009559014942466,0.7073702621537591,0.27105,0.48635,0.72035,0.25045,0.474,0.69485,0.007207580732270246,0.014261123896276184,0.00021548697397814198,0.007053543164005938,0.14743728558565747,0.6116814473414197,0.7675316320755378,nan,nan,0.1343385880740233,0.6196024674434544,0.7840986977381769,0.16336633663366337,0.6039603960396039,0.7516501650165016,0.012452201291820276,0.020052922742549252,0.00047188081797747486,0.0076007214507289745,0.1470251639222867,0.5345783106955946,0.6735200018262919,nan,nan,0.12859767299448868,0.5125535823637477,0.6429883649724434,0.1716171617161716,0.5585808580858086,0.7070957095709571,17.0
360,0.011320472100121569,0.017725846252847212,0.0004108958476660501,0.006405374152725642,0.3263365732230392,0.5475940069273539,0.7145163535142659,0.32185,0.52565,0.665,0.33095,0.57145,0.772,0.01253245001638617,0.02031075901066754,0.000476062340711098,0.007778308994281372,0.2887335164835165,0.46506235112718,0.6324912105551641,0.2644,0.42105,0.57635,0.318,0.51935,0.70075,0.012863772648594968,0.019879472089292687,0.000484198918100909,0.007015699440697717,0.1527617535091202,0.5420541689250468,0.6944720069321256,nan,nan,0.132309509746013,0.505611340815121,0.6503248670998228,0.1806930693069307,0.5841584158415841,0.745049504950495,0.012234064064287106,0.01958162180235107,0.0004627681691629048,0.007347557738063965,0.16510336597109337,0.543985573378718,0.6876852814544058,nan,nan,0.1424260712130356,0.5208207604103802,0.6572118286059143,0.19636963696369636,0.5693069306930693,0.7211221122112211,18.0
380,0.010751794163223792,0.016579989959614183,0.00038419789626935585,0.00582819579639039,0.334312970711297,0.5913179327206812,0.7457924905258959,0.3248,0.561,0.68345,0.3444,0.6251,0.82065,0.011444317064240426,0.01720275153351783,0.000399157509930154,0.005758434469277404,0.338184,0.5540556480169972,0.716413051085875,0.30195,0.4869,0.63415,0.3843,0.6427,0.8232,0.011629277053566206,0.017569566480206134,0.00039944797370479457,0.005940289426639929,0.12362748955434526,0.5788936915225252,0.7404600605596556,nan,nan,0.09913573970513473,0.5149974580579563,0.6715810879511948,0.16419141914191418,0.6608910891089109,0.8250825082508251,0.011835031500989251,0.0183629580290168,0.00041940993736737657,0.0065279265280275495,0.1656208287945504,0.5586440581980868,0.7140237747983188,nan,nan,0.13655913978494624,0.5091397849462366,0.6591397849462366,0.2103960396039604,0.6188118811881188,0.7788778877887789,19.0
400,0.011203024104343023,0.017606275480940136,0.00040378115987359215,0.006403251376597114,0.2946893072161451,0.5561118549762183,0.7201861489053111,0.2885,0.5331,0.67175,0.30115,0.5812,0.77615,0.011113211091353563,0.017589210813690026,0.00038932795757025396,0.006475999722336461,0.292403621287757,0.5279872,0.6974647077610988,0.26535,0.47595,0.6342,0.3256,0.5928,0.77475,0.011949005298424551,0.018347502535409715,0.00043103085300222994,0.0063984972369851645,0.1458402386476632,0.5601400826471405,0.7265403016758835,nan,nan,0.12188365650969529,0.518005540166205,0.6692520775623269,0.18151815181518152,0.6097359735973598,0.7945544554455446,0.011780050502501456,0.018293363592788412,0.0004155178169574867,0.006513313090286956,0.15853012159114072,0.555827473042663,0.7166366020200766,nan,nan,0.12971823498139287,0.5055821371610846,0.6624136097820308,0.2037953795379538,0.6171617161716172,0.7805280528052805,20.0
420,0.010453981545882852,0.01677176492666217,0.00037012978680831595,0.006317783380779316,0.314454726130853,0.5753481331944083,0.7280488405499692,0.31195,0.55885,0.6849,0.317,0.59285,0.777,0.011857785877761685,0.018016776930227525,0.00042824353563702706,0.00615899105246584,0.31675609756097567,0.5432785053509885,0.698048129949095,0.2886,0.4848,0.62675,0.351,0.6178,0.78765,0.01159426154853906,0.01799912826751996,0.0004029549154017163,0.006404866718980903,0.15295225300038612,0.5521613315208704,0.722364085329977,nan,nan,0.12525773195876289,0.4979381443298969,0.668041237113402,0.19636963696369636,0.6196369636963697,0.7863036303630363,0.011643791364083078,0.018080079271152093,0.0004091243729636018,0.006436287907069015,0.16122840690978885,0.5617795825481139,0.7228665194269377,nan,nan,0.13166144200626959,0.5104493207941484,0.6677115987460815,0.2079207920792079,0.6245874587458746,0.7879537953795379,21.0
440,0.01035733280082037,0.016538224705738448,0.00036464280930598744,0.006180891904918077,0.30399195922058697,0.5809755556510898,0.7453685959521742,0.29905,0.56365,0.69975,0.3091,0.5994,0.79735,0.010799044140053872,0.01715915900806572,0.0003784361856466886,0.006360114868011846,0.31635453761755483,0.539765350435181,0.7078334207856718,0.28995,0.4886,0.64475,0.34805,0.6029,0.7846,0.011186096362416527,0.017516315865257523,0.000390190912556988,0.006330219502840998,0.14296885101562068,0.5756440343906153,0.7376799989142384,nan,nan,0.1197339246119734,0.5338137472283814,0.6890243902439024,0.1773927392739274,0.6245874587458746,0.7937293729372937,0.011612085865304064,0.0180491990042321,0.00040769162300109945,0.006437113138928036,0.15663860673645413,0.5631853315199886,0.7235155815640931,nan,nan,0.12688507540301613,0.5122204888195527,0.6682267290691628,0.20462046204620463,0.6254125412541254,0.7887788778877888,22.0
460,0.00976850015822621,0.015510516420563964,0.0003272231708244971,0.005742016262337755,0.30686749430153043,0.6147764414688578,0.7636980323169142,0.29865,0.5873,0.7141,0.31555,0.64495,0.8207,0.010925745115006975,0.01678705749355265,0.0003659487277630347,0.005861312378545678,0.319622380405664,0.5480673205827152,0.7135874606850309,0.2788,0.47965,0.6394,0.37445,0.63925,0.80725,0.010994122741671618,0.017201609482947754,0.00037268220483731377,0.006207486741276135,0.134934161409395,0.5810237355586688,0.7376253758406206,nan,nan,0.10887512899896801,0.5273477812177503,0.6852425180598555,0.1773927392739274,0.6468646864686468,0.7986798679867987,0.011505818406994231,0.017857878212763332,0.00040140167688039566,0.006352059805769101,0.15739516086039304,0.5671871447399797,0.7282384408967597,nan,nan,0.12724474089276552,0.517188301693176,0.672139558748076,0.20627062706270627,0.6278877887788779,0.7945544554455446,23.0
480,0.010693821698425221,0.016706040394759668,0.000381494598244265,0.006012218696334445,0.3395115656268394,0.5797665160318485,0.7407990599294948,0.3299,0.5555,0.69125,0.3497,0.60625,0.798,0.011518219874626145,0.01771672094141125,0.00041310051420976565,0.006198501066785105,0.31969547134935306,0.5381346159131509,0.7028377841908918,0.2847,0.4812,0.6373,0.3645,0.61035,0.7834,0.011817218893900434,0.01820481176542329,0.0004214771056542286,0.006387592871522854,0.1454561880992445,0.5736758754701957,0.7240501306173737,nan,nan,0.11991657977059438,0.5229405630865485,0.6715328467153284,0.1848184818481848,0.6353135313531353,0.7854785478547854,0.011410205874759417,0.017739616979113384,0.0003971221880394539,0.006329411104353967,0.16371446221034636,0.5708328030621934,0.7316497734760595,nan,nan,0.1311392405063291,0.5210126582278481,0.6779746835443038,0.21782178217821782,0.6311881188118812,0.7945544554455446,24.0
500,0.010196896320391028,0.01631131969330442,0.0003443309055160621,0.006114423372913392,0.3138259934697778,0.5620496401918977,0.743677930942184,0.30835,0.54225,0.6959,0.3195,0.58335,0.7985,0.010792584319417233,0.0167360775717088,0.00035733690276473404,0.0059434932522915655,0.30995322047244095,0.52510188855211,0.7148310680283884,0.26855,0.45925,0.64955,0.36645,0.613,0.7947,0.011266872015467588,0.017349191556991647,0.00037250021504012666,0.0060823195415240575,0.13581518368111228,0.5675353162603597,0.7342682980398517,nan,nan,0.11133603238866396,0.5086032388663968,0.6685222672064778,0.1740924092409241,0.641914191419142,0.8143564356435643,0.011690996856362943,0.017438006817119385,0.000390224124808052,0.0057470099607564405,0.1467279126057408,0.5760246290324934,0.7386889022779846,nan,nan,0.11625708884688091,0.5042533081285444,0.6597353497164461,0.19884488448844884,0.6716171617161716,0.8391089108910891,25.0
520,0.00987908589873587,0.01526686415143525,0.00032678606694217394,0.00538777825269938,0.32523468181469256,0.6219657885239985,0.7798688263747453,0.3137,0.5928,0.7185,0.33765,0.65415,0.8527,0.010836940623039014,0.01618782913749202,0.00035283613880157373,0.005350888514453005,0.30404420330327936,0.5408793874508742,0.74951201656097,0.2594,0.4701,0.66805,0.36725,0.63675,0.8536,0.011280190116997537,0.01649196588185899,0.00035863326822159995,0.005211775764861451,0.13629671396798546,0.593378762146147,0.7612847287105623,nan,nan,0.10685954269715352,0.5142323845076995,0.67895473635091,0.18811881188118812,0.7013201320132013,0.8663366336633663,0.01192149984288659,0.017417691619647842,0.0003891543382019199,0.005496191776761252,0.14389581736520513,0.575524384105634,0.7362204038607305,nan,nan,0.11221719457013575,0.49502262443438916,0.6479638009049774,0.2004950495049505,0.6872937293729373,0.8523102310231023,26.0
540,0.01051234475861832,0.016343587064679158,0.00035943548225396643,0.0058312423060608385,0.294211683790439,0.5785219625765285,0.7586009947969502,0.2865,0.5521,0.6999,0.30235,0.6076,0.82805,0.011661843020103263,0.01736994816016915,0.0003914791385187062,0.005708105140065885,0.2845098755898756,0.527159663670898,0.7212386407038602,0.24665,0.45755,0.63985,0.3361,0.62175,0.82635,0.012278387521178855,0.01774762894795056,0.00040566284547065637,0.005469241426771706,0.130410641431089,0.5680733810554789,0.7351527723888462,nan,nan,0.10124826629680998,0.4891354600092464,0.646786870087841,0.18316831683168316,0.6773927392739274,0.8514851485148515,0.013350401411591637,0.018836367003349005,0.0004489634661904627,0.005485965591757368,0.13594690741822396,0.5526513757062599,0.7101610541727672,nan,nan,0.10372910415773683,0.4624946420917274,0.6082297471067295,0.1971947194719472,0.6864686468646864,0.8531353135313532,27.0
560,0.01253099763757684,0.01903581693299601,0.0004397186309726014,0.00650481929541917,0.27537026318169483,0.5108558989310009,0.6761282103725347,0.25935,0.4712,0.6088,0.2935,0.5578,0.7602,0.01298861107466198,0.019193042197248485,0.000446145450192623,0.006204431122586504,0.27241853432942015,0.48342067718275894,0.67347932618683,0.2317,0.4135,0.5943,0.3305,0.5818,0.777,0.013132409540285805,0.018991295977276744,0.00044342550723898725,0.005858886436990937,0.16066222000130356,0.5248106245553339,0.6998094658462659,nan,nan,0.1267092069279854,0.4512306289881495,0.6125797629899726,0.21947194719471946,0.6270627062706271,0.816006600660066,0.01335554855617571,0.018759837572959542,0.0004462365134315789,0.005404289016783831,0.15986678755340644,0.5412572487487527,0.7065124830307018,nan,nan,0.12176495545184557,0.44887568943572337,0.6033092914722105,0.23267326732673269,0.6815181518151815,0.8523102310231023,28.0
580,0.012180535368317874,0.018039725021977607,0.0004219156730177358,0.005859189653659735,0.28851636332269476,0.5531522955523672,0.7126054895322325,0.27035,0.5078,0.63425,0.3093,0.6074,0.81305,0.01244670995503988,0.01806026358193229,0.0004123941848645891,0.005613553626892409,0.2827196711585728,0.4978400951557094,0.6926411456317512,0.23485,0.41235,0.5978,0.3551,0.62805,0.82325,0.013016468774075127,0.018484208240818815,0.0004331245563186834,0.005467739466743687,0.1583927621402366,0.5387989825634977,0.7141750174019253,nan,nan,0.12214069917997411,0.45058264997842035,0.6176089771255935,0.22524752475247525,0.66996699669967,0.8465346534653465,0.013691676669358749,0.019149351412471035,0.0004592719541240813,0.005457674743112287,0.1332209339284974,0.5431454779863961,0.7008776007169433,nan,nan,0.10037484381507705,0.4489795918367347,0.5943356934610579,0.19801980198019803,0.6872937293729373,0.8539603960396039,29.0
592,0.012369563481375372,0.0180853591297997,0.0004237763987772033,0.00571579564842433,0.28218497313485424,0.5473075844602234,0.7159523576177096,0.26225,0.4978,0.62995,0.3054,0.60775,0.82915,0.012453554312183517,0.017928801518967218,0.0004144535375489638,0.005475247206783701,0.29307564312633133,0.5023565720847887,0.6989134931125643,0.24445,0.41995,0.59945,0.36585,0.625,0.83795,0.013209904396810883,0.018581869658793368,0.00043723329254273725,0.0053719652619824846,0.13369446205267102,0.5504775791373423,0.7115548452538503,nan,nan,0.10091344062635929,0.4602000869943454,0.6107003044802087,0.19801980198019803,0.6848184818481848,0.8523102310231023,0.01375678141080826,0.019158739639737077,0.00046423936665947305,0.005401958228928817,0.16900877127275057,0.5356532534871833,0.6973694591154201,nan,nan,0.12722751761292997,0.44053046000828844,0.5893079154579361,0.25165016501650167,0.6831683168316832,0.8539603960396039,29.6
