frame_id,mesh_vs_gt_accuracy_mean,mesh_vs_gt_chamfer_l1,mesh_vs_gt_chamfer_l2,mesh_vs_gt_completeness_mean,mesh_vs_gt_fscore@0.000500,mesh_vs_gt_fscore@0.001000,mesh_vs_gt_fscore@0.005000,mesh_vs_gt_precision@0.000500,mesh_vs_gt_precision@0.001000,mesh_vs_gt_precision@0.005000,mesh_vs_gt_recall@0.000500,mesh_vs_gt_recall@0.001000,mesh_vs_gt_recall@0.005000,nksr_vs_mesh_accuracy_mean,nksr_vs_mesh_chamfer_l1,nksr_vs_mesh_chamfer_l2,nksr_vs_mesh_completeness_mean,nksr_vs_mesh_fscore@0.000500,nksr_vs_mesh_fscore@0.001000,nksr_vs_mesh_fscore@0.005000,nksr_vs_mesh_precision@0.000500,nksr_vs_mesh_precision@0.001000,nksr_vs_mesh_precision@0.005000,nksr_vs_mesh_recall@0.000500,nksr_vs_mesh_recall@0.001000,nksr_vs_mesh_recall@0.005000,offline_pcd_vs_gt_accuracy_mean,offline_pcd_vs_gt_chamfer_l1,offline_pcd_vs_gt_chamfer_l2,offline_pcd_vs_gt_completeness_mean,offline_pcd_vs_gt_fscore@0.000500,offline_pcd_vs_gt_fscore@0.001000,offline_pcd_vs_gt_fscore@0.005000,offline_pcd_vs_gt_normal_mean_abs_cos,offline_pcd_vs_gt_normal_mean_angle_deg,offline_pcd_vs_gt_precision@0.000500,offline_pcd_vs_gt_precision@0.001000,offline_pcd_vs_gt_precision@0.005000,offline_pcd_vs_gt_recall@0.000500,offline_pcd_vs_gt_recall@0.001000,offline_pcd_vs_gt_recall@0.005000,online_pcd_vs_gt_accuracy_mean,online_pcd_vs_gt_chamfer_l1,online_pcd_vs_gt_chamfer_l2,online_pcd_vs_gt_completeness_mean,online_pcd_vs_gt_fscore@0.000500,online_pcd_vs_gt_fscore@0.001000,online_pcd_vs_gt_fscore@0.005000,online_pcd_vs_gt_normal_mean_abs_cos,online_pcd_vs_gt_normal_mean_angle_deg,online_pcd_vs_gt_precision@0.000500,online_pcd_vs_gt_precision@0.001000,online_pcd_vs_gt_precision@0.005000,online_pcd_vs_gt_recall@0.000500,online_pcd_vs_gt_recall@0.001000,online_pcd_vs_gt_recall@0.005000,time_s
40,0.004019964537969499,0.030115338094389404,0.0008858511493903322,0.026095373556419905,0.019113104414856343,0.04345612213740458,0.1066455666551843,0.1324,0.3041,0.6678,0.0103,0.0234,0.05795,nan,nan,nan,nan,nan,nan,nan,nan,nan,nan,nan,nan,nan,0.0023963782840326834,0.03783374038126403,0.0014940955307589556,0.03543736209723135,0.0,0.003149606299212599,0.09133858267716537,nan,nan,0.0,0.034482758620689655,1.0,0.0,0.0016501650165016502,0.04785478547854786,0.00281375965277992,0.03817768423125066,0.0014922377343103024,0.03536392457847074,0.0,0.0015735641227380016,0.08675432751798316,nan,nan,0.0,0.01694915254237288,0.9830508474576272,0.0,0.0008250825082508251,0.04537953795379538,2.0
60,0.004649796955344874,0.01940047681635316,0.0004647380070962454,0.014750679861008285,0.06446924947880472,0.13788576158940397,0.5107085280534089,0.09515,0.1955,0.68705,0.04875,0.1065,0.4064,0.0033611453566379586,0.01039775964354427,0.00010266907884890226,0.007036614286906311,0.08267146348085799,0.17849707991803282,0.5637793057073212,0.1215,0.2523,0.7308,0.06265,0.1381,0.4589,0.003313976651264131,0.020545898245097255,0.0005557205023241125,0.017231921593833126,0.004314994606256743,0.012944983818770227,0.5055825196760939,nan,nan,0.006230529595015576,0.018691588785046728,0.8644859813084113,0.0033003300330033004,0.009900990099009901,0.3572607260726073,0.003429031096940553,0.020757507648405553,0.0005497101043917295,0.017328476551465,0.001100715465052284,0.013208585580627409,0.48560452923790587,nan,nan,0.001652892561983471,0.019834710743801654,0.8446280991735537,0.0008250825082508251,0.009900990099009901,0.34075907590759075,3.0
80,0.004046191301359759,0.020256129194287736,0.0005523845739402147,0.016209937892927975,0.083759900990099,0.17526646364674536,0.512324,0.13015,0.2625,0.7305,0.06175,0.13155,0.3945,0.0030268811176439024,0.010718654855455973,0.00013912407955576895,0.007691773737812071,0.08899804677460808,0.18677382341984355,0.6311403189756412,0.12565,0.25545,0.79775,0.0689,0.1472,0.5221,0.003316929325418167,0.02003741168738956,0.0005411750304998137,0.016720482361971392,0.006427423674343868,0.0192822710230316,0.5354724272661331,nan,nan,0.00916030534351145,0.02748091603053435,0.8488549618320611,0.0049504950495049506,0.01485148514851485,0.3910891089108911,0.003344975913896739,0.019492551463694874,0.0005024758540118961,0.016147575549798135,0.0,0.01588141874007411,0.5244080953090872,nan,nan,0.0,0.022156573116691284,0.8360413589364845,0.0,0.012376237623762377,0.382013201320132,4.0
100,0.0043787512154330865,0.013908988159034536,0.00023662105328714223,0.00953023694360145,0.10931013855289201,0.21016953824948312,0.6069915955665418,0.13595,0.258,0.7392,0.0914,0.1773,0.5149,0.002787446484697601,0.007903199981462595,8.516469676574012e-05,0.0051157534967649935,0.17192890065845978,0.3208670076923077,0.7386912974736771,0.19645,0.36165,0.8009,0.15285,0.28835,0.68545,0.003379773043557433,0.013007143501652796,0.00021008024533720825,0.009627370458095363,0.0026258205689277904,0.036761487964989056,0.6473724425889648,nan,nan,0.0027958993476234857,0.0391425908667288,0.8070829450139795,0.0024752475247524753,0.034653465346534656,0.5404290429042904,0.003240706996985307,0.013100424190466593,0.00022792642670830328,0.009859717193481287,0.002678571428571428,0.03482142857142857,0.6811351914313921,nan,nan,0.0029182879377431907,0.037937743190661476,0.8550583657587548,0.0024752475247524753,0.03217821782178218,0.566006600660066,5.0
120,0.00426645194558444,0.013902023342057937,0.00023481861922931843,0.009635571396473497,0.07163099355713802,0.1529552573062262,0.6099522285072411,0.08615,0.18385,0.71395,0.0613,0.13095,0.5324,0.00270227490613253,0.007137436117112683,6.439592398737078e-05,0.0044351612109801535,0.18123135964912282,0.3421701631701632,0.7524872594405132,0.197,0.362,0.80795,0.1678,0.3244,0.70415,0.003858478071800618,0.01257671885445338,0.0001902326938258205,0.008718240782652762,0.0031974420463629096,0.03635405690200211,0.6654613096507214,nan,nan,0.0031007751937984496,0.03488372093023256,0.7550387596899225,0.0033003300330033004,0.037953795379537955,0.5948844884488449,0.003172619072717972,0.01070428376924053,0.00014696010175139736,0.007531664696522559,0.006796941376380629,0.0594732370433305,0.7215452938048131,nan,nan,0.0070052539404553416,0.06129597197898424,0.840630472854641,0.006600660066006601,0.057755775577557754,0.6320132013201321,6.0
140,0.004811460595027631,0.011662981185215313,0.00015013830543315513,0.0068515205901876815,0.07792711111111111,0.15811461094651488,0.6494004748047174,0.0868,0.17915,0.7007,0.0707,0.1415,0.6051,0.0029555358934553757,0.007152337326947398,6.499369911590627e-05,0.004196801433492023,0.19175114006514654,0.3618890207715133,0.7452516370940743,0.19675,0.3741,0.7802,0.187,0.35045,0.7133,0.003962311063177894,0.011127428737197189,0.00013365419265864764,0.007165117674019295,0.005548949663099484,0.032500990883868416,0.6775690587302579,nan,nan,0.005339435545385202,0.031273836765827616,0.7269260106788711,0.005775577557755775,0.03382838283828383,0.6344884488448845,0.003863389035125333,0.009431728732646834,8.434381560332305e-05,0.005568339697521501,0.002272727272727273,0.023484848484848487,0.7361312187417741,nan,nan,0.0021008403361344537,0.021708683473389355,0.7696078431372549,0.0024752475247524753,0.02557755775577558,0.7054455445544554,7.0
160,0.0038051877537624576,0.008155460461018438,6.319857976159809e-05,0.004350272707255982,0.09560457856399583,0.1990561984503874,0.7101747820278442,0.103,0.21415,0.73675,0.0892,0.18595,0.68545,0.002911673766117173,0.0061752005517192975,5.3567654092188375e-05,0.003263526785602124,0.22266058295964125,0.392496,0.7955230566203733,0.2143,0.3774,0.7856,0.2317,0.40885,0.8057,0.004379771811894384,0.009555528740527727,8.404151369807331e-05,0.005175756928633343,0.0035688793718772305,0.03140613847251963,0.7215755988427658,nan,nan,0.0031446540880503146,0.027672955974842768,0.7245283018867924,0.004125412541254125,0.036303630363036306,0.7186468646864687,0.003952694386684539,0.008700860354053801,6.73630766503562e-05,0.004748165967369263,0.0014326647564469916,0.02363896848137536,0.7591572760878329,nan,nan,0.0012658227848101266,0.02088607594936709,0.7575949367088608,0.0016501650165016502,0.027227722772277228,0.7607260726072608,8.0
180,0.0036995226778842615,0.007446596885537489,5.861711240556856e-05,0.0037470742076532275,0.11204033837934105,0.23346164602903502,0.7769891919711785,0.1177,0.24735,0.79,0.1069,0.22105,0.7644,0.0027681420261853585,0.005559582166098946,4.769894586301493e-05,0.002791440139913587,0.23976623376623377,0.45068997068097577,0.8229306858548137,0.22625,0.4283,0.80325,0.255,0.47555,0.8436,0.004054257204354734,0.008511959874379433,6.220644206369227e-05,0.0044577026700247,0.004755434782608696,0.03804347826086957,0.750906073832182,nan,nan,0.0040415704387990765,0.03233256351039261,0.7292147806004619,0.005775577557755775,0.0462046204620462,0.7739273927392739,0.003906953458400428,0.008533266137371653,6.558425811121056e-05,0.004626312678971225,0.0,0.02688362221436151,0.763302451422481,nan,nan,0.0,0.023529411764705882,0.7585139318885449,0.0,0.03135313531353135,0.7681518151815182,9.0
200,0.0037819314730360575,0.007452681884164711,6.322624823769417e-05,0.0036707504111286532,0.12688662082514734,0.2455240861088546,0.7722445581094206,0.13405,0.2591,0.7743,0.12045,0.2333,0.7702,0.00280200209104399,0.005635875515263336,4.7980132483555076e-05,0.002833873424219346,0.2147716922367055,0.40001486988847584,0.8319677447447448,0.19615,0.366,0.81145,0.2373,0.441,0.85355,0.004106097521109933,0.008542501914553618,6.301732638379251e-05,0.0044364043934436844,0.004022795843110962,0.023466309084813945,0.7513348619601616,nan,nan,0.0033879164313946925,0.019762845849802372,0.7413890457368718,0.0049504950495049506,0.028877887788778877,0.7615511551155115,0.0038959911742752263,0.008279494156595409,6.056810681886234e-05,0.004383502982320183,0.0034281796366129585,0.029482344874871443,0.7792492097826856,nan,nan,0.002932551319648094,0.025219941348973606,0.7577712609970675,0.004125412541254125,0.03547854785478548,0.801980198019802,10.0
220,0.0033560929428716143,0.006507189569722344,5.1787723289688394e-05,0.0031510966268507297,0.13278430265386787,0.261549188156638,0.8297843817787419,0.13515,0.269,0.8262,0.1305,0.2545,0.8334,0.0027588614855839767,0.005713671028387993,4.899054395266258e-05,0.0029548095428040162,0.2209329131022062,0.41362469647794203,0.8267245397103729,0.206,0.38485,0.81405,0.2382,0.44705,0.8398,0.0037032351591122403,0.007875222254497855,5.5089086675115436e-05,0.004171987095385614,0.005324459234608985,0.027552440839053425,0.809475,nan,nan,0.004461795872838818,0.02286670384829894,0.7914110429447853,0.006600660066006601,0.034653465346534656,0.8283828382838284,0.0038766055075358237,0.008125016535312817,5.8181363853605574e-05,0.004248411027776994,0.0033863867253640365,0.02912292583813071,0.7863402646058981,nan,nan,0.002871912693854107,0.02469844916714532,0.7616312464101092,0.004125412541254125,0.03547854785478548,0.8127062706270627,11.0
240,0.002799709905674645,0.005470798023304978,3.1074495341838504e-05,0.0026710881176303337,0.1561646446862996,0.2939071270624256,0.8611173808279625,0.15855,0.2975,0.85585,0.15385,0.2904,0.86645,0.0026798375113737697,0.0053959748483841325,4.880376749774547e-05,0.0027161373370103627,0.2812140174556995,0.4913853025791147,0.8331985932813437,0.2577,0.45115,0.81765,0.30945,0.5395,0.84935,0.004272745621541825,0.008389597761789526,6.141409067790348e-05,0.0041168521402477004,0.002486016159105034,0.026724673710379118,0.763170509640411,nan,nan,0.0019940179461615153,0.02143569292123629,0.7123629112662014,0.0033003300330033004,0.03547854785478548,0.8217821782178217,0.003832315781973558,0.00794738999886721,5.587443973493466e-05,0.004115074216893652,0.0026560424966799467,0.02656042496679947,0.7970604958905526,nan,nan,0.0022222222222222222,0.022222222222222223,0.7694444444444445,0.0033003300330033004,0.033003300330033,0.8267326732673267,12.0
260,0.002696714681492812,0.005424569784981655,2.941361819964612e-05,0.002727855103488843,0.1363840417735434,0.27337288104599067,0.8574938309037902,0.13945,0.2772,0.8598,0.13345,0.26965,0.8552,0.0029355362463776196,0.006038121077350661,5.7153923161796654e-05,0.003102584830973042,0.22143067928730514,0.4171533542542483,0.8080321290601724,0.19825,0.37595,0.78205,0.25075,0.4685,0.8358,0.00408628768700564,0.008266398061228052,6.244750041443476e-05,0.004180110374222412,0.0018039687312086591,0.019018769531624454,0.7827540604330138,nan,nan,0.0014191106906338694,0.015137180700094607,0.7303689687795648,0.0024752475247524753,0.02557755775577558,0.8432343234323433,0.003819906106033725,0.007936746410414638,5.7569606451952476e-05,0.004116840304380914,0.007897334649555774,0.02500822639025995,0.7975352496133977,nan,nan,0.006568144499178982,0.02079912424740011,0.7739463601532567,0.009900990099009901,0.03135313531353135,0.8226072607260726,13.0
280,0.003436972032279276,0.006641454925483965,5.19743539228112e-05,0.003204482893204689,0.1318116821543713,0.2790967663919742,0.802422471805097,0.13315,0.28005,0.79775,0.1305,0.27815,0.80715,0.0031179960960950096,0.0059427331815463495,5.3148168801991726e-05,0.00282473708545134,0.23921734504132233,0.43657194631632595,0.796451568510931,0.21605,0.39495,0.7514,0.26795,0.488,0.84725,0.004046104925111968,0.008206177969158386,6.254847528454872e-05,0.004160073044046418,0.003704847175054029,0.02778635381290522,0.774540798558834,nan,nan,0.0029600394671928957,0.02220029600394672,0.7311297483966452,0.0049504950495049506,0.03712871287128713,0.8234323432343235,0.0038210629632553384,0.00794023346606679,5.752757316407194e-05,0.0041191705028114515,0.00718954248366013,0.02483660130718954,0.7983237838520452,nan,nan,0.005952380952380952,0.020562770562770564,0.7754329004329005,0.009075907590759076,0.03135313531353135,0.8226072607260726,14.0
300,0.002737988526341011,0.005343404558591605,3.3114164558559415e-05,0.0026054160322505934,0.17115883981926833,0.33304658315205166,0.860752040194,0.17945,0.342,0.8529,0.1636,0.32455,0.86875,0.0026763519577801304,0.005495167018792533,4.9127049713416766e-05,0.0028188150610124027,0.2751762985556652,0.4695511686670878,0.8282473527016019,0.24745,0.4245,0.80985,0.3099,0.5253,0.8475,0.003923229848299213,0.00798922328688911,5.9377688263130486e-05,0.004065993438589897,0.0024562480810561864,0.028860914952410197,0.7991542999859319,nan,nan,0.0019559902200488996,0.022982885085574573,0.7574572127139364,0.0033003300330033004,0.038778877887788776,0.8457095709570958,0.0038210629632553384,0.00794023346606679,5.752757316407194e-05,0.0041191705028114515,0.00718954248366013,0.02483660130718954,0.7983237838520452,nan,nan,0.005952380952380952,0.020562770562770564,0.7754329004329005,0.009075907590759076,0.03135313531353135,0.8226072607260726,15.0
320,0.003607078303229542,0.006726857988959955,6.390926023622904e-05,0.0031197796857304126,0.1590541797611565,0.3050938969443762,0.8448164925880997,0.1618,0.31015,0.83535,0.1564,0.3002,0.8545,0.0029863048935588337,0.005574755901575825,4.736260204102537e-05,0.002588451008016991,0.273381432312833,0.4798683347005743,0.8084427712329612,0.24595,0.4262,0.76835,0.3077,0.549,0.85295,0.0038652257810809438,0.007882386906678997,5.414791034387523e-05,0.004017161125598053,0.002444240757714635,0.021387106630003053,0.7884886289936687,nan,nan,0.0019408054342552159,0.016982047549733138,0.7462396894711305,0.0033003300330033004,0.028877887788778877,0.8358085808580858,0.0038626988072999304,0.007960295261310696,5.7602066729464885e-05,0.004097596454010766,0.0044742729306487695,0.02173218280600831,0.7955703340722593,nan,nan,0.0036515388628064684,0.01773604590505999,0.7652582159624414,0.005775577557755775,0.028052805280528052,0.8283828382838284,16.0
340,0.002965519549966594,0.005869002100368302,4.06799547540864e-05,0.002903482550401708,0.14306171438547488,0.2916904341868631,0.8598702311382469,0.14765,0.3002,0.8619,0.13875,0.28365,0.85785,0.0028213344643636547,0.006076641944836617,5.7923835312936626e-05,0.003255307480472962,0.2583490304709142,0.4463654146152569,0.8036942069094188,0.232,0.4018,0.78895,0.29145,0.50205,0.819,0.003648742481051131,0.007948261634313758,6.21332041826221e-05,0.0042995191532626265,0.002517306482064191,0.017226450348630542,0.8156967338551003,nan,nan,0.002034587995930824,0.013733468972533061,0.8041709053916581,0.0033003300330033004,0.0231023102310231,0.8275577557755776,0.0038626988072999304,0.007960295261310696,5.7602066729464885e-05,0.004097596454010766,0.0044742729306487695,0.02173218280600831,0.7955703340722593,nan,nan,0.0036515388628064684,0.01773604590505999,0.7652582159624414,0.005775577557755775,0.028052805280528052,0.8283828382838284,17.0
360,0.00306499939316015,0.006069579477022117,4.0389116742751583e-05,0.0030045800838619675,0.13716019682886824,0.27798037223520944,0.8142970005833053,0.1386,0.28245,0.8191,0.13575,0.27365,0.80955,0.0028308120059774506,0.0053042306614959015,4.7233051144597604e-05,0.0024734186555184505,0.29540146960587843,0.4968087861732331,0.8274768451519537,0.2648,0.45125,0.7914,0.334,0.5526,0.867,0.004172180879217123,0.008287445978965557,5.7401774063768054e-05,0.004115265099748434,0.0018633540372670807,0.011801242236024844,0.7820179617483995,nan,nan,0.00149402390438247,0.009462151394422311,0.7315737051792829,0.0024752475247524753,0.015676567656765675,0.8399339933993399,0.0038630808381489943,0.007948557687598539,5.7340484176975866e-05,0.004085476849449546,0.0038375439718580104,0.021106491845219063,0.7961004677461055,nan,nan,0.003133159268929504,0.01723237597911227,0.7655352480417754,0.0049504950495049506,0.027227722772277228,0.8292079207920792,18.0
380,0.003141446512334934,0.005964312120749407,4.164786454870726e-05,0.0028228656084144732,0.13736589668970534,0.27377104254153733,0.8488430998939804,0.14085,0.2785,0.84195,0.13405,0.2692,0.85585,0.003014388077567066,0.005670722345535282,5.272889920608497e-05,0.002656334267968216,0.2752235405065565,0.49344748067851046,0.8160588091378942,0.24885,0.44975,0.78345,0.30785,0.54655,0.8515,0.004221065551191432,0.008283705158737983,6.154724681857286e-05,0.004062639607546551,0.0011844832691738228,0.020728457210541906,0.7707238540226122,nan,nan,0.0009237875288683603,0.016166281755196306,0.7187066974595843,0.0016501650165016502,0.028877887788778877,0.8308580858085809,0.003865566434604304,0.007952561401112786,5.7363350024149353e-05,0.004086994966508483,0.0038326413286489946,0.021079527307569464,0.7951391213276181,nan,nan,0.003126628452318916,0.017196456487754037,0.764460656591975,0.0049504950495049506,0.027227722772277228,0.8283828382838284,19.0
400,0.003588739682497025,0.0069111581472814645,5.3738735450439684e-05,0.0033224184647844394,0.13756117967332127,0.2646788713786921,0.8084286968891088,0.14285,0.273,0.8126,0.13265,0.25685,0.8043,0.003031993625961085,0.0054938301789252035,4.838930545014643e-05,0.0024618365529641187,0.2498450535416053,0.4647189487070792,0.8282596971794949,0.22015,0.414,0.78715,0.2888,0.5296,0.8739,0.004459876120132501,0.00850504887571979,6.0944950455911354e-05,0.004045172755587288,0.0034822983168891473,0.015670342426001158,0.7517352986200712,nan,nan,0.0026857654431512983,0.012085944494180842,0.6808415398388541,0.0049504950495049506,0.022277227722772276,0.8391089108910891,0.0038996107030690786,0.007984302341807541,5.7610355563612555e-05,0.004084691638738463,0.0038034865293185417,0.021553090332805072,0.7893438436169433,nan,nan,0.003088008234688626,0.017498713329902212,0.7545033453422543,0.0049504950495049506,0.028052805280528052,0.8275577557755776,20.0
420,0.0038237675565267423,0.007245650787876746,6.425294034633482e-05,0.003421883231350003,0.1047185008355216,0.21834998855049234,0.8135211271933868,0.10555,0.2183,0.81175,0.1039,0.2184,0.8153,0.0030179509841819756,0.005491022732230196,4.709036416547295e-05,0.00247307174804822,0.2770891310172367,0.49387894868711174,0.8123174578819774,0.25175,0.44885,0.77085,0.3081,0.54895,0.8585,0.004269369673741635,0.008168763435788116,5.723498972526003e-05,0.003899393762046481,0.002331002331002331,0.02368367847962337,0.7634188797488602,nan,nan,0.0018018018018018018,0.018468468468468467,0.7031531531531532,0.0033003300330033004,0.033003300330033,0.834983498349835,0.003912692450675229,0.007968371613183912,5.671514095532814e-05,0.004055679162508683,0.0037926675094816682,0.03247691591760758,0.7862174381747679,nan,nan,0.0030737704918032786,0.02612704918032787,0.7494877049180327,0.0049504950495049506,0.0429042904290429,0.8267326732673267,21.0
440,0.00406857516030217,0.007938555911781886,7.8048353161229e-05,0.0038699807514797173,0.12544280589876447,0.23822731564040703,0.7773571506673099,0.1264,0.24315,0.77365,0.1245,0.2335,0.7811,0.0029835681478132944,0.005660197765462277,4.569785553213424e-05,0.002676629617648983,0.23481091386554623,0.4413294051815791,0.8071931853269931,0.21045,0.39745,0.76505,0.26555,0.4961,0.85425,0.004194866310153443,0.008540814605799465,6.585690622303212e-05,0.004345948295646022,0.0017980221756068325,0.0185795624812706,0.7611794099498151,nan,nan,0.001411764705882353,0.014588235294117647,0.712,0.0024752475247524753,0.02557755775577558,0.8176567656765676,0.0039271985314126,0.007991567881346095,5.6977895658229115e-05,0.004064369349933495,0.006317119393556538,0.03814208447533791,0.786911488212504,nan,nan,0.00511770726714432,0.030706243602865915,0.7487205731832139,0.00825082508250825,0.05033003300330033,0.8292079207920792,22.0
460,0.0031918854742043604,0.006172564419993275,4.715500165903168e-05,0.002980678945788914,0.16260651505838966,0.30224995038862246,0.8427737533742694,0.1666,0.30785,0.84175,0.1588,0.29685,0.8438,0.002916816671489521,0.0055581084670154966,4.915019168338981e-05,0.002641291795525976,0.2736698950766747,0.4849681072571225,0.8067525792302463,0.24105,0.4323,0.7635,0.3165,0.55225,0.8552,0.0038020024249216028,0.007855037359625783,5.4380024816387136e-05,0.004053034934704181,0.002415458937198068,0.019323671497584544,0.8156494658073447,nan,nan,0.0019047619047619048,0.015238095238095238,0.7785714285714286,0.0033003300330033004,0.026402640264026403,0.8564356435643564,0.0039271985314126,0.007991567881346095,5.6977895658229115e-05,0.004064369349933495,0.006317119393556538,0.03814208447533791,0.786911488212504,nan,nan,0.00511770726714432,0.030706243602865915,0.7487205731832139,0.00825082508250825,0.05033003300330033,0.8292079207920792,23.0
480,0.003838643554242849,0.0073387848838212585,6.698473848431726e-05,0.003500141329578409,0.11876926962744686,0.23619792548687552,0.8347409404013177,0.11795,0.2369,0.832,0.1196,0.2355,0.8375,0.002989090189823518,0.005059859788740765,4.1537589065728906e-05,0.002070769598917248,0.3198001542495758,0.5343470620842572,0.8175857147202873,0.2866,0.4803,0.7628,0.3617,0.6021,0.88085,0.004037560433249946,0.007666903900339912,5.0983581620240884e-05,0.003629343467089966,0.004602991944764097,0.02819332566168009,0.794176426463422,nan,nan,0.0035335689045936395,0.021643109540636044,0.7385159010600707,0.006600660066006601,0.040429042904290426,0.8589108910891089,0.004007299258340308,0.008090211999610143,5.709115752541366e-05,0.004082912741269835,0.006184291898577612,0.036487322201607914,0.7809805505512231,nan,nan,0.004945598417408506,0.029179030662710187,0.7393669634025717,0.00825082508250825,0.04867986798679868,0.8275577557755776,24.0
500,0.003434155868024013,0.00675748504036241,5.9823950571924295e-05,0.003323329172338397,0.1438749131341209,0.28574191234362695,0.8187694849012244,0.1458,0.28885,0.8209,0.142,0.2827,0.81665,0.002798122121049028,0.005230145593732851,4.678262753416697e-05,0.002432023472683823,0.27891228193832596,0.51120470997008,0.8420990481556162,0.2467,0.4585,0.81405,0.3208,0.5776,0.87215,0.004169122834862979,0.008330238286540883,6.18095060421627e-05,0.004161115451677904,0.0023952095808383233,0.03053892215568862,0.7731186192610839,nan,nan,0.0018796992481203006,0.023966165413533833,0.731203007518797,0.0033003300330033004,0.04207920792079208,0.8201320132013201,0.004029948076581288,0.007953790399225315,5.408624129466674e-05,0.003923842322644026,0.005502904310608377,0.03790889636196882,0.7831217951280726,nan,nan,0.004371053909664886,0.03011170471102477,0.7328800388538125,0.007425742574257425,0.05115511551155116,0.8407590759075908,25.0
520,0.0039258153945102995,0.007365753287609789,5.935608143531145e-05,0.00343993789309949,0.11442499453790693,0.22177026265359034,0.7755953596287701,0.1144,0.2228,0.7632,0.11445,0.22075,0.7884,0.003008892171987133,0.005631610818599154,5.035426297193045e-05,0.0026227186466120213,0.26039166904966166,0.46971899081600343,0.8174313121757705,0.24005,0.4305,0.78065,0.2845,0.5168,0.85785,0.004329041831937412,0.008305633018685001,5.563123027166043e-05,0.00397659118674759,0.002287021154945683,0.02058319039451115,0.7643603227824147,nan,nan,0.0017497812773403325,0.015748031496062992,0.6972878390201225,0.0033003300330033004,0.0297029702970297,0.8457095709570958,0.004044282644638413,0.0077160655385000885,4.81535215735802e-05,0.003671782893861676,0.0011926058437686344,0.023467822005596172,0.7887729367644555,nan,nan,0.0009337068160597573,0.018207282913165267,0.7292250233426704,0.0016501650165016502,0.033003300330033,0.8589108910891089,26.0
540,0.004130431979395082,0.007454850231408438,6.307235927404759e-05,0.0033244182520133564,0.11054726368159204,0.21949888408107493,0.7759187292799896,0.11,0.2162,0.7517,0.1111,0.2229,0.80175,0.0029504613849786667,0.0051328020763779965,4.2526300117766934e-05,0.0021823406913993298,0.29185297755188483,0.5258145522914219,0.8256642635214625,0.26405,0.4751,0.778,0.3262,0.58865,0.87955,0.004434434033280749,0.007961359903595689,5.388349520028223e-05,0.0035269258703149392,0.0032085561497326204,0.028342245989304814,0.7416295943363492,nan,nan,0.0023734177215189874,0.020965189873417722,0.6511075949367089,0.0049504950495049506,0.04372937293729373,0.8613861386138614,0.004032522195336018,0.0076892479198275064,4.7842397309404445e-05,0.003656725724491488,0.0011894142134998512,0.021620042363596527,0.7910233808271437,nan,nan,0.0009298000929800093,0.016736401673640166,0.7312877731287774,0.0016501650165016502,0.03052805280528053,0.8613861386138614,27.0
560,0.003088957338883435,0.006033811555924371,3.6271475279331684e-05,0.0029448542170409354,0.1325596831981897,0.25598589843749997,0.8367991365917782,0.13115,0.2541,0.83595,0.134,0.2579,0.83765,0.002964838229356316,0.004959138503152569,4.7810482965744625e-05,0.001994300273796253,0.33918211192780734,0.5793900179089203,0.8484294419970632,0.3049,0.52265,0.80225,0.38215,0.64995,0.90025,0.004668974031499023,0.007870779350441011,5.1195550453350354e-05,0.0032018053189419872,0.0032034169781099847,0.02793347050059293,0.7457890553582122,nan,nan,0.0023677979479084454,0.020520915548539857,0.6460142067876875,0.0049504950495049506,0.04372937293729373,0.8820132013201321,0.0040134099662834394,0.007142899116297304,3.620909625315909e-05,0.0031294891500138642,0.0011665208515602217,0.02061653249558217,0.8073718245014557,nan,nan,0.0009021199819576004,0.015787099684258007,0.7352277852954443,0.0016501650165016502,0.0297029702970297,0.8952145214521452,28.0
580,0.00230127449771584,0.004606851368424204,1.6408833818836896e-05,0.0023055768707083636,0.13893380712486506,0.2619465546860088,0.9106745710599281,0.14045,0.2629,0.91005,0.13745,0.261,0.9113,0.0028038078970279512,0.004206790444770346,4.146997237289976e-05,0.0014029825477423943,0.3988026995086148,0.6571515983978234,0.87902153218495,0.3665,0.60735,0.8278,0.43735,0.71585,0.937,0.004131236234803659,0.006817940370408393,3.0906503261555346e-05,0.002686704135604734,0.003210272873194222,0.021037300752488067,0.8168007737869099,nan,nan,0.0023752969121140144,0.015439429928741092,0.716547901821061,0.0049504950495049506,0.033003300330033,0.9496699669966997,0.0039720473186420835,0.006565298892178236,2.895356241769017e-05,0.002593251573536152,0.001695873374788016,0.026003391746749576,0.8300947770745586,nan,nan,0.0012897678417884782,0.019776440240756664,0.7343078245915735,0.0024752475247524753,0.037953795379537955,0.9546204620462047,29.0
600,0.002329335841038001,0.0047064179678914745,1.619166711372247e-05,0.002377082126853473,0.11291458610004426,0.2326363021057155,0.9267183900294046,0.11495,0.23655,0.9292,0.11095,0.22885,0.92425,0.0032893429524538547,0.004418388425011776,4.112014359245042e-05,0.0011290454725579218,0.37383814182534475,0.6290520935864385,0.8537403492513972,0.32945,0.55615,0.77255,0.43205,0.72395,0.954,0.0042885814077855185,0.007037831775693039,3.307515940800793e-05,0.00274925036790752,0.003711558854718982,0.016763346770229084,0.8059795945632379,nan,nan,0.002734375,0.012109375,0.699609375,0.005775577557755775,0.027227722772277228,0.9504950495049505,0.0039597781687541545,0.00647205959526252,2.8359569738219768e-05,0.002512281426508366,0.0016783216783216783,0.023496503496503493,0.8366042854157363,nan,nan,0.0012695725772323319,0.017774016081252644,0.7371984765129074,0.0024752475247524753,0.034653465346534656,0.966996699669967,30.0
620,0.0033429163603925375,0.0067664798795913595,3.820995700160257e-05,0.003423563519198822,0.09547547762365874,0.1933550025853154,0.7485395264177409,0.0977,0.19635,0.75135,0.09335,0.19045,0.74575,0.003422956122204073,0.005129753585919293,4.469462303660132e-05,0.0017067974637152198,0.3087937743190661,0.5419318204421137,0.8211992802505571,0.27125,0.4747,0.74395,0.3584,0.63135,0.91635,0.0046273821662970215,0.007817465622733817,4.346121834175876e-05,0.0031900834564367957,0.001610305958132045,0.016103059581320453,0.7624932063274121,nan,nan,0.0011933174224343676,0.011933174224343675,0.6626889419252188,0.0024752475247524753,0.024752475247524754,0.8976897689768977,0.00397254123380774,0.006436896221226438,2.8096537467804674e-05,0.0024643549874186982,0.0016648168701442843,0.02774694783573807,0.8376400462131309,nan,nan,0.001254180602006689,0.020903010033444816,0.7345317725752508,0.0024752475247524753,0.041254125412541254,0.9744224422442245,31.0
640,0.0025789932855102824,0.005080922201866896,1.9690373011385563e-05,0.0025019289163566143,0.12272475045834182,0.23319612993138936,0.8958351499930236,0.1229,0.23225,0.8899,0.12255,0.23415,0.90185,0.003397338996075487,0.00459314433034759,4.35920606388571e-05,0.0011958053342721027,0.3580408381999313,0.605608217954444,0.853249557727444,0.3178,0.5368,0.77505,0.40995,0.69465,0.949,0.004640166355914756,0.0074165381256783985,4.0202472496281175e-05,0.0027763717697636427,0.0030983733539891554,0.027368964626904205,0.769335947471549,nan,nan,0.002254791431792559,0.019917324314167605,0.6568959037955656,0.0049504950495049506,0.04372937293729373,0.9282178217821783,0.004010730349842499,0.00647671804445224,2.860207403265695e-05,0.00246598769460974,0.0016574585635359116,0.02707182320441989,0.834185820133062,nan,nan,0.0012458471760797341,0.020348837209302327,0.729235880398671,0.0024752475247524753,0.040429042904290426,0.9744224422442245,32.0
660,0.002535845156159553,0.005109847493534903,1.8257964969487418e-05,0.00257400233737535,0.0986244866920152,0.1936970960247806,0.9323655074406758,0.0984,0.19445,0.93535,0.09885,0.19295,0.9294,0.002964463453870446,0.0040540302694573845,3.988810874932957e-05,0.0010895668155869386,0.3291045943304008,0.6113288696145586,0.8986783783783783,0.299,0.5586,0.8418,0.36595,0.67505,0.9638,0.004625136880027599,0.007268356967298989,3.8882084429083236e-05,0.0026432200872713906,0.0035452013167890607,0.027855153203342618,0.7577055016685089,nan,nan,0.0025575447570332483,0.02009499451954695,0.64011691633175,0.005775577557755775,0.04537953795379538,0.9282178217821783,0.004023672636610322,0.006489883521615406,2.8817682987812037e-05,0.0024662108850050848,0.001654259718775848,0.02646815550041357,0.8321978825687255,nan,nan,0.0012422360248447205,0.01987577639751553,0.7271221532091098,0.0024752475247524753,0.039603960396039604,0.9727722772277227,33.0
680,0.003944757864977537,0.006964943217333899,4.970989040546425e-05,0.0030201853523563614,0.10323934188240988,0.19980314881919278,0.805822002230898,0.10035,0.1927,0.77805,0.1063,0.20745,0.83565,0.0023099014073746814,0.003409091668685883,2.695553626815978e-05,0.0010991902613112015,0.37482447055699397,0.6485315266589949,0.9166419946649247,0.3509,0.60595,0.8777,0.40225,0.69755,0.9592,0.005737815228113936,0.008413074768337973,6.315011414719384e-05,0.0026752595402240367,0.0018903591682419658,0.01383719820593568,0.7207611574973284,nan,nan,0.0013245033112582781,0.009602649006622516,0.5804635761589404,0.0033003300330033004,0.024752475247524754,0.9504950495049505,0.004055376462748835,0.006508381386312283,2.9181594785377e-05,0.002453004923563448,0.0021935837674801205,0.026323005209761448,0.830524157396845,nan,nan,0.0016427104722792608,0.01971252566735113,0.7232032854209446,0.0033003300330033004,0.039603960396039604,0.9752475247524752,34.0
700,0.0021730598391803383,0.004345535137747934,1.4534528128645813e-05,0.0021724752985675952,0.12837417721518987,0.2567734787265116,0.9345749190808657,0.12805,0.2574,0.93485,0.1287,0.25615,0.9343,0.0023393598944787845,0.003210294499855599,2.9617892347057193e-05,0.0008709346053768144,0.37450479411179627,0.6740454310789881,0.9254424816889272,0.3462,0.6265,0.876,0.40785,0.7294,0.9808,0.0044748614809047476,0.006975041526990557,3.6470505587894936e-05,0.002500180046085809,0.0010397712503249284,0.019235768131011174,0.8055446556697814,nan,nan,0.0007590132827324478,0.014041745730550285,0.6861480075901328,0.0016501650165016502,0.03052805280528053,0.9752475247524752,0.004061573597730201,0.006510054032751228,2.917658097637206e-05,0.0024484804350210277,0.0016406890894175555,0.02515723270440252,0.829921862792925,nan,nan,0.001226993865030675,0.01881390593047035,0.7222903885480573,0.0024752475247524753,0.037953795379537955,0.9752475247524752,35.0
720,0.0025778305317136103,0.005156462448201546,1.8879640709544996e-05,0.002578631916487936,0.09955317440401505,0.20682170917442283,0.9044740540092319,0.09695,0.20765,0.90355,0.1023,0.206,0.9054,0.0006632754953375219,0.0012560813066509612,1.451846569776839e-06,0.0005928058113134391,0.48142203301837816,0.8266671302875458,0.9978453675402115,0.4737,0.8154,0.9957,0.4894,0.83825,1.0,0.004425785647379975,0.00685541946768504,3.238385379540231e-05,0.002429633820305065,0.0024685262898049864,0.015798568254751913,0.8065008521700059,nan,nan,0.0017611835153222965,0.011271574498062698,0.6784078901021486,0.004125412541254125,0.026402640264026403,0.9942244224422442,0.0041009315695934604,0.006560035068146973,2.962281100450181e-05,0.0024591034985535125,0.0016322089227421108,0.026115342763873773,0.827282694767619,nan,nan,0.0012175324675324675,0.01948051948051948,0.71875,0.0024752475247524753,0.039603960396039604,0.9744224422442245,36.0
740,0.0029049271359129635,0.005762962090932734,2.4203873047714653e-05,0.002858034955019771,0.08999900000000001,0.20031486334706103,0.83439936483207,0.0903,0.1989,0.8298,0.0897,0.20175,0.83905,0.0007933509957186993,0.001420401964380434,2.6675248536269887e-06,0.0006270509686617348,0.4645867964087952,0.8082606250772847,0.9892853110628189,0.45075,0.78985,0.98135,0.4793,0.82755,0.99735,0.004701924897864553,0.007297459619637287,3.736737800180049e-05,0.002595534721772733,0.0009715812484819043,0.01860044806747369,0.7843736339199976,nan,nan,0.0006884681583476765,0.013080895008605853,0.6526678141135972,0.0016501650165016502,0.03217821782178218,0.9826732673267327,0.004105711501879059,0.0065534560397789605,2.9482286232796674e-05,0.0024477445378999012,0.0016233766233766235,0.02435064935064935,0.8264672161443803,nan,nan,0.0012077294685990338,0.018115942028985508,0.716183574879227,0.0024752475247524753,0.03712871287128713,0.976897689768977,37.0
760,0.0024360507345481675,0.0048671803941822,1.7629334107009064e-05,0.002431129659634033,0.10432499400910616,0.22257477254857913,0.906105300041385,0.10435,0.2228,0.9019,0.1043,0.22235,0.91035,0.0029250543647514875,0.0039730502137976164,3.9983166789138795e-05,0.001047995849046129,0.38478389775946437,0.6609422183072196,0.8940836681319905,0.35135,0.60365,0.8352,0.42525,0.73025,0.9619,0.00425527282394107,0.00703270607098501,3.254681803396162e-05,0.00277743324704394,0.0010596026490066225,0.017483443708609273,0.8062872665074081,nan,nan,0.0007803355442840422,0.012875536480686695,0.6991806476785017,0.0016501650165016502,0.027227722772277228,0.9521452145214522,0.0041184527477685275,0.006561102863686847,2.9597081571152588e-05,0.0024426501159183194,0.0016137708445400755,0.025993258551141072,0.823519977836006,nan,nan,0.0011971268954509178,0.019154030327214685,0.7130885873902634,0.0024752475247524753,0.040429042904290426,0.9744224422442245,38.0
780,0.002863610147382771,0.005637858773937518,2.350225767230416e-05,0.0027742486265547473,0.08604201973302379,0.18385044187627464,0.8419228348326949,0.0831,0.18175,0.83275,0.0892,0.186,0.8513,0.0015180815116320502,0.002272326519965379,1.3732426473734205e-05,0.0007542450083333289,0.41454429413179417,0.743676070985273,0.9618701111515089,0.39295,0.71125,0.93525,0.43865,0.7792,0.99005,0.004713868414346059,0.007001557208943309,3.7872794967481755e-05,0.002287688794597251,0.005801305293691081,0.043509789702683106,0.7695838057122564,nan,nan,0.0041025641025641026,0.03076923076923077,0.6355555555555555,0.009900990099009901,0.07425742574257425,0.9752475247524752,0.004150932128000303,0.006611979590475149,2.982122563570087e-05,0.0024610474624748467,0.003186404673393521,0.0201805629314923,0.8243429348337256,nan,nan,0.0023492560689115116,0.014878621769772905,0.7129992169146437,0.0049504950495049506,0.03135313531353135,0.976897689768977,39.0
800,0.0032076522815768956,0.0062787623619750075,2.771421000205793e-05,0.003071110080398112,0.08112607758620691,0.16184254169240272,0.8285747933634993,0.07875,0.15885,0.8167,0.08365,0.16495,0.8408,0.0009282023301571241,0.0015419259586069954,5.133263356293244e-06,0.0006137236284498714,0.5215166658682634,0.8257028011373949,0.9822472490838763,0.5082,0.8016,0.97015,0.53555,0.8513,0.99465,0.004656426807956659,0.0072710411616048135,3.61041579186406e-05,0.002614614353648154,0.0019583843329253367,0.018604651162790694,0.7759759317359949,nan,nan,0.0013922728854855553,0.013226592412112773,0.6425339366515838,0.0033003300330033004,0.03135313531353135,0.9793729372937293,0.004205636289267029,0.006644201869874024,3.0124225411475772e-05,0.0024385655806069954,0.0026014568158168575,0.02133194588969823,0.8195879317230697,nan,nan,0.001899696048632219,0.015577507598784195,0.7025075987841946,0.004125412541254125,0.03382838283828383,0.9834983498349835,40.0
820,0.0027931371277546513,0.0055246492361427715,2.0781346282519562e-05,0.0027315121083881207,0.0772473786407767,0.16447086183310533,0.8841619543089799,0.0768,0.16365,0.8784,0.0777,0.1653,0.89,0.002373591494745789,0.0031386851295742164,3.5553262600340585e-05,0.0007650936348284271,0.42547320593735394,0.7430973171221865,0.9348504014725104,0.39625,0.69675,0.8905,0.45935,0.79605,0.98385,0.004668692090908312,0.0070147549633721405,3.734553184057641e-05,0.002346062872463829,0.003345280764635603,0.034408602150537634,0.7825595838608009,nan,nan,0.0023545240497813654,0.024217961654894045,0.6505213588967373,0.005775577557755775,0.0594059405940594,0.9818481848184818,0.004208193695928609,0.006652184599386915,3.0153595206713985e-05,0.002443990903458306,0.002074688796680498,0.021265560165975105,0.8184465206381344,nan,nan,0.0015128593040847202,0.015506807866868382,0.7008320726172466,0.0033003300330033004,0.03382838283828383,0.9834983498349835,41.0
840,0.002889219608098162,0.005723514504404635,2.292562896611834e-05,0.002834294896306473,0.07750096711798839,0.15878643160711475,0.8669831319742799,0.0756,0.15635,0.861,0.0795,0.1613,0.87305,0.0005995383432370814,0.0011560611583523992,1.202373236901111e-06,0.000556522815115318,0.5269317330044119,0.8508277366472765,0.9991242337044913,0.5222,0.84075,0.99825,0.53175,0.86115,1.0,0.00478889055186486,0.00726779666614993,3.779165394829107e-05,0.00247890611428507,0.003328578221588207,0.01854493580599144,0.7699747313611884,nan,nan,0.002338009352037408,0.013026052104208416,0.6302605210420842,0.005775577557755775,0.03217821782178218,0.9892739273927392,0.004230494985688757,0.006676067133696218,3.0380522894008244e-05,0.002445572148007461,0.002061855670103093,0.021649484536082474,0.8154175361808726,nan,nan,0.0014992503748125937,0.015742128935532233,0.6964017991004497,0.0033003300330033004,0.034653465346534656,0.9834983498349835,42.0
860,0.0030447277530377052,0.00600653372710941,2.6430437256408855e-05,0.0029618059740717045,0.09648900388098318,0.1850661087866109,0.8303882409609538,0.093,0.1798,0.8249,0.10025,0.19065,0.83595,0.0006067110546128633,0.0011652500501391789,1.2026950654165875e-06,0.0005585389955263157,0.5221358479728113,0.8412311434004873,0.998998998998999,0.51375,0.83135,0.998,0.5308,0.85135,1.0,0.00458968197653401,0.006956674383666577,3.429341970600871e-05,0.0023669924071325673,0.001430956355831147,0.02398521382112674,0.7901392710328016,nan,nan,0.0010063737001006373,0.01677289500167729,0.6541429050654143,0.0024752475247524753,0.04207920792079208,0.9975247524752475,0.004227741037140284,0.006669075599257607,3.0326603543526507e-05,0.0024413345621173235,0.0025733401955738548,0.020586721564590838,0.8163964030097265,nan,nan,0.0018698578908002991,0.014958863126402393,0.6978309648466716,0.004125412541254125,0.033003300330033,0.9834983498349835,43.0
880,0.002898786411643997,0.005686569101635116,2.3204060961523945e-05,0.0027877826899911184,0.0942983032873807,0.18446751592356686,0.8623858240102024,0.0939,0.1833,0.85065,0.0947,0.18565,0.87445,0.0006808084762014094,0.0013068213489249975,1.4892746411791116e-06,0.0006260128727235881,0.4748112409220082,0.8052950062073245,0.9990991892703432,0.4644,0.79265,0.9982,0.4857,0.81835,1.0,0.005064101826696467,0.007455694964476215,4.361937580353388e-05,0.002391593137779748,0.0018535681186283596,0.021316033364226133,0.7577526191325662,nan,nan,0.001288659793814433,0.014819587628865979,0.6140463917525774,0.0033003300330033004,0.037953795379537955,0.9892739273927392,0.004354177166073003,0.006858204275141864,3.1714359518628025e-05,0.002504027109068861,0.0020171457387796266,0.019667170953101363,0.806461695656204,nan,nan,0.0014524328249818446,0.014161220043572984,0.6826434277414669,0.0033003300330033004,0.03217821782178218,0.9851485148514851,44.0
900,0.002889398993225963,0.005724515501806408,2.307777460226854e-05,0.0028351165085804455,0.08969183616606298,0.1850878444084279,0.8607328279747901,0.088,0.1836,0.85475,0.09145,0.1866,0.8668,0.0006956520542900034,0.001290798100110794,1.7570948255317464e-06,0.0005951460458207905,0.4979984143710171,0.831996251351676,0.9956110634023854,0.4876,0.8164,0.9919,0.50885,0.8482,0.99935,0.004632647800181087,0.007173891020047212,3.575294269542565e-05,0.0025412432198661243,0.003420473979965796,0.01919905481576292,0.7792471466005338,nan,nan,0.0024297119055883376,0.013536966331135023,0.6459562651856994,0.005775577557755775,0.033003300330033,0.9818481848184818,0.004366651089899794,0.006878125857767368,3.191285543018711e-05,0.002511474767867574,0.002015621063240111,0.019652305366591082,0.8046533291699721,nan,nan,0.0014508523757707653,0.014145810663764961,0.680449764236489,0.0033003300330033004,0.03217821782178218,0.9843234323432343,45.0
920,0.0031579765825314418,0.006223105157889139,2.6979463296756082e-05,0.003065128575357697,0.07427431841130931,0.15477906976744185,0.8341516854942619,0.0745,0.153,0.8223,0.07405,0.1566,0.84635,0.000980265138277533,0.001666001979684002,4.6665682741425805e-06,0.000685736841406469,0.4405723363213435,0.7414901583557951,0.9844822961890979,0.4348,0.72255,0.9709,0.4465,0.76145,0.99845,0.004897934245784215,0.007581691597801234,3.9276301704767324e-05,0.002683757352017019,0.0023573785950023575,0.019462905194629048,0.7611426438273646,nan,nan,0.0016501650165016502,0.01353135313531353,0.6204620462046204,0.004125412541254125,0.034653465346534656,0.9843234323432343,0.004473203876107086,0.0069498402372234125,3.3703622636269656e-05,0.002476636361116326,0.0014955134596211365,0.01694915254237288,0.7947512358037028,nan,nan,0.0010714285714285715,0.012142857142857143,0.6667857142857143,0.0024752475247524753,0.028052805280528052,0.9834983498349835,46.0
940,0.0034083968404436944,0.006666284556028334,3.0503203667850298e-05,0.0032578877155846394,0.06499446153846154,0.1298374711316397,0.8057177156683314,0.0644,0.12705,0.793,0.0656,0.13275,0.81885,0.001151326441181623,0.0020289819624261414,5.466910271631068e-06,0.0008776555212445183,0.3458807031475599,0.6535386731886274,0.9854681412337661,0.33425,0.6334,0.9742,0.35835,0.675,0.997,0.005101368874310905,0.007662062422217458,4.315958578363727e-05,0.0025606935479065528,0.0022941041523285156,0.013764624913971096,0.7569286812848361,nan,nan,0.0015888147442008262,0.009532888465204958,0.613600254210359,0.004125412541254125,0.024752475247524754,0.9876237623762376,0.004473203876107086,0.0069498402372234125,3.3703622636269656e-05,0.002476636361116326,0.0014955134596211365,0.01694915254237288,0.7947512358037028,nan,nan,0.0010714285714285715,0.012142857142857143,0.6667857142857143,0.0024752475247524753,0.028052805280528052,0.9834983498349835,47.0
960,0.003161254178220016,0.006240564496466809,2.622313925971146e-05,0.003079310318246793,0.07714486556527374,0.14577757970517655,0.8430006523930965,0.07565,0.1426,0.8366,0.0787,0.1491,0.8495,0.0008035754040502901,0.0015048488022504601,2.1257732323651978e-06,0.0007012733982001701,0.42966482838859804,0.7389423701298701,0.9965128822658739,0.4237,0.7254,0.99305,0.4358,0.753,1.0,0.004497992517829355,0.006911172867563809,3.307773251053872e-05,0.0024131803497344536,0.0023872045834328003,0.024008247539154627,0.7993328831964754,nan,nan,0.0016795431642593216,0.016795431642593214,0.6661068189452469,0.004125412541254125,0.04207920792079208,0.9991749174917491,0.004533498467803028,0.0071409487972529445,3.460760125299725e-05,0.002607450329449917,0.0004965243296921549,0.008440913604766634,0.8004242018938316,nan,nan,0.0003551136363636364,0.006036931818181818,0.6736505681818182,0.0008250825082508251,0.014026402640264026,0.985973597359736,48.0
980,0.003117655796598211,0.0061512974475395775,2.5890971243281893e-05,0.0030336416509413665,0.07575,0.1525109945928232,0.8425730967780217,0.07575,0.14945,0.8346,0.07575,0.1557,0.8507,0.0007138466998622419,0.0013840132452530955,1.7202631798333898e-06,0.0006701665453908537,0.4712325075592807,0.7694423508008186,0.9991242337044913,0.4668,0.76155,0.99825,0.47575,0.7775,1.0,0.004973528886586228,0.007554045120466395,4.1295736683584506e-05,0.0025805162338801675,0.002336994624912363,0.021500350549193737,0.7694644502623027,nan,nan,0.0016302575806977503,0.014998369742419302,0.6305836322138898,0.004125412541254125,0.037953795379537955,0.9867986798679867,0.004555023082405051,0.007164463178802613,3.4852330461553796e-05,0.0026094400963975624,0.0004948045522018803,0.008411677387431964,0.7973152395348697,nan,nan,0.00035335689045936394,0.006007067137809187,0.6692579505300353,0.0008250825082508251,0.014026402640264026,0.985973597359736,49.0
1000,0.0031918127193532172,0.006282437169911661,2.7116581349286625e-05,0.0030906244505584444,0.07874971428571428,0.156614746249601,0.8473843195091736,0.0789,0.1543,0.8357,0.0786,0.159,0.8594,0.0008122540791524884,0.0015196343152488038,2.065084831238393e-06,0.0007073802360963153,0.4345791757673296,0.723619704501519,0.9985228211612128,0.42225,0.7037,0.99705,0.44765,0.7447,1.0,0.0047178760326528285,0.007065356959999575,3.593571212562317e-05,0.0023474809273467457,0.0013972985561248252,0.0200279459711225,0.7691618594105507,nan,nan,0.000973393900064893,0.013951979234263466,0.627514600908501,0.0024752475247524753,0.03547854785478548,0.9933993399339934,0.004555023082405051,0.007164463178802613,3.4852330461553796e-05,0.0026094400963975624,0.0004948045522018803,0.008411677387431964,0.7973152395348697,nan,nan,0.00035335689045936394,0.006007067137809187,0.6692579505300353,0.0008250825082508251,0.014026402640264026,0.985973597359736,50.0
1020,0.003580816943716401,0.007063206601823569,3.2670866981972126e-05,0.003482389658107168,0.05746454980426273,0.11752071823204421,0.7631891130617057,0.0567,0.11375,0.7541,0.05825,0.12155,0.7725,0.003084550371676675,0.004086269043365231,4.270941497216794e-05,0.001001718671688556,0.3194499499113817,0.6112750848142164,0.9024495426997245,0.28425,0.54985,0.8398,0.3646,0.68815,0.9752,0.00488148349632542,0.007643810272453326,4.016469790757635e-05,0.002762326776127907,0.0014081201595869514,0.010326214503637646,0.7547584096305769,nan,nan,0.0009839291571006887,0.007215480485405051,0.6179075106592326,0.0024752475247524753,0.018151815181518153,0.9694719471947195,0.00456634512545614,0.007175531171068773,3.5105224154761826e-05,0.002609186045612633,0.0004944375772558714,0.008405438813349814,0.7968120897812572,nan,nan,0.00035298270384751147,0.006000705965407695,0.6685492410871867,0.0008250825082508251,0.014026402640264026,0.985973597359736,51.0
1040,0.0032346921826022423,0.006357828388644819,2.7393118041287797e-05,0.0031231362060425765,0.06289328298887123,0.13064877535399927,0.8298110431665513,0.06225,0.13105,0.8202,0.06355,0.13025,0.83965,0.001213211425369,0.0020462112711929787,6.110845138611943e-06,0.0008329998458239785,0.3560738536926846,0.6534477240642528,0.9776699151242458,0.33775,0.6211,0.9629,0.3765,0.68935,0.9929,0.004808985272113322,0.0073859977423871275,3.9544763575846276e-05,0.0025770124702738048,0.0019300361881785285,0.017370325693606754,0.7953122316514325,nan,nan,0.0013637913399249914,0.012274122059324924,0.6675758608932834,0.0033003300330033004,0.0297029702970297,0.9834983498349835,0.004569955385935996,0.00717925505591802,3.512130222876525e-05,0.0026092996699820237,0.0004939491232403062,0.008397135095085205,0.7953898087452419,nan,nan,0.00035248501938667606,0.005992245329573493,0.6665491716602044,0.0008250825082508251,0.014026402640264026,0.985973597359736,52.0
1060,0.003917236550123162,0.0076304948630276535,3.90549631752102e-05,0.003713258312904492,0.04878690537084399,0.10095717111770523,0.7412154810869126,0.0468,0.0973,0.7258,0.05095,0.1049,0.7573,0.0009901324812956603,0.0017554630605021854,4.160230758806688e-06,0.000765330579206525,0.379353637500823,0.7125867507886436,0.9870321235912372,0.36785,0.6915,0.97755,0.3916,0.735,0.9967,0.005250600202529695,0.007792594487109998,4.427635737128584e-05,0.0025419942845803034,0.0013169446883230904,0.016681299385425813,0.711354678820461,nan,nan,0.0008971291866028708,0.011363636363636364,0.5604066985645934,0.0024752475247524753,0.03135313531353135,0.9735973597359736,0.0045811750730991585,0.007191601450544745,3.5276442427028355e-05,0.002610426377445587,0.0004930966469428008,0.008382642998027613,0.794220584865368,nan,nan,0.00035161744022503517,0.005977496483825597,0.6649085794655415,0.0008250825082508251,0.014026402640264026,0.985973597359736,53.0
1080,0.0035292260081811605,0.006950082350011178,3.137581068569013e-05,0.0034208563418300173,0.060994018844735765,0.12109791709630853,0.7770121598147076,0.05965,0.1173,0.7668,0.0624,0.12515,0.7875,0.000829548280203084,0.0015715048355084398,2.176213345910222e-06,0.0007419565553053557,0.40414111901081917,0.7003970247226285,0.9977198125736049,0.39465,0.6845,0.99545,0.4141,0.71705,1.0,0.005272469854511426,0.007828779062981265,4.592945698492472e-05,0.002556309208469839,0.0026708212775428445,0.015697413664224846,0.7441575707131589,nan,nan,0.001828710758914965,0.010667479427003962,0.593721426394392,0.0049504950495049506,0.0297029702970297,0.9966996699669967,0.004581523587519722,0.007192001097256708,3.528941502383662e-05,0.0026104775097369856,0.0004934616333580064,0.00838884776708611,0.7947212596276311,nan,nan,0.00035198873636043646,0.00598380851812742,0.6656107004575853,0.0008250825082508251,0.014026402640264026,0.985973597359736,54.0
1100,0.0031499750299590914,0.0062397671053580454,2.5436740913601988e-05,0.0030897920753989536,0.0718949930458971,0.14764998306806637,0.8650750968040225,0.0713,0.1477,0.8571,0.0725,0.1476,0.8732,0.0008781162311244111,0.001688341381127435,2.344601345338497e-06,0.0008102251500030238,0.3577213766596785,0.6700372011487822,0.9983472730004507,0.35455,0.65765,0.9967,0.36095,0.6829,1.0,0.0048897453434619395,0.007630524016992647,4.041882291484482e-05,0.002740778673530708,0.0028321925890960587,0.016049091338211,0.7828269728480859,nan,nan,0.0019834710743801653,0.011239669421487603,0.6466115702479339,0.0049504950495049506,0.028052805280528052,0.9917491749174917,0.0046116410120496665,0.007223188563029113,3.568986634733101e-05,0.002611547550979446,0.0004905567819475105,0.008339465293107678,0.7914844078799091,nan,nan,0.00034904013961605586,0.00593368237347295,0.6610820244328097,0.0008250825082508251,0.014026402640264026,0.985973597359736,55.0
1120,0.0036657206311862824,0.007172529104592356,3.33392164276043e-05,0.003506808473406073,0.05401537396121883,0.11165376536312849,0.7723260465868651,0.05145,0.1069,0.75465,0.05685,0.11685,0.79085,0.001088283090450377,0.0019133720317108928,4.559098861833472e-06,0.0008250889412605158,0.37422959503636,0.6667454341233292,0.9848330363714816,0.3611,0.64215,0.97315,0.38835,0.6933,0.9968,0.00529459611753227,0.008030766992056676,4.701867569626397e-05,0.002736170874524406,0.0018103643358225844,0.010982674830454958,0.7317720704487951,nan,nan,0.0012472715933894605,0.007483629560336763,0.5852821951980044,0.0033003300330033004,0.020627062706270627,0.9760726072607261,0.0046116410120496665,0.007223188563029113,3.568986634733101e-05,0.002611547550979446,0.0004905567819475105,0.008339465293107678,0.7914844078799091,nan,nan,0.00034904013961605586,0.00593368237347295,0.6610820244328097,0.0008250825082508251,0.014026402640264026,0.985973597359736,56.0
1140,0.0035977120722038235,0.006947646522895168,3.20875848952587e-05,0.0033499344506913446,0.0558069829901522,0.11599448988377097,0.7780244019906888,0.0543,0.1119,0.757,0.0574,0.1204,0.80025,0.0011653047043988962,0.001978466718502513,5.952504571183095e-06,0.0008131620141036168,0.338964248933353,0.659378669846317,0.9845310043668123,0.3225,0.63385,0.9718,0.3572,0.68705,0.9976,0.004825412677216813,0.007346582201708307,3.8348718024070586e-05,0.0025211695244914934,0.0023320895522388058,0.015858208955223878,0.7668903413834535,nan,nan,0.001625487646293888,0.011053315994798439,0.6261378413524057,0.004125412541254125,0.028052805280528052,0.9892739273927392,0.0046116410120496665,0.007223188563029113,3.568986634733101e-05,0.002611547550979446,0.0004905567819475105,0.008339465293107678,0.7914844078799091,nan,nan,0.00034904013961605586,0.00593368237347295,0.6610820244328097,0.0008250825082508251,0.014026402640264026,0.985973597359736,57.0
1160,0.0033107840172549247,0.006501604148085,2.7852876342435464e-05,0.003190820130830076,0.06943472022955523,0.13529004984308657,0.8365011115095017,0.0654,0.13115,0.8238,0.074,0.1397,0.8496,0.0008497093468108869,0.0015996110984881468,2.2334951364113357e-06,0.00074990175167726,0.40130596875583496,0.7006638766048502,0.9980461900706378,0.3895,0.68565,0.9961,0.41385,0.71635,1.0,0.005146469627042907,0.007641765986464846,4.388087455726259e-05,0.002495296359421938,0.002285714285714286,0.012800000000000002,0.7442983823546823,nan,nan,0.0015807777426493834,0.008852355358836548,0.5962693645273475,0.004125412541254125,0.0231023102310231,0.9900990099009901,0.0046116410120496665,0.007223188563029113,3.568986634733101e-05,0.002611547550979446,0.0004905567819475105,0.008339465293107678,0.7914844078799091,nan,nan,0.00034904013961605586,0.00593368237347295,0.6610820244328097,0.0008250825082508251,0.014026402640264026,0.985973597359736,58.0
1180,0.003458869911680396,0.006785372697292569,3.127633407608013e-05,0.0033265027856121732,0.07641714098789665,0.14944458012713283,0.786749857043014,0.0772,0.14855,0.7744,0.07565,0.15035,0.7995,0.0007622178606086621,0.0014393270151532998,1.8499803004273105e-06,0.0006771091545446378,0.44478545025560356,0.7514948320585302,0.9982971050786338,0.4347,0.7379,0.9966,0.45535,0.7656,1.0,0.00500146123446387,0.007523333055760823,4.131847775478213e-05,0.002521871821296954,0.002735978112175103,0.015627257088077322,0.7599264291347345,nan,nan,0.001890359168241966,0.010712035286704474,0.6149968494013862,0.0049504950495049506,0.028877887788778877,0.9942244224422442,0.004645449140285067,0.007256551841737178,3.624466531679015e-05,0.0026111027014521114,0.0004887585532746823,0.008308895405669599,0.7902895733142332,nan,nan,0.00034722222222222224,0.005902777777777778,0.6586805555555556,0.0008250825082508251,0.014026402640264026,0.9876237623762376,59.0
1191,0.003343956467989118,0.006609402005764628,2.8377020463344682e-05,0.00326544553777551,0.06142450142450142,0.1235793731041456,0.8375197230181471,0.06125,0.12125,0.8294,0.0616,0.126,0.8458,0.0010629259782191352,0.0018624844189490254,4.4163853596157545e-06,0.0007995584407298903,0.3570416888019013,0.6761911964549482,0.9905617523847978,0.3429,0.6536,0.9813,0.3724,0.7004,1.0,0.004929311257476812,0.007576788051792257,4.011992818346231e-05,0.0026474767943154456,0.0013683010262257698,0.013349905629977442,0.757602746950112,nan,nan,0.0009454774661203908,0.009139615505830444,0.6173967853766152,0.0024752475247524753,0.024752475247524754,0.9801980198019802,0.0047062757569124435,0.007317655464455265,3.7445844350014804e-05,0.002611379707542822,0.0004868549172346641,0.008276533592989289,0.7879140361317925,nan,nan,0.0003453038674033149,0.005870165745856353,0.6553867403314917,0.0008250825082508251,0.014026402640264026,0.9876237623762376,59.55
