planner,object,initial_pose_seed,mean_action_so3_error_deg,mean_nominal_target_view_error_deg,stall_action_rate,slip_action_rate,persistent_misalignment_action_rate,episode_stall_or_slip_rate,fault_action_gain_f@5,fault_action_regret_f@5,post_fault_next_gain_f@5,post_fault_next_regret_f@5,fault_actions,post_fault_decisions
pose_novelty,Bowl,0,83.25030547097155,79.87236342843217,0.6,0.0,0.0,1.0,0.031805703656645666,0.007465889461740631,0.09622838846260633,0.01466198129248882,3,3
pose_novelty,Bowl,1,46.09006042133344,43.388328133838804,0.0,0.2,0.0,1.0,0.004060797485074152,0.018102603114981575,nan,nan,1,0
pose_novelty,Bowl,2,59.05010673284168,51.15304655438502,0.0,0.4,0.4,1.0,0.08250861570120471,0.0038709755556620706,0.08735855679876303,0.0,2,1
pose_novelty,Bowl,3,39.96468583877713,28.715875874080417,0.0,0.4,0.8,1.0,0.16539373879793212,0.005349680840888271,0.08995953563963899,0.017474942850544573,2,2
pose_novelty,Bowl,4,59.209546662979925,56.152163482239175,0.0,0.0,0.0,0.0,nan,nan,nan,nan,0,0
pose_novelty,Bowl,5,64.62549525002771,62.07057431072111,0.2,0.2,0.4,1.0,0.0026062549809988678,0.005923542215218958,0.09999165053982284,0.0,1,1
pose_novelty,Bowl,6,63.68260395415363,58.119647535908754,0.2,0.0,0.0,1.0,0.0739578264849341,0.0,nan,nan,1,0
pose_novelty,Bowl,7,60.8915811600276,57.52761179032176,0.2,0.2,0.4,1.0,0.06829583098483516,0.0,0.045824341821521286,0.012389783025734902,1,1
pose_novelty,Bowl,8,70.70628567041277,66.60911528336261,0.4,0.2,0.4,1.0,0.0665033920515343,0.0,0.11644908667399376,0.0,2,2
pose_novelty,Bowl,9,86.3173694768878,81.71411226733747,0.6,0.2,0.4,1.0,0.06912657214149431,0.025826570994360292,0.06676015842188937,0.006504529351402111,3,2
pose_novelty,Bowl,10,59.024099234319145,57.64800891849715,0.6,0.0,0.0,1.0,0.12356051021724794,0.011805322423786827,0.14613416805230164,0.0,3,3
pose_novelty,Bowl,11,47.367228870911646,44.450326424705075,0.0,0.2,0.4,1.0,0.17534044664799653,0.0,0.017395127497094487,0.0,1,1
pose_novelty,Bowl,12,54.958943221008575,53.01370861032073,0.4,0.2,0.0,1.0,0.060096601826701256,0.0,0.11097062794085022,0.0,3,2
pose_novelty,Bowl,13,40.36651258438238,33.597654971724175,0.4,0.8,0.8,1.0,0.11122878025573518,0.0020252773729422247,0.049831463173965106,0.01925801300531556,4,3
pose_novelty,Bowl,14,72.6776604229062,72.13166362158238,0.6,0.0,0.0,1.0,0.05280519132371975,0.0,0.02783245967750836,0.0,3,2
pose_novelty,Corner,0,66.72837668858986,61.76930116491686,0.2,0.4,0.8,1.0,0.10103694018258719,0.0009467181464836716,0.18569419165183437,0.0,2,1
pose_novelty,Corner,1,65.36004295433554,60.1256193138676,0.0,0.0,0.0,0.0,nan,nan,nan,nan,0,0
pose_novelty,Corner,2,54.80225037494315,53.09696743001666,0.2,0.2,0.2,1.0,0.09002048409903463,0.0,-0.005639188199890621,0.0017073509543050758,1,1
pose_novelty,Corner,3,69.53880602797942,65.77939594429897,0.4,0.0,0.0,1.0,0.01967215367890429,0.0020276420278687035,0.13400653676454544,0.0,2,1
pose_novelty,Corner,4,53.74517482006398,51.46949278658839,0.2,0.2,0.2,1.0,0.05096341885237149,0.004560647543028651,0.00042725766818957345,0.0069484854317557465,2,2
pose_novelty,Corner,5,35.81714116171692,31.49258911876994,0.2,0.2,0.4,1.0,0.06499206066905772,0.008467125986738433,0.010647710171331037,0.0,2,1
pose_novelty,Corner,6,47.79889071979375,43.58066282939574,0.2,0.2,0.8,1.0,0.11596425074719846,0.0,0.09356917654618113,0.0,2,2
pose_novelty,Corner,7,75.969666675111,70.27650506202455,0.4,0.4,0.6,1.0,0.09784130813267564,0.01522030996194175,0.14425328142022356,0.0,4,3
pose_novelty,Corner,8,60.771782225373805,50.42452839055576,0.2,0.6,0.4,1.0,0.08743108059283308,0.0,0.09772106203590536,0.0,4,3
pose_novelty,Corner,9,51.06895512993948,48.95714270431888,0.2,0.0,0.0,1.0,0.023871663787846997,0.020569838755952974,nan,nan,1,0
pose_novelty,Corner,10,75.06877097575796,74.66666533758081,0.6,0.2,0.4,1.0,0.0647436737682973,0.008543527208952878,0.10201006298951894,0.0,4,3
pose_novelty,Corner,11,73.92375496741758,65.31171181451265,0.4,0.2,0.4,1.0,0.07071676577238943,0.018047516598834412,0.0887514499829406,0.008493115807211534,3,3
pose_novelty,Corner,12,75.34518087396016,70.66025841931966,0.4,0.2,0.0,1.0,0.03566539582596562,0.008145578590556313,0.06954771061605147,0.0042926793074410385,3,2
pose_novelty,Corner,13,33.99914882267343,31.338370983750366,0.2,0.2,0.8,1.0,0.097804602327251,0.010165216957925771,0.01443646438809354,0.007697703434179082,2,2
pose_novelty,Corner,14,74.72923069017466,64.32588258193184,0.2,0.0,0.0,1.0,0.11666413934381203,0.02425957565114134,0.045403973961285926,0.011998286907734301,1,1
pose_novelty,Cross,0,62.82146995444633,58.38751016455668,0.2,0.0,0.0,1.0,0.013553462158067797,0.041569456906812075,0.22662220431310492,0.0,1,1
pose_novelty,Cross,1,50.732421675810265,41.39774497345279,0.0,0.2,0.8,1.0,0.16277240221627193,0.0,0.12349349817896604,0.0,1,1
pose_novelty,Cross,2,69.88660422693968,63.91236698024452,0.4,0.2,0.6,1.0,0.015300065680949937,0.0,0.07576334648948024,0.0,2,2
pose_novelty,Cross,3,55.56872012676301,50.89605673963872,0.0,0.2,0.8,1.0,0.28888962628512477,0.0,0.06504301703520432,0.0,1,1
pose_novelty,Cross,4,52.33909409963066,41.50164661255013,0.2,0.2,0.8,1.0,0.2332446147695693,0.013470921334053587,0.1272542375561711,0.0,2,2
pose_novelty,Cross,5,33.66768031103764,32.66996693765393,0.4,0.2,0.6,1.0,0.057801742140527544,0.001935938688238344,0.08901315795242515,0.002903908032357516,3,2
pose_novelty,Cross,6,70.6421349974976,65.6678608840277,0.4,0.0,0.0,1.0,0.01793925508545524,0.01219230775207103,0.012327926208945517,0.01831095977009345,2,1
pose_novelty,Cross,7,62.01112714644129,50.71533892560289,0.0,0.4,0.8,1.0,0.1416269625756462,0.0,0.10167034926129392,0.008639913329326565,2,2
pose_novelty,Cross,8,50.85539852347962,46.37302091112411,0.2,0.2,0.8,1.0,0.19098096589572933,0.026607258048467863,0.223374909558268,0.0,1,1
pose_novelty,Cross,9,52.02475997555062,39.63739418617352,0.0,0.4,0.6,1.0,0.09091606613475056,0.007829858232674791,0.02425483517993987,0.021728931370507132,2,1
pose_novelty,Cross,10,70.86387457614735,61.889649144806995,0.2,0.2,0.2,1.0,0.07448625872741463,0.011279581624699692,0.09383750761752016,0.0028433264300538053,2,2
pose_novelty,Cross,11,67.50076979539706,64.32767831814766,0.4,0.2,0.4,1.0,0.17899506597041784,0.02393009811733607,0.09410313766081976,0.0024917495856064398,2,2
pose_novelty,Cross,12,30.80374363730536,30.34095542497534,0.2,0.2,0.2,1.0,0.03398049823136262,0.0,-0.011118903993481921,0.020860826852091563,1,1
pose_novelty,Cross,13,53.996109713057976,52.09195216633166,0.2,0.2,0.2,1.0,0.120587941397381,0.0,0.07900839120478831,0.015242950978553993,2,2
pose_novelty,Cross,14,65.04189400524456,62.10176446209923,0.4,0.0,0.0,1.0,0.04297808712877477,0.00724743445671866,0.07883323183043911,0.028592148945124962,2,2
pose_novelty,Cube,0,58.60022566380661,52.683077082385736,0.0,0.0,0.0,0.0,nan,nan,nan,nan,0,0
pose_novelty,Cube,1,76.6613430623527,74.87518486597172,0.6,0.4,0.6,1.0,0.05557244719613169,0.00725224117301701,0.06266679364318362,0.004366070794521504,4,4
pose_novelty,Cube,2,59.2289356359467,58.49331554986709,0.2,0.2,0.4,1.0,0.10137334067134343,0.029585678242219776,0.19732807561258428,0.006421799113236537,2,2
pose_novelty,Cube,3,44.97072718177729,40.70823494498018,0.2,0.0,0.0,1.0,0.0252936023084247,0.024494216235594557,0.15274768412431305,0.0,1,1
pose_novelty,Cube,4,28.031142859507025,23.740391732458583,0.2,0.0,0.0,1.0,0.02656621769716061,0.0,nan,nan,1,0
pose_novelty,Cube,5,74.30289966815218,71.5030956144231,0.4,0.2,0.8,1.0,0.03988381433967336,0.0,0.14701885521205327,0.01416656094251978,2,2
pose_novelty,Cube,6,38.86810697372672,33.97991476541256,0.2,0.2,0.4,1.0,0.07022262365816251,0.010527914590212684,0.10163770238825132,0.014089798674709608,2,2
pose_novelty,Cube,7,72.65873339569303,63.8438337832625,0.4,0.2,0.4,1.0,0.1295047022473869,0.012888247577061529,0.09237297623036655,0.0,2,2
pose_novelty,Cube,8,59.61617766799871,51.75664344212872,0.4,0.6,0.8,1.0,0.08379817979691083,0.005674634484673563,0.09777930756917173,0.002756247005777257,4,3
pose_novelty,Cube,9,51.38348102725212,45.98099843437697,0.4,0.4,0.8,1.0,0.08279530416552949,0.013311953879857286,0.1297979704111104,0.0,3,2
pose_novelty,Cube,10,70.1209726543272,67.28876064737094,0.4,0.2,0.4,1.0,0.05978548831426237,0.009059589656914021,0.06918650079686196,0.0,3,3
pose_novelty,Cube,11,69.31479470806093,67.06998701814894,0.6,0.0,0.0,1.0,0.0362765409305546,0.015840363892719738,0.07832560990494768,0.0,3,3
pose_novelty,Cube,12,46.672957124480966,46.06396353785173,0.4,0.2,0.4,1.0,0.013798351862207237,0.01845439559278378,0.033090144497722185,0.0499623509977174,2,1
pose_novelty,Cube,13,57.040916030868765,42.449967470193926,0.2,0.4,0.6,1.0,0.04813416938355497,0.0,0.08666213838861225,0.0,3,2
pose_novelty,Cube,14,42.473044354669874,36.163570904596675,0.2,0.2,0.2,1.0,0.05595381218038012,0.024785816815801942,0.06403851833739763,0.0015857425517135648,2,2
pose_novelty,Cylinder,0,43.46497446745711,35.730207204383454,0.0,0.4,0.8,1.0,0.10138228589497342,0.02940673301349503,-0.00545620261401808,0.00888025521213981,2,2
pose_novelty,Cylinder,1,54.384061927911105,52.10430613858664,0.2,0.2,0.0,1.0,0.010270983030499836,0.03220824772921538,0.08031342920070228,0.0,2,1
pose_novelty,Cylinder,2,45.99478510793651,39.908382883740366,0.2,0.0,0.0,1.0,0.05084182155877914,0.031648246028873395,0.039656419261320575,0.02729233112002971,1,1
pose_novelty,Cylinder,3,54.27211918666694,51.502855655778944,0.2,0.2,0.8,1.0,0.1936040557415566,0.0,0.29789894207022605,0.0,1,1
pose_novelty,Cylinder,4,47.31234431191642,44.463159246195296,0.2,0.0,0.0,1.0,0.03322552031824527,0.015478789341370536,0.1841690818845899,0.0,1,1
pose_novelty,Cylinder,5,59.885849067423536,50.37233960763051,0.2,0.2,0.4,1.0,0.049455026074541664,0.015206974168869125,0.10948351525496547,0.0,2,2
pose_novelty,Cylinder,6,53.21223986019991,48.35579108812004,0.4,0.2,0.6,1.0,0.05013007357155397,0.0,0.14746288804105456,0.0,2,1
pose_novelty,Cylinder,7,65.05847070126728,63.14631786884231,0.0,0.6,0.6,1.0,0.05760445796017638,0.014154251512513816,0.11388565087321273,0.003984537624204032,3,2
pose_novelty,Cylinder,8,61.0107104827425,52.06354166556027,0.2,0.0,0.0,1.0,0.10951026726183766,0.0,0.18790480519481345,0.0,1,1
pose_novelty,Cylinder,9,58.73922372532477,57.286494878134725,0.4,0.2,0.6,1.0,0.036034223397028,0.0010149486203034352,0.09652695963251001,0.0010149486203034352,2,2
pose_novelty,Cylinder,10,55.980202449557396,42.75854027948443,0.2,0.2,0.4,1.0,0.10541523902241334,0.01176758756060936,0.1359406841760311,0.0,2,2
pose_novelty,Cylinder,11,62.00318688392689,60.51105531477437,0.4,0.2,0.6,1.0,0.07826198889938629,0.015729521265592794,0.10243477081437774,0.0026633894802107205,2,2
pose_novelty,Cylinder,12,74.59873400058284,71.82142759155548,0.6,0.2,0.2,1.0,0.07396947559263399,0.0,0.08344191763594104,0.0,4,3
pose_novelty,Cylinder,13,57.05748875912623,52.98224556821432,0.6,0.2,0.6,1.0,0.0959453837399149,0.009248513507424358,0.1002364482667432,0.009248513507424358,3,3
pose_novelty,Cylinder,14,48.85089898214535,44.22658657685617,0.4,0.0,0.0,1.0,0.039202542328051815,0.0,0.18392008909641894,0.0,2,2
pose_novelty,L_Shaped,0,42.054307785057645,41.83726843119906,0.2,0.2,0.0,1.0,0.03584120041279845,0.0692178785142766,0.15780860758928156,0.0,2,1
pose_novelty,L_Shaped,1,72.36318962677979,69.11115410067171,0.4,0.0,0.0,1.0,0.0037080906031572713,0.03328599692321807,0.14888461156890825,0.0,2,2
pose_novelty,L_Shaped,2,65.04516135097924,58.97521582615627,0.2,0.2,0.6,1.0,0.09546210652198328,0.0,0.1298210294939094,0.0,2,2
pose_novelty,L_Shaped,3,75.15491102218895,68.90856905071271,0.4,0.2,0.8,1.0,0.05033343914493496,0.010956505422252072,0.09709982984648441,0.017338884326330628,2,2
pose_novelty,L_Shaped,4,40.15551143655503,38.14627384409847,0.4,0.2,0.0,1.0,0.008102324976889452,0.014819836061843894,0.023301622661814014,0.04839779474394812,2,1
pose_novelty,L_Shaped,5,71.7165449452232,66.37522074222616,0.4,0.0,0.0,1.0,0.02943271156874644,0.014791307804365716,0.1645072276357824,0.0,2,1
pose_novelty,L_Shaped,6,53.68513000101681,53.45103498132291,0.2,0.0,0.0,1.0,0.08910691303384194,0.0,0.08327580100980397,0.0,1,1
pose_novelty,L_Shaped,7,48.941537142154694,46.39829086390663,0.0,0.4,0.6,1.0,0.1632977865571874,0.0,0.07753677671232612,0.0,2,2
pose_novelty,L_Shaped,8,31.752591537388547,30.76223380650843,0.2,0.0,0.0,1.0,0.06303495372519557,0.0,0.16864462673082797,0.0,1,1
pose_novelty,L_Shaped,9,62.32282210542602,56.86081913187136,0.0,0.4,0.6,1.0,0.14032966409487002,0.0,0.0256558087169248,0.010077860007447426,2,2
pose_novelty,L_Shaped,10,64.99723588637104,57.75897768165341,0.2,0.2,0.6,1.0,0.07570829444839733,0.0,0.14835602568786954,0.0,1,1
pose_novelty,L_Shaped,11,41.3352392229945,35.674423253339654,0.0,0.4,0.8,1.0,0.19359816113593795,0.0,0.05003408105390572,0.0,2,2
pose_novelty,L_Shaped,12,52.26140944850751,50.708432656827924,0.2,0.0,0.0,1.0,0.04652636438460955,0.0,0.07319590481473381,0.0,1,1
pose_novelty,L_Shaped,13,84.72864644218893,81.94740765185273,0.8,0.0,0.0,1.0,0.060534068145964764,0.011152712153694372,0.05964677140088337,0.010400777489929439,4,3
pose_novelty,L_Shaped,14,30.679329952353413,30.28482426456764,0.0,0.0,0.0,0.0,nan,nan,nan,nan,0,0
pose_novelty,Thin_Irregular,0,48.94022529842574,48.32110865898622,0.2,0.0,0.0,1.0,0.09757242154241014,0.022225078043534185,0.051113302994421905,0.0,1,1
pose_novelty,Thin_Irregular,1,50.900886021438346,44.799129660030175,0.0,0.2,0.4,1.0,0.051275960588026304,0.0,0.07805191001399747,0.0,1,1
pose_novelty,Thin_Irregular,2,47.08413876042495,46.576322458119094,0.0,0.0,0.0,0.0,nan,nan,nan,nan,0,0
pose_novelty,Thin_Irregular,3,57.5430390676854,52.90274242957021,0.4,0.2,0.4,1.0,0.10809999320556789,0.02746553537207828,0.1408647065798613,0.0,3,2
pose_novelty,Thin_Irregular,4,41.75917291490384,40.830836835312354,0.4,0.2,0.0,1.0,0.037141560310946474,0.0,0.14317211896183757,0.0,3,2
pose_novelty,Thin_Irregular,5,69.61556403633503,68.814018591918,0.4,0.2,0.0,1.0,0.1333319565914665,0.03602959299971764,0.12603685820435914,0.0,3,2
pose_novelty,Thin_Irregular,6,53.11200704736956,48.45339800729738,0.4,0.4,0.8,1.0,0.16342363979768273,0.010660998305750605,0.13443134385681474,0.0,3,3
pose_novelty,Thin_Irregular,7,72.74758824111743,70.23216877604152,0.4,0.0,0.0,1.0,0.0463353457625241,0.010631923472702143,0.09443592571947224,0.006006453481906537,2,2
pose_novelty,Thin_Irregular,8,79.2874295635822,76.96821687930186,0.6,0.4,0.6,1.0,0.09116619207945022,0.01160845881597991,0.13505858171425122,0.0038400877554369828,4,3
pose_novelty,Thin_Irregular,9,26.90246036938236,23.422953327129797,0.0,0.0,0.0,0.0,nan,nan,nan,nan,0,0
pose_novelty,Thin_Irregular,10,80.64746439328482,75.23561438707434,0.6,0.0,0.0,1.0,0.0594984257715532,0.016421767274383603,0.07541556755991767,0.012806478173765456,3,3
pose_novelty,Thin_Irregular,11,77.20892713678805,70.33961212519114,0.4,0.2,0.0,1.0,0.06048809427504398,0.0,0.08625561216327998,0.0,3,2
pose_novelty,Thin_Irregular,12,57.064463083145746,44.361333180609506,0.2,0.4,0.8,1.0,0.07240988875942427,0.0,0.07650496668705657,0.005099186844300034,3,3
pose_novelty,Thin_Irregular,13,71.64835405502896,63.255682145813196,0.2,0.0,0.0,1.0,0.04421498174246996,0.0,0.024513679228505225,0.0,1,1
pose_novelty,Thin_Irregular,14,35.18592603475703,33.67788903181939,0.2,0.4,0.8,1.0,0.09425305865824106,0.00227322013523971,0.10317999459681088,0.0014596587856909315,3,2
pose_novelty,green_Pepper,0,26.227377699194296,25.18694893517523,0.2,0.2,0.6,1.0,0.09865384065819538,0.013219886844807849,0.033263353804915685,0.03472366653666209,2,2
pose_novelty,green_Pepper,1,67.60012609420602,66.55903824433743,0.6,0.2,0.8,1.0,0.04364429130109134,0.017897747948450077,0.13790483136327655,0.0,3,3
pose_novelty,green_Pepper,2,46.90459028633339,45.817122294203,0.0,0.2,0.6,1.0,0.03447754336393305,0.04399149497763766,0.15741216508427947,0.0,1,1
pose_novelty,green_Pepper,3,46.28542839228026,41.3619163714235,0.0,0.4,0.6,1.0,0.13461209545488428,0.0,0.10737013633971043,0.0,2,2
pose_novelty,green_Pepper,4,42.62655676246767,42.2803867948215,0.4,0.2,0.0,1.0,0.0020864450346094188,0.0069294224499645285,0.0015563568649579196,0.005743418256865418,2,1
pose_novelty,green_Pepper,5,33.00817125089784,31.071080105668948,0.0,0.2,0.8,1.0,0.20224855392283947,0.0,0.15779979070295536,0.0,1,1
pose_novelty,green_Pepper,6,47.6601601932802,47.306191404069985,0.0,0.0,0.0,0.0,nan,nan,nan,nan,0,0
pose_novelty,green_Pepper,7,36.97302591236398,36.094384423259825,0.4,0.4,0.4,1.0,0.0819041361425471,0.01326131621290579,0.03207024993584251,0.019891974319358685,3,2
pose_novelty,green_Pepper,8,33.6856233755816,25.04436894900808,0.0,0.0,0.0,0.0,nan,nan,nan,nan,0,0
pose_novelty,green_Pepper,9,65.38737051721134,64.28909987500543,0.6,0.2,0.0,1.0,0.10621667355076113,0.013386917592322245,0.07146151321767273,0.015729862913913577,4,3
pose_novelty,green_Pepper,10,82.38768739266757,76.16084432553579,0.6,0.2,0.0,1.0,0.05182981307730515,0.017353987440432234,0.11857335742133383,0.008704610757405215,4,3
pose_novelty,green_Pepper,11,38.52836261310645,35.70766326174552,0.2,0.6,0.6,1.0,0.0824045016287825,0.0,0.03063111832030979,0.027353088779650814,3,2
pose_novelty,green_Pepper,12,51.44730597972286,47.65452202706265,0.2,0.2,0.8,1.0,0.1458362190667576,0.0,0.0966272501521469,0.0,2,2
pose_novelty,green_Pepper,13,63.444178041953,60.27366259725305,0.2,0.0,0.0,1.0,0.03473093752466272,0.0,0.17132532029889902,0.0,1,1
pose_novelty,green_Pepper,14,56.85131699626197,49.83646477752274,0.2,0.0,0.0,1.0,0.043857971221168635,0.0,0.1212436926806496,0.0,1,1
ray_gpis,Bowl,0,83.25030547097155,79.87236342843217,0.6,0.0,0.0,1.0,0.031805703656645666,0.007465889461740631,0.09622838846260633,0.01466198129248882,3,3
ray_gpis,Bowl,1,41.92861626661829,17.435674499523266,0.0,0.2,0.0,1.0,0.017142352418516027,0.01023443405107305,nan,nan,1,0
ray_gpis,Bowl,2,42.5521234014323,36.80189508554728,0.0,0.4,0.4,1.0,0.08775420567185621,0.0002783610558030891,0.024692949225091132,0.007388511605382897,2,1
ray_gpis,Bowl,3,37.50621606606251,29.423071590637836,0.0,0.4,0.8,1.0,0.18604349351423982,0.0,0.03684941056456609,0.04617785783649064,2,2
ray_gpis,Bowl,4,59.209546662979925,56.152163482239175,0.0,0.0,0.0,0.0,nan,nan,nan,nan,0,0
ray_gpis,Bowl,5,64.62549525002771,62.07057431072111,0.2,0.2,0.4,1.0,0.0026062549809988678,0.005923542215218958,0.09999165053982284,0.0,1,1
ray_gpis,Bowl,6,37.90547897028441,33.49605154310992,0.2,0.0,0.0,1.0,0.1017395732539148,0.0,nan,nan,1,0
ray_gpis,Bowl,7,45.352161146911996,26.327531863984564,0.2,0.2,0.4,1.0,0.04008260523985552,0.0,0.07326057538197417,0.01949513198622843,1,1
ray_gpis,Bowl,8,70.70628567041277,66.60911528336261,0.4,0.2,0.4,1.0,0.0665033920515343,0.0,0.11644908667399376,0.0,2,2
ray_gpis,Bowl,9,65.34936344018948,60.9801180595637,0.6,0.2,0.4,1.0,0.0706862384210278,0.03554272120896925,0.0690996578411896,0.021078754673315547,3,2
ray_gpis,Bowl,10,47.057011994334694,46.066438260499794,0.6,0.0,0.0,1.0,0.10199621986521827,0.02003655898670385,0.10614956459914666,0.027279074033698076,3,3
ray_gpis,Bowl,11,47.68745206092683,44.132274170731286,0.0,0.2,0.4,1.0,0.07371222353986817,0.10162822310812836,0.0008630131318321244,0.0,1,1
ray_gpis,Bowl,12,62.236155471652864,51.718887218172405,0.4,0.2,0.0,1.0,0.03799606813837564,0.022100533688325614,0.11097062794085022,0.0,3,2
ray_gpis,Bowl,13,61.24548779985029,24.728261914071457,0.4,0.8,0.8,1.0,0.0658556313560629,0.03915693909242898,0.025561612981875204,0.04630417803142669,4,3
ray_gpis,Bowl,14,52.99332319237453,21.05348260933312,0.6,0.0,0.0,1.0,0.03156345801575396,0.020567665951031433,0.03182732773096103,0.021166150229586178,3,2
ray_gpis,Corner,0,74.76838709246807,70.27575134652484,0.2,0.4,0.8,1.0,0.09794771992978552,0.004035938399285344,0.18569419165183437,0.0,2,1
ray_gpis,Corner,1,65.36004295433554,60.1256193138676,0.0,0.0,0.0,0.0,nan,nan,nan,nan,0,0
ray_gpis,Corner,2,54.80225037494315,53.09696743001666,0.2,0.2,0.2,1.0,0.09002048409903463,0.0,-0.005639188199890621,0.0017073509543050758,1,1
ray_gpis,Corner,3,69.53880602797942,65.77939594429897,0.4,0.0,0.0,1.0,0.01967215367890429,0.0020276420278687035,0.13400653676454544,0.0,2,1
ray_gpis,Corner,4,53.74517482006398,51.46949278658839,0.2,0.2,0.2,1.0,0.05096341885237149,0.004560647543028651,0.00042725766818957345,0.0069484854317557465,2,2
ray_gpis,Corner,5,47.340403344296774,31.187194681022817,0.2,0.2,0.4,1.0,0.0662488004537996,0.0,-0.003102499511441592,0.01375020968277263,2,1
ray_gpis,Corner,6,47.79889071979375,43.58066282939574,0.2,0.2,0.8,1.0,0.11596425074719846,0.0,0.09356917654618113,0.0,2,2
ray_gpis,Corner,7,75.969666675111,70.27650506202455,0.4,0.4,0.6,1.0,0.09784130813267564,0.01522030996194175,0.14425328142022356,0.0,4,3
ray_gpis,Corner,8,60.771782225373805,50.42452839055576,0.2,0.6,0.4,1.0,0.08743108059283308,0.0,0.09772106203590536,0.0,4,3
ray_gpis,Corner,9,54.38717299674744,39.83844967500797,0.2,0.0,0.0,1.0,0.026095102049485508,0.018346400494314463,nan,nan,1,0
ray_gpis,Corner,10,75.06877097575796,74.66666533758081,0.6,0.2,0.4,1.0,0.0647436737682973,0.008543527208952878,0.10201006298951894,0.0,4,3
ray_gpis,Corner,11,52.00708577220663,48.027910332392324,0.4,0.2,0.4,1.0,0.07071676577238943,0.018047516598834412,0.08745918541035491,0.009785380379797223,3,3
ray_gpis,Corner,12,58.827026396838036,47.04406133516137,0.4,0.2,0.0,1.0,0.038693882584397286,0.0,0.06616475217530554,0.0,3,2
ray_gpis,Corner,13,44.468157999049865,40.782986184504146,0.2,0.2,0.8,1.0,0.097804602327251,0.010165216957925771,0.009958257680449112,0.01217591014182351,2,2
ray_gpis,Corner,14,53.80483527049262,47.22757400209628,0.2,0.0,0.0,1.0,0.14092371499495338,0.0,0.0715653191832657,0.0,1,1
ray_gpis,Cross,0,62.82146995444633,58.38751016455668,0.2,0.0,0.0,1.0,0.013553462158067797,0.041569456906812075,0.22662220431310492,0.0,1,1
ray_gpis,Cross,1,48.04610465204814,37.36213952410845,0.0,0.2,0.8,1.0,0.16277240221627193,0.0,0.12349349817896604,0.0,1,1
ray_gpis,Cross,2,69.88660422693968,63.91236698024452,0.4,0.2,0.6,1.0,0.015300065680949937,0.0,0.07576334648948024,0.0,2,2
ray_gpis,Cross,3,55.56872012676301,50.89605673963872,0.0,0.2,0.8,1.0,0.28888962628512477,0.0,0.06504301703520432,0.0,1,1
ray_gpis,Cross,4,52.33909409963066,41.50164661255013,0.2,0.2,0.8,1.0,0.2332446147695693,0.013470921334053587,0.1272542375561711,0.0,2,2
ray_gpis,Cross,5,33.66768031103764,32.66996693765393,0.4,0.2,0.6,1.0,0.057801742140527544,0.001935938688238344,0.08901315795242515,0.002903908032357516,3,2
ray_gpis,Cross,6,70.6421349974976,65.6678608840277,0.4,0.0,0.0,1.0,0.01793925508545524,0.01219230775207103,0.012327926208945517,0.01831095977009345,2,1
ray_gpis,Cross,7,66.86973516675815,55.6080574993754,0.0,0.4,0.8,1.0,0.1416269625756462,0.0,0.10167034926129392,0.008639913329326565,2,2
ray_gpis,Cross,8,47.311329980448576,40.496876265742046,0.2,0.2,0.8,1.0,0.19098096589572933,0.026607258048467863,0.223374909558268,0.0,1,1
ray_gpis,Cross,9,47.284395627747266,39.137656898398305,0.0,0.4,0.6,1.0,0.09874592436742535,0.0,0.02425483517993987,0.021728931370507132,2,1
ray_gpis,Cross,10,70.86387457614735,61.889649144806995,0.2,0.2,0.2,1.0,0.07448625872741463,0.011279581624699692,0.09383750761752016,0.0028433264300538053,2,2
ray_gpis,Cross,11,67.50076979539706,64.32767831814766,0.4,0.2,0.4,1.0,0.17899506597041784,0.02393009811733607,0.09410313766081976,0.0024917495856064398,2,2
ray_gpis,Cross,12,44.55792804805524,43.02123544003801,0.2,0.2,0.2,1.0,0.02536490425532345,0.008615593976039171,-0.011048184691563545,0.00017569851753784782,1,1
ray_gpis,Cross,13,53.996109713057976,52.09195216633166,0.2,0.2,0.2,1.0,0.120587941397381,0.0,0.07900839120478831,0.015242950978553993,2,2
ray_gpis,Cross,14,65.04189400524456,62.10176446209923,0.4,0.0,0.0,1.0,0.04297808712877477,0.00724743445671866,0.07883323183043911,0.028592148945124962,2,2
ray_gpis,Cube,0,58.04629139118806,47.854457347528616,0.0,0.0,0.0,0.0,nan,nan,nan,nan,0,0
ray_gpis,Cube,1,76.6613430623527,74.87518486597172,0.6,0.4,0.6,1.0,0.05557244719613169,0.00725224117301701,0.06266679364318362,0.004366070794521504,4,4
ray_gpis,Cube,2,59.2289356359467,58.49331554986709,0.2,0.2,0.4,1.0,0.10137334067134343,0.029585678242219776,0.19732807561258428,0.006421799113236537,2,2
ray_gpis,Cube,3,44.97072718177729,40.70823494498018,0.2,0.0,0.0,1.0,0.0252936023084247,0.024494216235594557,0.15274768412431305,0.0,1,1
ray_gpis,Cube,4,38.16827634334063,33.877323049689856,0.2,0.0,0.0,1.0,0.014481540575766894,0.02373283512648039,nan,nan,1,0
ray_gpis,Cube,5,74.30289966815218,71.5030956144231,0.4,0.2,0.8,1.0,0.03988381433967336,0.0,0.14701885521205327,0.01416656094251978,2,2
ray_gpis,Cube,6,42.486058071590094,30.743478432370637,0.2,0.2,0.4,1.0,0.07022262365816251,0.010527914590212684,0.11572750106296092,0.0,2,2
ray_gpis,Cube,7,72.65873339569303,63.8438337832625,0.4,0.2,0.4,1.0,0.1295047022473869,0.012888247577061529,0.09237297623036655,0.0,2,2
ray_gpis,Cube,8,63.848437234267124,57.07417216433155,0.4,0.6,0.8,1.0,0.08740562902725145,0.0020671852543329428,0.09777930756917173,0.002756247005777257,4,3
ray_gpis,Cube,9,61.14889450174303,55.737439826334665,0.4,0.4,0.8,1.0,0.08141719819397482,0.014690059851411955,0.1297979704111104,0.0,3,2
ray_gpis,Cube,10,65.59141339370629,59.46694344140582,0.4,0.2,0.4,1.0,0.05978548831426237,0.009059589656914021,0.06918650079686196,0.0,3,3
ray_gpis,Cube,11,64.4623669484293,63.160919838541886,0.6,0.0,0.0,1.0,0.0362765409305546,0.015840363892719738,0.07499729014197161,0.0033283197629760584,3,3
ray_gpis,Cube,12,61.11675661479319,56.15770856151323,0.4,0.2,0.4,1.0,0.013116899857148978,0.018293115096522372,0.08305249549543958,0.0,2,1
ray_gpis,Cube,13,63.21487332131644,48.78867092411497,0.2,0.4,0.6,1.0,0.05228961120848959,0.0008785694843385095,0.09393456537562245,0.0002785899768995015,3,2
ray_gpis,Cube,14,42.00815540345203,32.83712035596142,0.2,0.2,0.2,1.0,0.03509379558032724,0.04564583341585482,0.10652748310776736,0.0,2,2
ray_gpis,Cylinder,0,59.840591112073994,50.144895858135484,0.0,0.4,0.8,1.0,0.10595590360233245,0.024833115306135994,0.007574139064921714,0.007506470104167662,2,2
ray_gpis,Cylinder,1,53.63637642804247,51.456238852893776,0.2,0.2,0.0,1.0,0.042479230759715214,0.0,0.08031342920070228,0.0,2,1
ray_gpis,Cylinder,2,50.696970639406686,49.516185426834994,0.2,0.0,0.0,1.0,0.04735451840357219,0.04066722731655448,0.12378347859949301,0.0,1,1
ray_gpis,Cylinder,3,55.09655019006068,51.76080573671036,0.2,0.2,0.8,1.0,0.1936040557415566,0.0,0.29789894207022605,0.0,1,1
ray_gpis,Cylinder,4,47.31234431191642,44.463159246195296,0.2,0.0,0.0,1.0,0.03322552031824527,0.015478789341370536,0.1841690818845899,0.0,1,1
ray_gpis,Cylinder,5,61.451079096801664,48.18540017381007,0.2,0.2,0.4,1.0,0.049455026074541664,0.015206974168869125,0.10948351525496547,0.0,2,2
ray_gpis,Cylinder,6,61.38969577860125,56.47155332783895,0.4,0.2,0.6,1.0,0.04577643364299622,0.004353639928557751,0.14746288804105456,0.0,2,1
ray_gpis,Cylinder,7,57.10108369981013,54.52420022706317,0.0,0.6,0.6,1.0,0.09576310459684755,0.002656358416136021,0.048924567429694754,0.06894562106772201,3,2
ray_gpis,Cylinder,8,61.0107104827425,52.06354166556027,0.2,0.0,0.0,1.0,0.10951026726183766,0.0,0.18790480519481345,0.0,1,1
ray_gpis,Cylinder,9,58.73922372532477,57.286494878134725,0.4,0.2,0.6,1.0,0.036034223397028,0.0010149486203034352,0.09652695963251001,0.0010149486203034352,2,2
ray_gpis,Cylinder,10,62.19594493036376,50.43703201728607,0.2,0.2,0.4,1.0,0.10541523902241334,0.01176758756060936,0.1359406841760311,0.0,2,2
ray_gpis,Cylinder,11,62.00318688392689,60.51105531477437,0.4,0.2,0.6,1.0,0.07826198889938629,0.015729521265592794,0.10243477081437774,0.0026633894802107205,2,2
ray_gpis,Cylinder,12,74.59873400058284,71.82142759155548,0.6,0.2,0.2,1.0,0.07396947559263399,0.0,0.08344191763594104,0.0,4,3
ray_gpis,Cylinder,13,57.05748875912623,52.98224556821432,0.6,0.2,0.6,1.0,0.0959453837399149,0.009248513507424358,0.1002364482667432,0.009248513507424358,3,3
ray_gpis,Cylinder,14,48.85089898214535,44.22658657685617,0.4,0.0,0.0,1.0,0.039202542328051815,0.0,0.18392008909641894,0.0,2,2
ray_gpis,L_Shaped,0,44.775773082156334,38.47677678376503,0.2,0.2,0.0,1.0,0.08786063616025805,0.03541579337406506,0.15780860758928156,0.0,2,1
ray_gpis,L_Shaped,1,64.40979245631958,61.34137422634084,0.4,0.0,0.0,1.0,0.0037080906031572713,0.03328599692321807,0.14888461156890825,0.0,2,2
ray_gpis,L_Shaped,2,75.24255618490523,54.45916896269231,0.2,0.2,0.6,1.0,0.056928190800882766,0.0010603801009886338,0.09582729556004577,0.0,2,2
ray_gpis,L_Shaped,3,75.15491102218895,68.90856905071271,0.4,0.2,0.8,1.0,0.05033343914493496,0.010956505422252072,0.09709982984648441,0.017338884326330628,2,2
ray_gpis,L_Shaped,4,50.4713566960357,31.415045390379,0.4,0.2,0.0,1.0,0.02044028433748657,0.007100724539996717,0.02833129122972644,0.04336812617603569,2,1
ray_gpis,L_Shaped,5,61.76856089379105,61.29641037012618,0.4,0.0,0.0,1.0,0.023497859756120454,0.0199367169933701,0.09310117240347998,0.000409061531932875,2,1
ray_gpis,L_Shaped,6,44.02500414947309,43.676836574804405,0.2,0.0,0.0,1.0,0.08721958993581358,0.0018873230980283595,0.08125982194454329,0.02337613748169598,1,1
ray_gpis,L_Shaped,7,47.508962505936424,43.05351277884113,0.0,0.4,0.6,1.0,0.13830287153796456,0.024994915019222852,0.04256099079400966,0.024994915019222852,2,2
ray_gpis,L_Shaped,8,45.84431258405801,44.93209220910934,0.2,0.0,0.0,1.0,0.05431330788243183,0.0,0.10298927897624544,0.0,1,1
ray_gpis,L_Shaped,9,62.32282210542602,56.86081913187136,0.0,0.4,0.6,1.0,0.14032966409487002,0.0,0.0256558087169248,0.010077860007447426,2,2
ray_gpis,L_Shaped,10,65.25005678874832,57.11093336181862,0.2,0.2,0.6,1.0,0.07570829444839733,0.0,0.14835602568786954,0.0,1,1
ray_gpis,L_Shaped,11,41.3352392229945,35.674423253339654,0.0,0.4,0.8,1.0,0.19359816113593795,0.0,0.05003408105390572,0.0,2,2
ray_gpis,L_Shaped,12,46.62280351025481,44.991576731882574,0.2,0.0,0.0,1.0,0.001515228810114122,0.04501113557449543,0.10532404056022282,0.0,1,1
ray_gpis,L_Shaped,13,84.72864644218893,81.94740765185273,0.8,0.0,0.0,1.0,0.060534068145964764,0.011152712153694372,0.05964677140088337,0.010400777489929439,4,3
ray_gpis,L_Shaped,14,34.42430089109139,31.865622941996484,0.0,0.0,0.0,0.0,nan,nan,nan,nan,0,0
ray_gpis,Thin_Irregular,0,54.263819552745645,53.93702019091336,0.2,0.0,0.0,1.0,0.09757242154241014,0.022225078043534185,0.051113302994421905,0.0,1,1
ray_gpis,Thin_Irregular,1,50.900886021438346,44.799129660030175,0.0,0.2,0.4,1.0,0.051275960588026304,0.0,0.07805191001399747,0.0,1,1
ray_gpis,Thin_Irregular,2,46.614896422449945,46.27498638061256,0.0,0.0,0.0,0.0,nan,nan,nan,nan,0,0
ray_gpis,Thin_Irregular,3,61.80166122238709,43.906380363939796,0.4,0.2,0.4,1.0,0.1082936173308388,0.027271911246807373,0.1408647065798613,0.0,3,2
ray_gpis,Thin_Irregular,4,44.191230160357634,43.69841321851923,0.4,0.2,0.0,1.0,0.03448332763729519,0.002658232673651284,0.14317211896183757,0.0,3,2
ray_gpis,Thin_Irregular,5,60.91507375518222,59.9430161810335,0.4,0.2,0.0,1.0,0.1486559729565267,0.02070557663465744,0.12603685820435914,0.0,3,2
ray_gpis,Thin_Irregular,6,53.11200704736956,48.45339800729738,0.4,0.4,0.8,1.0,0.16342363979768273,0.010660998305750605,0.13443134385681474,0.0,3,3
ray_gpis,Thin_Irregular,7,72.74758824111743,70.23216877604152,0.4,0.0,0.0,1.0,0.0463353457625241,0.010631923472702143,0.09443592571947224,0.006006453481906537,2,2
ray_gpis,Thin_Irregular,8,79.2874295635822,76.96821687930186,0.6,0.4,0.6,1.0,0.09116619207945022,0.01160845881597991,0.13505858171425122,0.0038400877554369828,4,3
ray_gpis,Thin_Irregular,9,28.45457188722594,25.077967312443064,0.0,0.0,0.0,0.0,nan,nan,nan,nan,0,0
ray_gpis,Thin_Irregular,10,80.64746439328482,75.23561438707434,0.6,0.0,0.0,1.0,0.0594984257715532,0.016421767274383603,0.07541556755991767,0.012806478173765456,3,3
ray_gpis,Thin_Irregular,11,77.20892713678805,70.33961212519114,0.4,0.2,0.0,1.0,0.06048809427504398,0.0,0.08625561216327998,0.0,3,2
ray_gpis,Thin_Irregular,12,50.70358148624367,35.590487370368976,0.2,0.4,0.8,1.0,0.07240988875942427,0.0,0.07747754357476717,0.004126609956589422,3,3
ray_gpis,Thin_Irregular,13,71.64835405502896,63.255682145813196,0.2,0.0,0.0,1.0,0.04421498174246996,0.0,0.024513679228505225,0.0,1,1
ray_gpis,Thin_Irregular,14,42.76119693798287,40.6901127838142,0.2,0.4,0.8,1.0,0.09522616451536835,0.0013001142781124224,0.10463965338250181,0.0,3,2
ray_gpis,green_Pepper,0,30.935134110279524,17.642020895140586,0.2,0.2,0.6,1.0,0.11187372750300323,0.0,0.024831568791029823,0.03472366653666209,2,2
ray_gpis,green_Pepper,1,67.60012609420602,66.55903824433743,0.6,0.2,0.8,1.0,0.04364429130109134,0.017897747948450077,0.13790483136327655,0.0,3,3
ray_gpis,green_Pepper,2,52.73845981338254,52.438551049738386,0.0,0.2,0.6,1.0,0.03447754336393305,0.04399149497763766,0.15741216508427947,0.0,1,1
ray_gpis,green_Pepper,3,48.069879806241524,44.09147896845928,0.0,0.4,0.6,1.0,0.13461209545488428,0.0,0.10737013633971043,0.0,2,2
ray_gpis,green_Pepper,4,54.626502239930474,53.852472683846486,0.4,0.2,0.0,1.0,0.010914345083783972,0.004007621634561975,0.011096730320243386,0.00801524326912395,2,1
ray_gpis,green_Pepper,5,36.40777332884088,29.2024647812758,0.0,0.2,0.8,1.0,0.20224855392283947,0.0,0.15779979070295536,0.0,1,1
ray_gpis,green_Pepper,6,51.68520266122829,44.28618278605184,0.0,0.0,0.0,0.0,nan,nan,nan,nan,0,0
ray_gpis,green_Pepper,7,43.34587255610379,32.7409732671239,0.4,0.4,0.4,1.0,0.08320476255449971,0.01196068980095318,0.034021189553771425,0.01794103470142977,3,2
ray_gpis,green_Pepper,8,33.6856233755816,25.04436894900808,0.0,0.0,0.0,0.0,nan,nan,nan,nan,0,0
ray_gpis,green_Pepper,9,65.38737051721134,64.28909987500543,0.6,0.2,0.0,1.0,0.10621667355076113,0.013386917592322245,0.07146151321767273,0.015729862913913577,4,3
ray_gpis,green_Pepper,10,82.38768739266757,76.16084432553579,0.6,0.2,0.0,1.0,0.05182981307730515,0.017353987440432234,0.11857335742133383,0.008704610757405215,4,3
ray_gpis,green_Pepper,11,40.59593742234449,37.053611574955255,0.2,0.6,0.6,1.0,0.07798183085752892,0.004413907181171887,0.057984207099960605,0.0,3,2
ray_gpis,green_Pepper,12,51.44730597972286,47.65452202706265,0.2,0.2,0.8,1.0,0.1458362190667576,0.0,0.0966272501521469,0.0,2,2
ray_gpis,green_Pepper,13,63.444178041953,60.27366259725305,0.2,0.0,0.0,1.0,0.03473093752466272,0.0,0.17132532029889902,0.0,1,1
ray_gpis,green_Pepper,14,56.85131699626197,49.83646477752274,0.2,0.0,0.0,1.0,0.043857971221168635,0.0,0.1212436926806496,0.0,1,1
