planner,object,initial_pose_seed,planner_seeds,final_recall@5,final_f@5,final_chamfer_mm,final_visibility_coverage,visibility_coverage_auc,recall@5_auc,f@5_auc,cumulative_active_gain_f@5,unseen_surface_discovery_ratio,unique_visibility_gain_per_action,selected_gain_f@5_per_action,oracle_gain_f@5_per_action,score_gain_correlation,correlation_valid_rate,oracle_regret_f@5,oracle_action_accuracy,zero_unique_gain_action_rate,consecutive_score_map_correlation,action_repetition_rate,representation_update_s,candidate_scoring_s,planning_time_s
pose_novelty,Bowl,0,1,0.5537,0.7041673074602876,6.824353429992272,0.3911509873125148,0.2515591272741772,0.37798000000000004,0.5287098834567666,0.3334952097006134,0.3173933777311898,0.05661962200802715,0.06669904194012269,0.07896531506857606,-0.2,1.0,0.012266273128453376,0.2,0.0,0.7249350816024738,1.0,2.8608000138774515e-05,0.00029181380232330413,0.00032042180246207865
pose_novelty,Bowl,1,1,0.7373,0.8165165674928911,6.254594459561438,0.45963581395939485,0.30534688502349383,0.49806333333333336,0.6076457852378223,0.5142133588459554,0.39312505670837794,0.07000806463624579,0.10284267176919108,0.10709108434225068,0.3,1.0,0.00424841257305959,0.6,0.0,0.2538560702461295,0.75,2.120600256603211e-05,0.0001985117996810004,0.00021971780224703253
pose_novelty,Bowl,2,1,0.8374666666666667,0.9109041938621827,5.24035535002623,0.4633143573574271,0.31163713717547326,0.5523,0.6846648849385268,0.5647079424840129,0.3879250535721399,0.06802886080816131,0.11294158849680258,0.1261859185706966,0.5,1.0,0.013244330073894018,0.6,0.0,0.3606733758797348,0.75,1.9463401986286045e-05,0.00028015119896735997,0.000299614600953646
pose_novelty,Bowl,3,1,0.6793666666666667,0.7669215263687406,6.725358187886898,0.4867546334743795,0.3108405095463899,0.4290266666666668,0.5395808969306978,0.6401252993373768,0.4456707066728916,0.08252799480365278,0.12802505986747537,0.14060426409734916,0.3,1.0,0.012579204229873797,0.4,0.0,0.12104326842362573,0.75,2.192819956690073e-05,0.00024369200400542468,0.0002656202035723254
pose_novelty,Bowl,4,1,0.8523,0.8523492591454961,5.7808200092048265,0.5298106508671906,0.3339842877543338,0.5929133333333334,0.6984010766331148,0.41293916212882376,0.4628482954988943,0.08102974894587062,0.08258783242576476,0.09422043398712769,0.2,1.0,0.011632601561362943,0.6,0.0,0.34391432311873066,1.0,1.8870600615628064e-05,0.00021338719525374473,0.00023225779586937277
pose_novelty,Bowl,5,1,0.7340333333333333,0.8455366571688238,5.585086926922951,0.46982027633455353,0.2896495750454003,0.47719666666666666,0.6291737275173833,0.5901284226956904,0.3940737924076223,0.06896217121640671,0.11802568453913809,0.1192103929821819,0.5,1.0,0.0011847084430437916,0.8,0.0,0.6124085459925332,1.0,2.255939762108028e-05,0.0001991965953493491,0.00022175599297042937
pose_novelty,Bowl,6,1,0.7605,0.8628514229719619,5.394780964427524,0.5042611445023184,0.3126698955456843,0.46123666666666663,0.603025027489825,0.6248624649078247,0.45312003126119105,0.08214936312936337,0.12497249298156494,0.12722535404886898,0.8,1.0,0.002252861067304024,0.8,0.0,0.2930135030795632,1.0,2.0445199334062635e-05,0.00026562959246803077,0.0002860747918020934
pose_novelty,Bowl,7,1,0.7141666666666666,0.8327274437831028,5.885680105673495,0.45665912123089686,0.29684724250846245,0.4854366666666666,0.640679738081072,0.5016061155246281,0.3828800761467221,0.06742105999034376,0.10032122310492561,0.1027991797100726,0.8,1.0,0.00247795660514698,0.8,0.0,0.43369223573242155,1.0,2.023139677476138e-05,0.00020058219670318067,0.00022081359347794204
pose_novelty,Bowl,8,1,0.6738333333333333,0.8010915508233307,5.75064241004403,0.4761489725800311,0.29756754670304886,0.4531066666666666,0.6084645843349765,0.4291815299295093,0.40215020178773836,0.07047482394862634,0.08583630598590186,0.08583630598590186,0.6,1.0,0.0,1.0,0.0,0.5120921358989073,1.0,1.9798401626758278e-05,0.0002347216010093689,0.00025452000263612715
pose_novelty,Bowl,9,1,0.6458666666666667,0.7821502244073472,6.616835774171528,0.3930164334693078,0.28538075725431644,0.43088333333333334,0.5825251204943008,0.47668235495421607,0.30567193886146926,0.0534438557284431,0.09533647099084322,0.13569415465985385,0.0,1.0,0.04035768366901066,0.4,0.0,0.5981302153984707,1.0,2.2741599241271616e-05,0.00029348700190894305,0.00031622860115021467
pose_novelty,Bowl,10,1,0.7921333333333334,0.8770317027777054,5.470451674577629,0.4729340815149222,0.27408446961682936,0.41329000000000005,0.5567066866304594,0.6460560858304518,0.43123317537657274,0.07992319517284588,0.12921121716609035,0.13629441062036246,0.8,1.0,0.007083193454272096,0.8,0.0,0.4868046598590222,1.0,1.8585400539450347e-05,0.0002459333947626874,0.0002645187953021377
pose_novelty,Bowl,11,1,0.7723333333333333,0.8512974132591693,5.648612675595282,0.5097618455801372,0.3365021551540873,0.5139699999999999,0.6399390872619901,0.5998487741020139,0.4457804702668974,0.07886354893531257,0.11996975482040277,0.12643293533430003,0.6,1.0,0.006463180513897248,0.8,0.0,0.1587045177366406,0.75,1.9171598250977694e-05,0.00029032759775873276,0.00030949919600971044
pose_novelty,Bowl,12,1,0.7953,0.8859800590430568,5.403338029639632,0.4468328060217164,0.2711739741415733,0.48911,0.6435493127629702,0.3970866928011789,0.36811107753831496,0.06445024262837559,0.07941733856023578,0.09476066307426356,0.5,1.0,0.015343324514027779,0.8,0.0,0.5089675417434909,1.0,1.9501600763760508e-05,0.00019731539650820197,0.00021681699727196246
pose_novelty,Bowl,13,1,0.7162333333333334,0.8124150394150077,6.47280929450414,0.46374859070499347,0.32633318496537306,0.57508,0.7043272913849292,0.4639881628150463,0.38251289524229837,0.06643801224891484,0.09279763256300926,0.10597266226455238,0.3,1.0,0.013175029701543117,0.6,0.0,0.2015880241626765,0.75,2.2884600912220777e-05,0.00019922939827665687,0.00022211399918887765
pose_novelty,Bowl,14,1,0.6988333333333333,0.8178142630308001,6.152970834695728,0.40463661286225777,0.2666539335335917,0.5268533333333333,0.6782624823229682,0.36957190792613315,0.3212256522455194,0.056350388899964285,0.07391438158522663,0.07391438158522663,0.8,1.0,0.0,1.0,0.0,0.5125739969327182,1.0,2.6203799643553792e-05,0.00026393180014565586,0.0002901355997892097
pose_novelty,Corner,0,1,0.6990666666666666,0.8223028263701285,6.593134334065152,0.07888753326204863,0.04761342764508693,0.4825733333333334,0.6287752783628975,0.5646654701150466,0.0651760586645824,0.012844018539583033,0.11293309402300933,0.1133117812816028,0.4,1.0,0.00037868725859346863,0.8,0.0,0.25133908883672507,0.75,2.2310399799607694e-05,0.00021370479953475296,0.00023601519933436066
pose_novelty,Corner,1,1,0.6862333333333334,0.7837734891288495,7.409559182466251,0.07727030930192218,0.04659105858291642,0.4709966666666666,0.6224151069765673,0.3623054544011462,0.062306072603738,0.012262351588838564,0.07246109088022924,0.07246109088022924,0.6,1.0,0.0,1.0,0.0,0.3552518777415762,1.0,1.9891999545507134e-05,0.0002585968002676964,0.00027848879981320354
pose_novelty,Corner,2,1,0.8339,0.8742891272122957,5.519285366363941,0.07879381481246388,0.046219437879202366,0.5779433333333334,0.7088328786895717,0.5332141438015459,0.06732237341561753,0.013298868767570004,0.10664282876030917,0.10698429895117019,0.8,1.0,0.00034147019086101517,0.8,0.0,0.315226943932593,1.0,2.040899998974055e-05,0.00025521139905322344,0.000275620399042964
pose_novelty,Corner,3,1,0.836,0.9089951387172334,4.58368510149456,0.0760925096800801,0.045889024242541834,0.60968,0.7431804670771103,0.4581818157118112,0.062995546317393,0.01242300543411285,0.09163636314236225,0.09244741995350972,0.6,1.0,0.0008110568111474814,0.8,0.0,0.38167146039481115,1.0,2.097300020977855e-05,0.0002588388044387102,0.00027981180464848877
pose_novelty,Corner,4,1,0.7322333333333333,0.8055666336758369,6.407494051083347,0.07966442829950948,0.04820247720837767,0.5671333333333333,0.6922677191753501,0.38964140200490205,0.06576502148796297,0.012957315887576693,0.0779282804009804,0.0807076745736827,0.4,1.0,0.0027793941727022988,0.6,0.0,0.4111798847468412,1.0,2.0452201715670527e-05,0.00019914539880119264,0.00021959760051686316
pose_novelty,Corner,5,1,0.8435,0.864131679466062,6.018098480263404,0.08118395612329332,0.04867520224858054,0.6318733333333334,0.743973741393243,0.551088690178239,0.06913691687932222,0.013648432214097426,0.11021773803564779,0.11360458843034316,0.3,1.0,0.003386850394695373,0.8,0.0,0.20305236803788096,0.75,2.2126801195554435e-05,0.00023279100423678756,0.000254917805432342
pose_novelty,Corner,6,1,0.9095666666666666,0.9509087802878146,4.601097179332467,0.08384016308246452,0.050268865800980354,0.6631066666666667,0.7826708878173838,0.4355795545436233,0.06853309717608137,0.013481374580662137,0.08711591090872466,0.08711591090872466,0.9,1.0,0.0,1.0,0.0,0.17545467165093015,0.75,1.9808599608950318e-05,0.0001938398025231436,0.0002136484021320939
pose_novelty,Corner,7,1,0.7883666666666667,0.8816611060371661,4.665144470329225,0.0818144209218422,0.048056227602892104,0.5046733333333334,0.6468733832892151,0.4781275935448158,0.06805801383846435,0.013410681732360142,0.09562551870896316,0.10780176667851657,0.0,1.0,0.0121762479695534,0.6,0.0,0.41124417543934955,1.0,2.2205000277608633e-05,0.0003276562027167529,0.00034986120299436153
pose_novelty,Corner,8,1,0.871,0.9194023169631615,4.733064901602272,0.08310791054558242,0.04842362011189626,0.5411766666666666,0.6784872314358893,0.5499700262872912,0.07012767158740774,0.01382974960446855,0.10999400525745824,0.10999400525745824,0.7,1.0,0.0,1.0,0.0,0.48655105387293063,0.75,2.0055199274793268e-05,0.00028902500635012983,0.0003090802056249231
pose_novelty,Corner,9,1,0.8519,0.9160526351828755,5.01179618818053,0.07908956309099476,0.04888268421090155,0.5844333333333334,0.7145550479258954,0.44905041233609866,0.06477804130049208,0.012757351078261665,0.08981008246721973,0.09960595614384042,0.3,1.0,0.009795873676620692,0.6,0.0,0.2985833174870582,0.75,2.0529201719909906e-05,0.0002927486028056592,0.0003132778045255691
pose_novelty,Corner,10,1,0.7017,0.8242156893895402,6.054664391871033,0.07899626773121995,0.04608299444458643,0.45866666666666667,0.6150463338496441,0.3899368344536042,0.0638502402624409,0.012563440619682948,0.07798736689072085,0.08482218865788314,0.3,1.0,0.006834821767162302,0.8,0.0,0.5011161405216995,1.0,2.408180444035679e-05,0.00021332780306693166,0.00023740960750728846
pose_novelty,Corner,11,1,0.655,0.7915407854984895,7.681255940672103,0.07856717788479455,0.04571378997950812,0.4692733333333334,0.6276118727710982,0.3276390957903482,0.06468386957973596,0.012744747696248369,0.06552781915806964,0.08589495089172927,0.4,1.0,0.020367131733659626,0.4,0.0,0.4638013899717051,1.0,2.754259912762791e-05,0.0003224393993150443,0.0003499819984426722
pose_novelty,Corner,12,1,0.6820333333333334,0.8109629218604466,6.298612209195379,0.0795506717140104,0.0473789013508133,0.5138900000000001,0.6706584590887921,0.42230678264033705,0.06574117370815773,0.012953887611762072,0.08446135652806741,0.08934870368240119,0.4,1.0,0.004887347154333787,0.6,0.0,0.4885659298175904,1.0,2.588579664006829e-05,0.00039205199864227324,0.00041793779528234156
pose_novelty,Corner,13,1,0.8523333333333334,0.8550982368189511,6.28686651395931,0.07849907833057698,0.047716685304042085,0.6258766666666666,0.6948966746782548,0.4195130153238921,0.06412241130733595,0.01262747646343742,0.08390260306477842,0.09104777122162036,0.4,1.0,0.007145168156841941,0.6,0.0,0.31331173519494937,0.75,2.2171199088916182e-05,0.00019076540193054825,0.00021293660101946444
pose_novelty,Corner,14,1,0.7336666666666667,0.81022012797318,6.966528541537426,0.07726574524613229,0.0458629386544522,0.49883000000000005,0.6337358785391751,0.4550020573023831,0.06552153094344663,0.012939615631053092,0.09100041146047662,0.09825198397225174,0.8,1.0,0.007251572511775129,0.6,0.0,0.40906098380458233,1.0,2.039639512076974e-05,0.00030058620031923053,0.0003209825954400003
pose_novelty,Cross,0,1,0.7436666666666667,0.8421263317962965,5.3664206996944595,0.1306089657747208,0.07622432649136596,0.47719000000000006,0.6212624706983142,0.4817841898565812,0.11103082674974446,0.021717109704922015,0.09635683797131625,0.10467072935267865,0.5,1.0,0.008313891381362414,0.8,0.0,0.49323364448291146,1.0,2.2355595137923957e-05,0.00025679200189188123,0.0002791475970298052
pose_novelty,Cross,1,1,0.7551333333333333,0.8345872307421625,5.9638418927530115,0.12488740212534367,0.07582077133916146,0.5423266666666666,0.67385116810546,0.4472303528192468,0.10456905354092369,0.020439252510394225,0.08944607056384936,0.09291153957567558,0.2,1.0,0.0034654690118262276,0.6,0.0,0.24386934195734622,0.75,2.0989999757148326e-05,0.0002527033968362957,0.00027369339659344405
pose_novelty,Cross,2,1,0.892,0.9048516779864164,5.28493692290111,0.13450852300283972,0.07929479711341816,0.6273666666666667,0.7299389977112781,0.47701392513032165,0.11492029423815883,0.02247538488333522,0.09540278502606434,0.09540278502606434,0.7,1.0,0.0,1.0,0.0,0.48697330954925144,1.0,2.297059982083738e-05,0.00024269100103992968,0.00026566160086076706
pose_novelty,Cross,3,1,0.6973,0.819673179852234,6.022129332040013,0.134268699893254,0.08116191298078931,0.5252266666666667,0.6759128540102737,0.4972909626007311,0.11307622620556032,0.022074868487354994,0.09945819252014622,0.0997126631913673,0.6,1.0,0.00025447067122108535,0.8,0.0,0.2553822946482732,1.0,3.390120691619814e-05,0.0003348195954458788,0.00036872080236207696
pose_novelty,Cross,4,1,0.8075666666666667,0.7708073695436188,7.681615944776158,0.13024651221925687,0.07763092826446441,0.47383333333333333,0.5289598727748624,0.7100296568994895,0.10929211366377109,0.021344191177423043,0.1420059313798979,0.14838621669518012,0.4,1.0,0.00638028531528223,0.6,0.0,0.28872666986557577,1.0,1.932980085257441e-05,0.0001893501990707591,0.00020867999992333353
pose_novelty,Cross,5,1,0.8259333333333333,0.9046697579320164,4.899857089460285,0.13038815392999492,0.0770977120006116,0.6112633333333333,0.735391686842006,0.5455831997479607,0.11038792225626964,0.021581236869124415,0.10911663994959213,0.11027820316253514,0.7,1.0,0.0011615632129430065,0.8,0.0,0.252540790461002,0.75,2.085920423269272e-05,0.00023681719903834164,0.0002576764032710344
pose_novelty,Cross,6,1,0.7436333333333334,0.8512465429569903,5.941058892976953,0.1318505424003876,0.08007867394289914,0.5789633333333333,0.7136215000766448,0.4705049226191051,0.11120690637539256,0.021724789749976284,0.09410098452382101,0.09897790762464943,0.3,1.0,0.004876923100828412,0.6,0.0,0.42954091906090486,1.0,2.621860185172409e-05,0.0003270092012826353,0.00035322780313435943
pose_novelty,Cross,7,1,0.7121333333333333,0.8164311794971565,6.802688896052225,0.12144810949572593,0.07531569976865107,0.5336399999999999,0.6801092138304338,0.42829449348813003,0.10024610609245213,0.019576776854108382,0.08565889869762601,0.08911486402935663,0.4,1.0,0.003455965331730626,0.8,0.0,0.20406046283121676,0.75,1.9726401660591364e-05,0.00019537119951564818,0.00021509760117623954
pose_novelty,Cross,8,1,0.7631333333333333,0.8464771585949199,5.468979662412289,0.1279545171663236,0.075324844015315,0.5227233333333334,0.6407461997846818,0.6046649918325507,0.10899277698453899,0.02133465506804679,0.12093299836651014,0.13774394774776813,0.0,1.0,0.01681094938125798,0.6,0.0,0.23731548661344223,0.75,2.4928004131652413e-05,0.0002579109976068139,0.0002828390017384663
pose_novelty,Cross,9,1,0.8536666666666667,0.9210573637834921,4.649975213789917,0.129068205713073,0.07730651548300847,0.6114166666666666,0.7422280633513563,0.4901360530797603,0.10867972471210975,0.021238746670618456,0.09802721061595207,0.1055049401831234,0.4,1.0,0.007477729567171343,0.6,0.0,0.20877092566384864,1.0,2.607220085337758e-05,0.00034031020186375827,0.00036638240271713585
pose_novelty,Cross,10,1,0.8103333333333333,0.8952310808322592,5.09832169954088,0.1279568758634116,0.07511518928692432,0.54306,0.6846137893016938,0.43788547482619145,0.10740994897229401,0.02098748632864684,0.08757709496523829,0.09322625818713969,0.2,1.0,0.005649163221901399,0.6,0.0,0.38942670355738873,1.0,2.318119804840535e-05,0.00020959919493179768,0.00023278039298020304
pose_novelty,Cross,11,1,0.7434666666666667,0.80800646169201,6.393989274858368,0.12874937119803798,0.07707122849341941,0.40859000000000006,0.5229921863370384,0.7002763863323388,0.10669272714644325,0.02081167554317527,0.14005527726646777,0.15062401634764477,0.3,1.0,0.010568739081177003,0.6,0.0,0.5574284114618369,1.0,2.7835796936415135e-05,0.0002684906008653343,0.0002963263978017494
pose_novelty,Cross,12,1,0.7252666666666666,0.8093799265379947,6.297251069673942,0.12770987973793543,0.0762334731190897,0.51876,0.6577511357375414,0.4091239674914422,0.10690003227440077,0.02088183750496016,0.08182479349828845,0.09070510189460931,0.5,1.0,0.008880308396320868,0.6,0.0,0.282583688514695,0.75,2.212919935118407e-05,0.0002559677988756448,0.00027809699822682886
pose_novelty,Cross,13,1,0.7393666666666666,0.8495136432746148,5.359173953803124,0.12826057390275739,0.07515097367495327,0.47673333333333334,0.6276700421208001,0.48791783758935214,0.10939178833798957,0.021414833938607342,0.09758356751787042,0.10368074790929202,0.8,1.0,0.006097180391421597,0.8,0.0,0.3981885385531889,0.75,2.3149995831772686e-05,0.0002564928028732538,0.0002796427987050265
pose_novelty,Cross,14,1,0.7609,0.8642171616786871,5.925223675604929,0.1304825545925071,0.07667568086380976,0.50258,0.6608026425304621,0.44503655306322143,0.11117771279043587,0.021752596037006196,0.08900731061264429,0.10334314397338173,0.3,1.0,0.01433583336073745,0.6,0.0,0.5734920588022641,1.0,2.19150009797886e-05,0.0003511173970764503,0.0003730323980562389
pose_novelty,Cube,0,1,0.8416,0.9139878366637706,4.639108305329567,0.14585557324462275,0.08591674975433959,0.5313433333333333,0.6735694042485961,0.6234382483564114,0.1257238324380267,0.02456576417649068,0.12468764967128228,0.12468764967128228,0.6,1.0,0.0,1.0,0.0,0.3280954752679005,1.0,1.9034807337448e-05,0.00022743119625374676,0.00024646600359119476
pose_novelty,Cube,1,1,0.6642666666666667,0.798269508091652,7.549807999603358,0.15136699821361338,0.09056550278184652,0.49844,0.6593596801916763,0.262255453826573,0.12534193006823915,0.024322487157023058,0.0524510907653146,0.058252883703728206,-0.1,1.0,0.005801792938413608,0.6,0.0,0.6540655119437586,1.0,2.344160166103393e-05,0.00021719939832109958,0.0002406409999821335
pose_novelty,Cube,2,1,0.8071,0.876354398228804,5.594270002979087,0.13802155386335407,0.07879273502855047,0.46496666666666664,0.5826295903089933,0.6936255556822772,0.11850849202669084,0.023177027773308313,0.13872511113645544,0.15312810207863797,0.4,1.0,0.014402990942182526,0.6,0.0,0.4196604311518721,1.0,2.1222999203018843e-05,0.00018404520233161747,0.00020526820153463632
pose_novelty,Cube,3,1,0.7974333333333333,0.8347425582235933,6.030703166092116,0.15455305037763434,0.09175706378194542,0.5352466666666666,0.6243420261595436,0.45360773373555946,0.13082009689011165,0.025449610942296287,0.09072154674711189,0.09562038999423081,0.4,1.0,0.004898843247118911,0.8,0.0,0.18656679362622475,0.75,1.8772197654470803e-05,0.0003345553996041417,0.00035332759725861254
pose_novelty,Cube,4,1,0.8405,0.8507633683516547,6.427469204992412,0.1591826610687774,0.09733548555602181,0.6431500000000001,0.734172630970963,0.40211658600251343,0.1337227323489675,0.025958523019575387,0.08042331720050269,0.08042331720050269,0.6,1.0,0.0,1.0,0.0,0.18441549703309704,0.75,1.8774598720483483e-05,0.00019251880003139376,0.00021129339875187726
pose_novelty,Cube,5,1,0.6391333333333333,0.7769439904983795,7.542759105542653,0.1388155802551593,0.07767758340857285,0.37202999999999997,0.5247530794537134,0.5253485713183812,0.12027481549073127,0.02354798953404565,0.10506971426367624,0.11073633864068415,0.8,1.0,0.005666624377007911,0.8,0.0,0.6340492691793036,1.0,2.1493597887456418e-05,0.00035230359935667366,0.0003737971972441301
pose_novelty,Cube,6,1,0.8508333333333333,0.9187705431580543,4.692029905653128,0.15040639902932945,0.09543501217500502,0.6539633333333333,0.7767716501206123,0.44192245217511356,0.12398045901255429,0.024048094749973655,0.08838449043502271,0.10551500090937274,-0.2,1.0,0.017130510474350037,0.4,0.0,0.33628968462461856,0.75,2.0422801026143133e-05,0.00023153520305640996,0.0002519580040825531
pose_novelty,Cube,7,1,0.7392666666666666,0.8118742590825766,6.070661563927834,0.1479042844084706,0.08843911267596892,0.4188366666666667,0.5306881056784064,0.6666087094863002,0.12407764706804573,0.0241405031195894,0.13332174189726004,0.15350652778664675,0.5,1.0,0.020184785889386696,0.6,0.0,0.4634666121028518,1.0,2.0326199592091144e-05,0.00022903759963810444,0.0002493637992301956
pose_novelty,Cube,8,1,0.6649666666666667,0.7641227276998472,7.323531001322338,0.14311097199635023,0.08405510846403683,0.44460333333333335,0.590578943426998,0.46230001740889287,0.12122070037498767,0.0236402218765437,0.09246000348177857,0.09699971106951742,0.2,1.0,0.00453970758773885,0.6,0.0,0.3492130859561836,0.75,2.0955599029548467e-05,0.00019161940435878931,0.0002125750033883378
pose_novelty,Cube,9,1,0.9069333333333334,0.939667016468057,4.553782616998552,0.1566620971377571,0.09403058813566909,0.6368233333333333,0.7491475919396706,0.5079818533188093,0.1312378494867901,0.02547943708112945,0.10159637066376186,0.10958354299167623,0.7,1.0,0.007987172327914372,0.8,0.0,0.23310061644151242,0.75,1.914339663926512e-05,0.00020361740025691687,0.000222760796896182
pose_novelty,Cube,10,1,0.7493333333333333,0.8464512960080995,6.030197927758692,0.14351494828652034,0.08563057912615919,0.42695,0.5786503150883152,0.45425831121516025,0.1183640504229003,0.022997483234684996,0.09085166224303205,0.09628741603718047,0.7,1.0,0.005435753794148413,0.8,0.0,0.5118459977731928,1.0,2.0990200573578478e-05,0.00027785519778262825,0.0002988453983562067
pose_novelty,Cube,11,1,0.6691333333333334,0.7757588848505153,7.230850508073497,0.13885112747654385,0.08481912173370942,0.49378666666666665,0.6508601349121423,0.29152282987880945,0.11270254997580754,0.021876243156010184,0.05830456597576189,0.06780878431139373,0.4,1.0,0.009504218335631842,0.6,0.0,0.6344145977665919,1.0,2.0534003851935267e-05,0.0002549501979956403,0.0002754842018475756
pose_novelty,Cube,12,1,0.7128,0.8291116367342788,5.999250758962025,0.1529660010864455,0.09288932546541459,0.5825033333333334,0.7217916126803062,0.41746372144639005,0.12798254807626597,0.02486316512336656,0.08349274428927801,0.10086697272593499,0.0,1.0,0.01737422843665699,0.4,0.0,0.0003302389538337794,0.5,2.1520201698876917e-05,0.0002380474004894495,0.00025956760218832643
pose_novelty,Cube,13,1,0.9025666666666666,0.9487884787217268,4.232572110841325,0.14542184738264458,0.08901103572971089,0.68544,0.7878250199783301,0.5883567257500093,0.12198914479096552,0.02374669000419477,0.11767134515000185,0.11767134515000185,0.7,1.0,0.0,1.0,0.0,0.10391334009055055,0.5,2.150599902961403e-05,0.00018887679907493294,0.00021038279810454698
pose_novelty,Cube,14,1,0.7093666666666667,0.8038268521535407,6.022985037106911,0.14701286243243275,0.08777740381025474,0.4887600000000001,0.6198061904952115,0.3783407209965354,0.12404719514628246,0.02415898695107965,0.07566814419930708,0.08621676794631328,0.4,1.0,0.010548623747006203,0.6,0.0,0.08472523951499701,0.75,1.9677801174111664e-05,0.00018779219826683402,0.0002074699994409457
pose_novelty,Cylinder,0,1,0.6436666666666667,0.7391602834282672,8.562053625890242,0.23850419028963937,0.14157761475302325,0.46227,0.5765575041209969,0.41687188480399073,0.21106513631509727,0.040744863556717054,0.08337437696079815,0.09868917225105209,-0.1,1.0,0.015314795290253935,0.2,0.0,0.0351410952184565,0.75,2.0476398640312253e-05,0.00019769980281125754,0.0002181762014515698
pose_novelty,Cylinder,1,1,0.8002333333333334,0.8872877085239742,5.140107737313618,0.25735024484532065,0.16939614971785205,0.6349766666666666,0.7652643452946514,0.40874018849151655,0.22756856466970912,0.04375889719211012,0.08174803769830331,0.09463133678998946,0.5,1.0,0.01288329909168615,0.8,0.0,0.33448945372427635,0.75,2.2354000248014926e-05,0.0002788771962514147,0.00030123119649942963
pose_novelty,Cylinder,2,1,0.6298,0.707881760137121,7.7580829720814375,0.2603673279887281,0.1688434131542517,0.4213566666666667,0.5225115740894848,0.369885582745913,0.23183527589722552,0.04464483702466753,0.0739771165491826,0.10170126275823652,0.0,1.0,0.027724146209053925,0.2,0.0,0.37459962689884957,0.75,1.855619193520397e-05,0.00018515340343583375,0.00020370959537103773
pose_novelty,Cylinder,3,1,0.6589666666666667,0.7938921347817188,6.688010383953226,0.2442921619208159,0.16122395588301525,0.5005900000000001,0.6443463515139207,0.5495101123098087,0.21036048094745938,0.040264211817778686,0.10990202246196175,0.1362997113238342,-0.2,1.0,0.026397688861872458,0.4,0.0,0.2742658178963471,0.75,2.077799872495234e-05,0.00018929420039057732,0.00021007219911552965
pose_novelty,Cylinder,4,1,0.8726333333333334,0.9319852613966073,4.910402286964056,0.2588217004931641,0.14875785438025127,0.56304,0.6954078725002745,0.49754299133789887,0.23022857222020449,0.04433534825999599,0.09950859826757977,0.10286135937415179,0.3,1.0,0.003352761106572022,0.6,0.0,0.28619598141912495,0.75,2.5849600206129253e-05,0.00019496899913065135,0.0002208185993367806
pose_novelty,Cylinder,5,1,0.7742666666666667,0.8528748154671401,5.539166176887404,0.22980107808027075,0.13423289774238528,0.46108666666666664,0.6030957399522769,0.5704976254980574,0.20162755411560965,0.038902476058559246,0.11409952509961148,0.1201823147671591,0.4,1.0,0.00608278966754765,0.8,0.0,0.29907868549351735,1.0,2.1987597574479877e-05,0.00019284239679109305,0.00021482999436557294
pose_novelty,Cylinder,6,1,0.8898,0.9398782226802955,4.328726686378549,0.27143312690654103,0.18080059313705674,0.58112,0.7128161345044642,0.5000217558853504,0.21453993228221555,0.039800034155955885,0.10000435117707007,0.10000435117707007,1.0,1.0,0.0,1.0,0.0,0.3309238786855205,0.75,2.0588398911058903e-05,0.00020513400668278336,0.00022572240559384226
pose_novelty,Cylinder,7,1,0.7288333333333333,0.8020999059307057,6.7379446033737915,0.2547195808206766,0.1737515085590084,0.4868433333333334,0.6121445120715482,0.4718644192161861,0.2006224968329645,0.03740911345242875,0.09437288384323722,0.10286543475074553,-0.1,1.0,0.008492550907508289,0.6,0.0,0.2944201639967779,1.0,1.8916997942142188e-05,0.000262539999675937,0.0002814569976180792
pose_novelty,Cylinder,8,1,0.8118333333333333,0.7705367841637799,7.856882933923545,0.24303126416026355,0.12989912615105859,0.4885400000000001,0.5575344488057896,0.670573370686389,0.2157184584087198,0.04164120155821373,0.1341146741372778,0.1341146741372778,0.7,1.0,0.0,1.0,0.0,0.23345387478521112,1.0,1.9873803830705582e-05,0.00024466060276608916,0.0002645344065967947
pose_novelty,Cylinder,9,1,0.8044666666666667,0.8885684032068865,6.224862172700579,0.19957728242815106,0.11653625197042719,0.5053,0.6536413493631289,0.4234092913681471,0.16890449768694846,0.03253416645197317,0.08468185827362942,0.09323206878293211,0.0,1.0,0.008550210509302691,0.4,0.0,0.4080501384084017,1.0,1.857540337368846e-05,0.00019069480476900934,0.0002092702081426978
pose_novelty,Cylinder,10,1,0.8334,0.9091305770699247,4.867327732460305,0.2504380282904768,0.13393417128223223,0.5558366666666668,0.6954895139508019,0.4813340201954652,0.22097901929048622,0.04252452077862009,0.09626680403909303,0.10139744692504182,0.8,1.0,0.0051306428859488,0.6,0.0,0.2284852467031811,0.75,1.94188003661111e-05,0.0002381830010563135,0.0002576018014224246
pose_novelty,Cylinder,11,1,0.8577333333333333,0.9206545048959647,5.486571689055952,0.25922661725142576,0.16142005012951177,0.5284566666666667,0.6745343311570116,0.47188385415525264,0.22944414783768594,0.04411519737826454,0.09437677083105053,0.10066857933728764,0.3,1.0,0.006291808506237118,0.6,0.0,0.48711397337137985,1.0,2.0673198741860686e-05,0.0003158299979986623,0.000336503196740523
pose_novelty,Cylinder,12,1,0.647,0.7840859249466295,7.185169351112459,0.24995713886499557,0.13270827531965473,0.39391,0.5522075535695616,0.536678301169793,0.22095328553457372,0.04254544211081094,0.1073356602339586,0.1073356602339586,0.8,1.0,0.0,1.0,0.0,0.526227401230611,1.0,1.8208401161246002e-05,0.00019853499834425746,0.00021674339950550348
pose_novelty,Cylinder,13,1,0.7748,0.8731124633761551,5.062051382644593,0.24792680320860894,0.15293808227610045,0.4219366666666667,0.5742757874148307,0.5917684743755536,0.2207874120425756,0.04261951034990997,0.11835369487511072,0.12390280297956532,0.4,1.0,0.005549108104454614,0.6,0.0,0.46401022338079106,1.0,1.921280345413834e-05,0.00023295299615710974,0.0002521657996112481
pose_novelty,Cylinder,14,1,0.8645,0.8987034920482035,5.743024063456439,0.26205646025873996,0.17526895972922282,0.52573,0.6521475418950017,0.5123007381755702,0.2057078781020475,0.03822291460138423,0.10246014763511405,0.10262131436709487,0.4,1.0,0.00016116673198083298,0.8,0.0,0.3482670680341575,0.75,2.2045196965336798e-05,0.00022147099953144788,0.00024351619649678468
pose_novelty,L_Shaped,0,1,0.6883666666666667,0.7825200945054019,7.2226973568068775,0.14537039264721108,0.08544339397222259,0.4102433333333333,0.5236306290591874,0.6753905165169283,0.12619552861719371,0.02468525593628864,0.13507810330338565,0.16276525470909628,0.6,1.0,0.027687151405710642,0.6,0.0,0.19514980831387277,0.75,1.8996195285581054e-05,0.00030169100791681557,0.00032068720320239664
pose_novelty,L_Shaped,1,1,0.7507666666666667,0.7895767374701828,7.27406198026417,0.15145807460400923,0.09157552405125338,0.4777100000000001,0.5737201476809888,0.38415111752274306,0.12664053459952263,0.024608378867911167,0.07683022350454861,0.09014462227383584,0.4,1.0,0.013314398769287228,0.8,0.0,0.5119617953784579,1.0,2.5386008201166987e-05,0.000273603800451383,0.00029898980865254997
pose_novelty,L_Shaped,2,1,0.7774333333333333,0.8714912056566039,5.660324082421316,0.14891096138256274,0.0892196037177504,0.49333666666666665,0.6398169046405491,0.49601061866358936,0.12419056379250673,0.0241370378472334,0.09920212373271788,0.10151212534822837,0.5,1.0,0.002310001615510504,0.6,0.0,0.5413141054382208,0.75,1.9391000387258826e-05,0.00019515679741743952,0.00021454779780469835
pose_novelty,L_Shaped,3,1,0.614,0.7603892284727655,8.067378842978432,0.14447936636426112,0.08589839016786167,0.39810333333333336,0.5596613243500533,0.3602612387119463,0.12186667916349493,0.023745701501844726,0.07205224774238926,0.08507644487377151,0.2,1.0,0.013024197131382254,0.4,0.0,0.6181452949355349,1.0,2.069979964289814e-05,0.00023760460317134857,0.0002583044028142467
pose_novelty,L_Shaped,4,1,0.7841333333333333,0.874756031365214,5.177152577789416,0.14557894201039154,0.09179612403345079,0.6502466666666666,0.7726918079436074,0.40873363529219664,0.12192814706537745,0.0237288044403512,0.08174672705843933,0.09735422043196651,0.2,1.0,0.015607493373527181,0.4,0.0,0.2273140033248544,0.75,1.8191998242400588e-05,0.0002883687993744388,0.00030656079761683943
pose_novelty,L_Shaped,5,1,0.7406333333333334,0.847637892412587,6.258467633741571,0.1478287957769214,0.08665526341531057,0.4832533333333334,0.6337939579955697,0.509457584975944,0.12450905753139335,0.024238522261356848,0.1018915169951888,0.10780804011693505,0.5,1.0,0.005916523121746287,0.8,0.0,0.4347666201060819,1.0,1.8365998403169215e-05,0.00024069919891189784,0.00025906519731506706
pose_novelty,L_Shaped,6,1,0.8513666666666667,0.871933453472831,5.731662052793466,0.14365207919314515,0.08685256961953217,0.5200533333333333,0.6323682757901823,0.4802969436216047,0.1209308791178787,0.02356103847443124,0.09605938872432093,0.09963846235133489,0.5,1.0,0.003579073627013951,0.8,0.0,0.43047221403029445,1.0,1.8810603069141508e-05,0.00019547459960449486,0.00021428520267363638
pose_novelty,L_Shaped,7,1,0.8627666666666667,0.9170676224115054,5.140374355524775,0.15263726734556982,0.08932319517599965,0.5423766666666667,0.6693201981992083,0.6207793636385163,0.13087837088498902,0.025520353028468633,0.12415587272770326,0.12563753126509997,0.9,1.0,0.0014816585373966906,0.8,0.0,0.24401275899560246,0.75,1.8698204075917602e-05,0.0003765173954889178,0.0003952155995648354
pose_novelty,L_Shaped,8,1,0.5825,0.7056203794424155,7.675095824034578,0.14093602589264984,0.081729423827739,0.3963,0.5250232875494446,0.5176555864357926,0.11926039756639244,0.02326506286396512,0.10353111728715851,0.13499474000647424,0.5,1.0,0.031463622719315756,0.4,0.0,0.2086648892740797,0.75,2.2892802371643482e-05,0.00021029140334576367,0.00023318420571740716
pose_novelty,L_Shaped,9,1,0.7791,0.8714061939195975,5.410762382365616,0.14457390623211164,0.08621664490284067,0.5301433333333334,0.6773687533236078,0.4254882494521296,0.11786577280880262,0.022859436696795143,0.08509764989042592,0.08912879389340489,0.3,1.0,0.00403114400297897,0.6,0.0,0.36880284043801126,1.0,1.9140206859447062e-05,0.00024692339648026975,0.0002660636033397168
pose_novelty,L_Shaped,10,1,0.7678333333333334,0.8652551655017983,5.388690661084275,0.13814457662214127,0.08203002389687959,0.5092166666666668,0.6519618213963648,0.5523903555084717,0.11537735824878916,0.022481586441169776,0.11047807110169436,0.1150922546690027,0.7,1.0,0.004614183567308361,0.6,0.0,0.38429964358835406,1.0,2.1811597980558874e-05,0.00022702320129610598,0.00024883479927666484
pose_novelty,L_Shaped,11,1,0.9023333333333333,0.9457947987066824,4.761588747176984,0.1588267573124637,0.09271613821082736,0.6432633333333333,0.7623039804759775,0.5284489096507357,0.1364381552847907,0.02658017516859188,0.10568978193014714,0.10676826776210527,0.7,1.0,0.0010784858319581535,0.8,0.0,0.14008837939459176,0.75,3.218619676772505e-05,0.00040282599802594633,0.00043501219479367135
pose_novelty,L_Shaped,12,1,0.8174666666666667,0.7955483836410945,6.776887658947548,0.14934246632199377,0.08938510093482913,0.52486,0.5911701394467952,0.40188807094030204,0.125562297759237,0.024429530945683616,0.08037761418806041,0.08873774855742743,0.3,1.0,0.008360134369367023,0.8,0.0,0.33800071949185373,0.75,2.1880195708945395e-05,0.0002838045998942107,0.0003056847956031561
pose_novelty,L_Shaped,13,1,0.5636333333333333,0.7179962295750757,9.126597842786273,0.13481304554779416,0.08371613543359244,0.3860833333333334,0.5493591244731831,0.3063903631060758,0.10886868123088154,0.02113981649292216,0.061278072621215166,0.07110145084217909,0.1,1.0,0.00982337822096393,0.4,0.0,0.706473735974924,1.0,2.101900172419846e-05,0.00019841179891955107,0.00021943080064374955
pose_novelty,L_Shaped,14,1,0.8392333333333334,0.911358247546865,4.8120003306101164,0.15070289943019705,0.08742996393771792,0.6575266666666667,0.7785874571521125,0.43447149101651694,0.12505712181793724,0.024278305158906117,0.08689429820330338,0.0968104140039288,0.3,1.0,0.009916115800625413,0.6,0.0,0.2462290394883599,0.75,2.141280274372548e-05,0.00028461359906941654,0.000306026401813142
pose_novelty,Thin_Irregular,0,1,0.7164,0.7830133816452363,7.693999700312518,0.9975864325395877,0.7551371899685297,0.4337533333333333,0.5453037909198215,0.4924205787720607,0.9954279069302402,0.10509551615402798,0.09848411575441214,0.10610542711585805,0.5,1.0,0.007621311361445915,0.6,0.2,0.2931392830758651,0.75,1.7981996643356978e-05,0.0004488842008868232,0.0004668661975301802
pose_novelty,Thin_Irregular,1,1,0.9039,0.9484119656551384,4.603292429332223,1.0,0.8272802685250596,0.6526933333333333,0.7677891843839365,0.5234218094666623,1.0,0.1001717912571352,0.10468436189333245,0.10468436189333245,0.7,1.0,0.0,1.0,0.0,0.18706905711823632,1.0,2.1362796542234718e-05,0.0002516335982363671,0.0002729963947786018
pose_novelty,Thin_Irregular,2,1,0.7605,0.7906293739436604,7.503832994048816,0.9994964681940773,0.8533514911968091,0.45174000000000003,0.5224815878538279,0.6351762558033087,0.9990293771196371,0.10365365923429656,0.12703525116066175,0.1357269180421113,0.5,1.0,0.008691666881449534,0.6,0.2,0.2585154912671714,0.75,2.3242199677042664e-05,0.00019605700217653065,0.00021929920185357333
pose_novelty,Thin_Irregular,3,1,0.6958,0.7540429732754477,7.848526923569906,0.9996020608969222,0.8085844684740522,0.4324233333333334,0.5198201899683763,0.45535014428517345,0.9993512355307403,0.12259639766667474,0.09107002885703469,0.10754935008028166,0.3,1.0,0.016479321223246968,0.6,0.0,0.18882729272497223,0.75,1.810879912227392e-05,0.00020380820205900818,0.0002219170011812821
pose_novelty,Thin_Irregular,4,1,0.8662666666666666,0.9237123150829296,5.033158904067007,0.999398162556928,0.7954040268208333,0.6208733333333333,0.7454598062983593,0.39776891885651455,0.9988894029674646,0.10826051692596514,0.07955378377130291,0.07955378377130291,0.8,1.0,0.0,1.0,0.0,0.2997066204835426,0.75,2.0599004346877337e-05,0.0003278491989476606,0.00034844820329453795
pose_novelty,Thin_Irregular,5,1,0.5993,0.7152215933485159,11.366665995470203,0.8335700534058234,0.6437136382978547,0.3697766666666667,0.48473784952919596,0.6383244601276052,0.6846697714631055,0.07227315568695583,0.12766489202552106,0.14928264782535164,0.4,1.0,0.021617755799830586,0.6,0.0,0.5339077428868116,1.0,1.858800242189318e-05,0.0002600629988592118,0.000278651001281105
pose_novelty,Thin_Irregular,6,1,0.6488666666666667,0.7311484259400363,8.860170094533201,0.9994935184488258,0.752212102878288,0.38643666666666665,0.48154618669854543,0.6589561588520296,0.9989939655583313,0.10058741377688296,0.13179123177040591,0.15599254642155164,0.3,1.0,0.024201314651145733,0.6,0.2,0.32400225337710437,0.75,2.2171996533870697e-05,0.00019564979884307833,0.00021782179537694902
pose_novelty,Thin_Irregular,7,1,0.6394666666666666,0.7355473300385313,8.610644602282887,0.996652292141107,0.6878714106283437,0.35427333333333333,0.4682668843050816,0.6517595861812988,0.993369075194571,0.1003030363754823,0.13035191723625977,0.1454250588584723,0.1,1.0,0.015073141622212505,0.4,0.0,0.6284857384476689,1.0,1.9234197679907084e-05,0.00019130699802190066,0.00021054119570180775
pose_novelty,Thin_Irregular,8,1,0.5818666666666666,0.6733201845434105,9.550587977841461,0.9541206541306795,0.7180635246790491,0.3775233333333333,0.46374984625239624,0.4891107809500102,0.9162777540098148,0.10042306794662115,0.09782215619000204,0.10710892324278598,0.4,1.0,0.009286767052783928,0.4,0.2,0.4403809744862955,1.0,2.0180398132652043e-05,0.0002046151988906786,0.00022479559702333064
pose_novelty,Thin_Irregular,9,1,0.8494,0.9032968997411831,5.235828671512521,0.9995529080783475,0.8596736669623066,0.6527399999999999,0.7603087719506025,0.54623227761632,0.9993024425886855,0.12809843093117682,0.10924645552326402,0.11231599647500193,0.5,1.0,0.0030695409517379037,0.8,0.4,0.04501152620235237,0.75,1.919260248541832e-05,0.0002092312031891197,0.00022842380567453802
pose_novelty,Thin_Irregular,10,1,0.6293666666666666,0.7696276250584619,8.22546597034509,0.8632801643365682,0.6026210144849851,0.41895999999999994,0.5802601202352214,0.3473363855003088,0.7761104424718829,0.0947875312479488,0.06946727710006176,0.0870042243689512,-0.2,1.0,0.017536947268889436,0.2,0.2,0.6435878592125577,1.0,2.53525999141857e-05,0.0003074642037972808,0.0003328168037114665
pose_novelty,Thin_Irregular,11,1,0.7661,0.8374458285390959,6.336951268984632,0.9529680137448059,0.7738962202148599,0.48721000000000003,0.6218735275676267,0.4648734080118094,0.9098758999134837,0.09496521080950196,0.09297468160236187,0.09297468160236187,0.7,1.0,0.0,1.0,0.2,0.4050345864432146,1.0,1.8030399223789574e-05,0.0003528240049490705,0.0003708544041728601
pose_novelty,Thin_Irregular,12,1,0.7666333333333334,0.8073451558073942,7.347451168276668,0.9998525415442759,0.8793391245549366,0.56602,0.6471025495605554,0.3435363419865163,0.9997331421919383,0.1104851354019348,0.06870726839730326,0.07176678050388327,0.6,1.0,0.0030595121065800203,0.8,0.0,0.18546653681667796,1.0,2.6662199525162576e-05,0.00027903099835384636,0.00030569319787900897
pose_novelty,Thin_Irregular,13,1,0.7907666666666666,0.881926528632792,5.642039880532582,0.9549643934043898,0.8627474124555128,0.6366066666666667,0.763404930627706,0.4236692117789748,0.9200627982509165,0.10367034451705623,0.08473384235579497,0.08568486633263442,0.4,1.0,0.0009510239768394602,0.8,0.4,0.39963813940214665,1.0,2.1350602037273347e-05,0.00025164899998344483,0.00027299960202071817
pose_novelty,Thin_Irregular,14,1,0.8023333333333333,0.8874541726133057,5.564346823149595,0.9999016943628507,0.8756077854009103,0.5834233333333334,0.7048362526767356,0.6434318131646828,0.9998396691820147,0.12260883710464687,0.12868636263293654,0.13005029471408036,0.4,1.0,0.001363932081143826,0.6,0.2,0.2520145254285111,0.75,2.2007001098245384e-05,0.00023531279875896872,0.0002573197998572141
pose_novelty,green_Pepper,0,1,0.8518333333333333,0.9199891998919989,5.043586372693877,0.15202932776452796,0.09038299966660716,0.6460400000000001,0.7687609349407436,0.5392038807717723,0.1285948127417512,0.025027307939194315,0.10784077615435446,0.12701819750694243,0.1,1.0,0.019177421352587976,0.6,0.0,0.13928506035168367,0.5,1.880599884316325e-05,0.0002454837958794087,0.00026428979472257195
pose_novelty,green_Pepper,1,1,0.7209333333333333,0.8345845859512677,5.94212093371093,0.14187197243990926,0.08449024087923428,0.4530133333333334,0.6070786297002121,0.4277869226480282,0.11887553030392398,0.023154600253027197,0.08555738452960564,0.09629603329867568,0.2,1.0,0.010738648769070047,0.6,0.0,0.6442178363037091,1.0,2.1195202134549617e-05,0.00019742819713428617,0.00021862339926883578
pose_novelty,green_Pepper,2,1,0.6956,0.7997058653363419,7.249102249513572,0.13981064048398975,0.08048341671974271,0.46673333333333333,0.6127669368595459,0.5133061395123858,0.11804073832733182,0.02302541432719129,0.10266122790247716,0.11227987019701191,0.4,1.0,0.009618642294534751,0.6,0.0,0.29383402439271306,0.75,1.9788200734183193e-05,0.0002866035996703431,0.0003063918004045263
pose_novelty,green_Pepper,3,1,0.8784,0.9352640545144804,4.304906984381921,0.1451128069249529,0.08895795215158524,0.6037899999999999,0.7279216891684943,0.5710774627317163,0.12084751374282225,0.023502405652863732,0.11421549254634326,0.11690564241298798,0.5,1.0,0.002690149866644709,0.8,0.0,0.2424711043441602,0.75,2.2533201263286174e-05,0.00019295060192234815,0.0002154838031856343
pose_novelty,green_Pepper,4,1,0.7955333333333333,0.8838043513026769,5.017446240206714,0.14607896635767187,0.08757257030708514,0.61484,0.7400770744937429,0.4691766495640519,0.12330159090163083,0.02401962199537883,0.09383532991281038,0.0966070988927962,0.4,1.0,0.0027717689799858112,0.6,0.0,0.34128199505027,0.75,2.2867400548420847e-05,0.00018830260087270289,0.00021117000142112374
pose_novelty,green_Pepper,5,1,0.8050333333333334,0.8919872209192814,5.330725781120727,0.14384066425988548,0.08788152709295419,0.5445366666666667,0.6838223990184022,0.5774751696804478,0.12175773388646915,0.023739240204589604,0.11549503393608955,0.11971022358133057,0.9,1.0,0.004215189645241013,0.8,0.0,0.15152986763450346,0.75,4.32761968113482e-05,0.000289957202039659,0.00033323339885100723
pose_novelty,green_Pepper,6,1,0.7934333333333333,0.8549937517312045,5.892576340536997,0.14441331919879466,0.0834892556102259,0.45202333333333333,0.5641682184304817,0.6474442069695928,0.12238336101073244,0.023862258070462293,0.12948884139391856,0.1605643018285275,0.4,1.0,0.03107546043460894,0.4,0.0,0.3557559937818495,0.75,2.1247597760520876e-05,0.0002025311958277598,0.00022377879358828067
pose_novelty,green_Pepper,7,1,0.841,0.8870416179807871,5.4513054009476845,0.1508516440712261,0.09087489713908106,0.6124366666666667,0.719924222732009,0.4591626713018928,0.1265561532554988,0.024607179928078947,0.09183253426037856,0.09978932398812204,0.0,1.0,0.007956789727743474,0.6,0.0,0.3508013986856575,0.75,2.0343801588751374e-05,0.0002732830005697906,0.00029362680215854197
pose_novelty,green_Pepper,8,1,0.7749333333333334,0.7273799209639918,9.16832344775999,0.14858284547872644,0.08772963510991652,0.4596133333333333,0.5207258554920733,0.4272892591326229,0.12645423477915949,0.024650180686439076,0.08545785182652457,0.09426431355072283,0.4,1.0,0.008806461724198255,0.6,0.0,0.11204623810422246,0.75,2.380379883106798e-05,0.00020377120235934854,0.00022757500119041651
pose_novelty,green_Pepper,9,1,0.7022333333333334,0.7729725726028948,7.361355313992518,0.14284304418675633,0.0838466983826937,0.42513000000000006,0.5402400359395557,0.4467061142230689,0.12197163094525346,0.023814454193356725,0.08934122284461378,0.10005075691847157,0.4,1.0,0.010709534073857796,0.6,0.0,0.5484132521262547,1.0,1.800139725673944e-05,0.0002795763983158395,0.0002975777955725789
pose_novelty,green_Pepper,10,1,0.6744,0.8035036816275863,7.413547287924592,0.14018991344877185,0.08264794847820536,0.4462499999999999,0.6051658800088389,0.4126435963431709,0.1188554570032537,0.023195540751009498,0.08252871926863417,0.09641190922097996,0.3,1.0,0.013883189952345786,0.4,0.0,0.666438244282279,1.0,1.7121806740760805e-05,0.00024868480104487387,0.0002658066077856347
pose_novelty,green_Pepper,11,1,0.7702333333333333,0.8702054343118609,5.174736260748522,0.1457497334468369,0.08937229086461629,0.6003,0.7355163881595321,0.4857578185979214,0.12237269301663894,0.023822619190739046,0.09715156371958428,0.10809279923144462,0.6,1.0,0.010941235511860326,0.8,0.0,0.2909171575336741,0.75,2.0608000340871513e-05,0.00020111240446567534,0.00022172040480654686
pose_novelty,green_Pepper,12,1,0.8532,0.9207856680336715,4.982021888965202,0.15249360742657336,0.0895466646839906,0.59787,0.72730899246697,0.5537497700394957,0.12956727279204866,0.02523091986943001,0.11074995400789914,0.11270051517684529,0.6,1.0,0.0019505611689461632,0.8,0.0,0.23423039496806475,0.75,1.7640599980950356e-05,0.0003616865957155824,0.0003793271956965327
pose_novelty,green_Pepper,13,1,0.8210666666666666,0.8990509598203206,4.947767276321062,0.14381120009398485,0.08599178576845383,0.5378999999999999,0.6812382556414625,0.49939236598696946,0.12170142192886123,0.023727556206902464,0.09987847319739389,0.09987847319739389,0.9,1.0,0.0,1.0,0.0,0.39401760042512257,1.0,1.9551400328055024e-05,0.00020286919607315212,0.00022242059640120715
pose_novelty,green_Pepper,14,1,0.8728666666666667,0.8922256912891872,5.248668731857872,0.1501812641755298,0.08792304499955195,0.5094333333333333,0.6166622097065131,0.5551046891274445,0.12661335640397556,0.024639351486920168,0.1110209378254889,0.1110209378254889,0.8,1.0,0.0,1.0,0.0,0.3200394274811138,1.0,2.118179982062429e-05,0.00019130280415993183,0.00021248460398055614
ray_gpis,Bowl,0,1,0.5537,0.7041673074602876,6.824353429992272,0.3911509873125148,0.2515591272741772,0.37798000000000004,0.5287098834567666,0.3334952097006134,0.3173933777311898,0.05661962200802715,0.06669904194012269,0.07896531506857606,0.0,1.0,0.012266273128453376,0.2,0.0,0.8878050612268251,1.0,0.115747855004156,6.726760184392334e-05,0.11581512260599994
ray_gpis,Bowl,1,1,0.5543,0.6866486212468427,7.705897562968416,0.28855396430098273,0.2273378524897161,0.42513666666666666,0.5536971247973528,0.38434541259990695,0.20098558763950658,0.03579169470456335,0.0768690825199814,0.09591742668311165,-0.1,1.0,0.01904834416313026,0.4,0.0,0.7198649218928815,0.75,0.11034758280729876,6.515740242321044e-05,0.11041274020972196
ray_gpis,Bowl,2,1,0.7524333333333333,0.8587297662298138,5.465466488694966,0.41885923165332006,0.30315763516463107,0.5244766666666667,0.666691631815913,0.512533514851644,0.3372252275998871,0.0591378356673399,0.1025067029703288,0.11579168956535582,0.3,1.0,0.013284986595027004,0.4,0.0,0.8342705710688945,0.5,0.11533843019860797,7.061799988150597e-05,0.11540904819848948
ray_gpis,Bowl,3,1,0.6478333333333334,0.7548997847460083,7.2035095415410835,0.3509017067093751,0.24793000106105456,0.41753999999999997,0.5335739974241334,0.6281035577146445,0.29894311437166615,0.055357409450651894,0.12562071154292892,0.14409185467752517,0.5,1.0,0.018471143134596257,0.6,0.0,0.8307889287886718,0.5,0.10804933439649175,7.1681197732687e-05,0.10812101559422445
ray_gpis,Bowl,4,1,0.8523,0.8523492591454961,5.7808200092048265,0.5298106508671906,0.3339842877543338,0.5929133333333334,0.6984010766331148,0.41293916212882376,0.4628482954988943,0.08102974894587062,0.08258783242576476,0.09422043398712769,0.6,1.0,0.011632601561362943,0.6,0.0,0.7513795705539024,1.0,0.11279902019887231,6.303599802777171e-05,0.11286205619690008
ray_gpis,Bowl,5,1,0.7340333333333333,0.8455366571688238,5.585086926922951,0.46982027633455353,0.2896495750454003,0.47719666666666666,0.6291737275173833,0.5901284226956904,0.3940737924076223,0.06896217121640671,0.11802568453913809,0.1192103929821819,0.6,1.0,0.0011847084430437916,0.8,0.0,0.7195233820668343,1.0,0.11222482620214577,6.544659845530987e-05,0.11229027280060108
ray_gpis,Bowl,6,1,0.7089666666666666,0.8280506318025617,5.839306374754266,0.4122887040763033,0.2888428127068708,0.42164999999999997,0.5711375447053249,0.5900616737384244,0.35165958532839015,0.06375487504416036,0.11801233474768488,0.14411747326422825,0.1,1.0,0.02610513851654337,0.4,0.0,0.7856690842049022,0.25,0.1097957845981,6.62037986330688e-05,0.10986198839673307
ray_gpis,Bowl,7,1,0.6143666666666666,0.7590278673925798,7.065405436631386,0.30099526161530116,0.2049764986818537,0.4286033333333334,0.5887143702319508,0.42790653913410504,0.20607896850632573,0.03628828806722462,0.08558130782682101,0.11053455709775953,-0.1,1.0,0.024953249270938515,0.2,0.0,0.8410584515907529,1.0,0.117352839600062,7.197580125648529e-05,0.11742481540131848
ray_gpis,Bowl,8,1,0.6738333333333333,0.8010915508233307,5.75064241004403,0.4761489725800311,0.29756754670304886,0.4531066666666666,0.6084645843349765,0.4291815299295093,0.40215020178773836,0.07047482394862634,0.08583630598590186,0.08583630598590186,0.7,1.0,0.0,1.0,0.0,0.8704088821812771,1.0,0.1216680878016632,6.90363987814635e-05,0.12173712420044466
ray_gpis,Bowl,9,1,0.6551,0.7868292232459476,6.498933460885855,0.3936742670187679,0.2860233126490509,0.4213333333333333,0.5745615185088346,0.4813613537928165,0.3064244341811682,0.05357542243833513,0.0962722707585633,0.14245964455633933,0.3,1.0,0.04618737379777603,0.4,0.0,0.8044004992561226,0.75,0.11111177239799871,6.572839920409024e-05,0.11117750079720282
ray_gpis,Bowl,10,1,0.551,0.6923850213621514,8.102513681662387,0.4082583645658199,0.2582518754407871,0.35961,0.5095556876467124,0.46140940441489786,0.36144038311044563,0.06698805178302542,0.09228188088297958,0.12067126069522072,0.1,1.0,0.028389379812241156,0.2,0.0,0.8682749343327477,0.75,0.1148529791913461,6.69799977913499e-05,0.11491995918913744
ray_gpis,Bowl,11,1,0.5865333333333334,0.6951492627413655,8.268128127265184,0.4058865846989985,0.29731942266490846,0.44535,0.5803665600939059,0.44370062358421003,0.32834836565118314,0.05808849675908484,0.088740124716842,0.1168770517309023,0.2,1.0,0.028136927014060297,0.6,0.0,0.5989510614557105,0.5,0.11333189499855507,7.005480292718858e-05,0.11340194980148226
ray_gpis,Bowl,12,1,0.7000333333333333,0.8196784579780799,6.371313969027699,0.43150499743388393,0.26964119328279007,0.47958333333333336,0.6369191526564726,0.3307850917362021,0.35060195451421056,0.061384680910809106,0.06615701834724041,0.09476066307426356,0.2,1.0,0.028603644727023148,0.6,0.0,0.8967687829022657,0.75,0.1252275388018461,6.678400095552205e-05,0.12529432280280162
ray_gpis,Bowl,13,1,0.6634,0.7367042563325111,8.758108637627343,0.4315095375564532,0.28835783750259325,0.49692333333333333,0.619262395930166,0.3882773797325497,0.34539000988710056,0.05999020161920678,0.07765547594650994,0.10954989962654191,0.1,1.0,0.031894423680031966,0.4,0.0,0.7883819237811854,0.25,0.1188258100009989,7.373059925157577e-05,0.11889954060025047
ray_gpis,Bowl,14,1,0.5820333333333333,0.7296124907209216,7.0600393720867585,0.2893613350333412,0.21362457065581228,0.48422,0.6425574992131873,0.2813701356162547,0.18980020148558455,0.03329533333418098,0.056274027123250935,0.07580273668474322,-0.5,1.0,0.019528709561492285,0.2,0.0,0.9073021572442205,0.0,0.11986477559839841,6.297859945334495e-05,0.11992775419785176
ray_gpis,Corner,0,1,0.6893666666666667,0.8161243858645252,6.431585618319341,0.07825827636029557,0.047550501954911624,0.4816033333333333,0.6281574343123372,0.5584870296094433,0.06453743478503322,0.012718167159232421,0.11169740592188866,0.1133117812816028,0.5,1.0,0.0016143753597141375,0.8,0.0,0.7816658317617147,1.0,0.10681139219668694,5.807860288769007e-05,0.10686947079957462
ray_gpis,Corner,1,1,0.6862333333333334,0.7837734891288495,7.409559182466251,0.07727030930192218,0.04659105858291642,0.4709966666666666,0.6224151069765673,0.3623054544011462,0.062306072603738,0.012262351588838564,0.07246109088022924,0.07246109088022924,0.7,1.0,0.0,1.0,0.0,0.8376829294460972,1.0,0.12137290980026591,6.523699557874352e-05,0.12143814679584466
ray_gpis,Corner,2,1,0.8339,0.8742891272122957,5.519285366363941,0.07879381481246388,0.046219437879202366,0.5779433333333334,0.7088328786895717,0.5332141438015459,0.06732237341561753,0.013298868767570004,0.10664282876030917,0.10698429895117019,0.6,1.0,0.00034147019086101517,0.8,0.0,0.6590073129344467,1.0,0.10351550320046954,6.2359802541323e-05,0.10357786300301086
ray_gpis,Corner,3,1,0.836,0.9089951387172334,4.58368510149456,0.0760925096800801,0.045889024242541834,0.60968,0.7431804670771103,0.4581818157118112,0.062995546317393,0.01242300543411285,0.09163636314236225,0.09244741995350972,0.5,1.0,0.0008110568111474814,0.8,0.0,0.6862624955273785,1.0,0.10469288280291948,6.942680338397622e-05,0.10476230960630346
ray_gpis,Corner,4,1,0.7322333333333333,0.8055666336758369,6.407494051083347,0.07966442829950948,0.04820247720837767,0.5671333333333333,0.6922677191753501,0.38964140200490205,0.06576502148796297,0.012957315887576693,0.0779282804009804,0.0807076745736827,0.7,1.0,0.0027793941727022988,0.6,0.0,0.5578899276150148,1.0,0.10989611920376774,7.064580277074128e-05,0.10996676500653849
ray_gpis,Corner,5,1,0.8140666666666667,0.8528949493527731,5.948448592427487,0.07912283729549886,0.0480602764580171,0.62797,0.7401000264453597,0.5398519600649501,0.06704877373085943,0.013236208448538534,0.10797039201299001,0.11072043394954453,0.5,1.0,0.0027500419365545257,0.8,0.0,0.2856141994735637,0.75,0.11792352080228738,7.435979787260295e-05,0.11799788060015999
ray_gpis,Corner,6,1,0.9095666666666666,0.9509087802878146,4.601097179332467,0.08384016308246452,0.050268865800980354,0.6631066666666667,0.7826708878173838,0.4355795545436233,0.06853309717608137,0.013481374580662137,0.08711591090872466,0.08711591090872466,0.9,1.0,0.0,1.0,0.0,0.6193443865873196,0.75,0.12328051660151687,6.89580017933622e-05,0.12334947460331022
ray_gpis,Corner,7,1,0.7883666666666667,0.8816611060371661,4.665144470329225,0.0818144209218422,0.048056227602892104,0.5046733333333334,0.6468733832892151,0.4781275935448158,0.06805801383846435,0.013410681732360142,0.09562551870896316,0.10780176667851657,0.3,1.0,0.0121762479695534,0.6,0.0,0.7385269440947584,1.0,0.1058673043968156,7.088560378178954e-05,0.10593819000059738
ray_gpis,Corner,8,1,0.871,0.9194023169631615,4.733064901602272,0.08310791054558242,0.04842362011189626,0.5411766666666666,0.6784872314358893,0.5499700262872912,0.07012767158740774,0.01382974960446855,0.10999400525745824,0.10999400525745824,0.6,1.0,0.0,1.0,0.0,0.8313994907301441,0.75,0.11504594559664838,7.085580436978489e-05,0.11511680140101817
ray_gpis,Corner,9,1,0.8557,0.918276073444514,4.9040913536605615,0.079589981872138,0.048932726089015874,0.5848133333333334,0.7147773917520592,0.45127385059773717,0.06528623690118658,0.012857434834490311,0.09025477011954744,0.09960595614384042,0.4,1.0,0.00935118602429299,0.6,0.0,0.7565467813131596,0.75,0.10221556239994242,6.265400152187795e-05,0.10227821640146431
ray_gpis,Corner,10,1,0.7017,0.8242156893895402,6.054664391871033,0.07899626773121995,0.04608299444458643,0.45866666666666667,0.6150463338496441,0.3899368344536042,0.0638502402624409,0.012563440619682948,0.07798736689072085,0.08482218865788314,0.5,1.0,0.006834821767162302,0.8,0.0,0.8916465795948727,1.0,0.12759897759824526,6.674260075669735e-05,0.12766572019900196
ray_gpis,Corner,11,1,0.762,0.8649262202043133,4.9780294265701235,0.07928900412510308,0.045890746680260566,0.4789266666666666,0.6341750574981291,0.40102453049617204,0.06541657163865694,0.012889112944310074,0.0802049060992344,0.09180877480208646,0.6,1.0,0.011603868702852061,0.4,0.0,0.8239265635728998,0.75,0.11445520539709833,6.27558009000495e-05,0.11451796119799837
ray_gpis,Corner,12,1,0.6956666666666667,0.8200483821357416,6.175574926839215,0.0760462619583237,0.046895759786833156,0.51934,0.6747372805476788,0.43139224291563205,0.06218418730534266,0.012253005660624735,0.08627844858312642,0.08627844858312642,0.8,1.0,0.0,1.0,0.0,0.8035677500572211,0.5,0.13042731020541395,6.664919783361256e-05,0.13049395940324757
ray_gpis,Corner,13,1,0.8408,0.8461418234036623,6.3967185267900515,0.07718633566340131,0.04758541103732451,0.6247233333333334,0.6940010333367258,0.41055660190860327,0.06278918807007144,0.012364927930002288,0.08211132038172066,0.09104777122162036,0.2,1.0,0.008936450839899713,0.4,0.0,0.329646372167544,0.5,0.11217954780149739,7.298040145542473e-05,0.11225252820295281
ray_gpis,Corner,14,1,0.8111666666666667,0.8606410488463011,5.856446524947365,0.07728762326622807,0.04565693913178305,0.5139533333333334,0.6436298857567155,0.5054229781755042,0.0655436874187479,0.01294399123507225,0.10108459563510083,0.10108459563510083,1.0,1.0,0.0,1.0,0.0,0.7387558294232088,0.75,0.107259604203864,6.932260293979198e-05,0.1073289268068038
ray_gpis,Cross,0,1,0.7436666666666667,0.8421263317962965,5.3664206996944595,0.1306089657747208,0.07622432649136596,0.47719000000000006,0.6212624706983142,0.4817841898565812,0.11103082674974446,0.021717109704922015,0.09635683797131625,0.10467072935267865,0.3,1.0,0.008313891381362414,0.8,0.0,0.7501621236852237,1.0,0.09744369679829105,6.573039863724261e-05,0.0975094271969283
ray_gpis,Cross,1,1,0.7679,0.8429112325230477,5.81700745184947,0.12789666660720234,0.07612169778734733,0.5436033333333333,0.6746835682835485,0.455554354600132,0.10764818707148946,0.021041105406765955,0.0911108709200264,0.09291153957567558,0.4,1.0,0.0018006686556491847,0.6,0.0,0.5404857018196383,0.75,0.1023013674042886,7.437140448018909e-05,0.1023757388087688
ray_gpis,Cross,2,1,0.892,0.9048516779864164,5.28493692290111,0.13450852300283972,0.07929479711341816,0.6273666666666667,0.7299389977112781,0.47701392513032165,0.11492029423815883,0.02247538488333522,0.09540278502606434,0.09540278502606434,0.7,1.0,0.0,1.0,0.0,0.8011701296229647,1.0,0.09162465740228072,5.8758605155162515e-05,0.09168341600743588
ray_gpis,Cross,3,1,0.6973,0.819673179852234,6.022129332040013,0.134268699893254,0.08116191298078931,0.5252266666666667,0.6759128540102737,0.4972909626007311,0.11307622620556032,0.022074868487354994,0.09945819252014622,0.0997126631913673,0.5,1.0,0.00025447067122108535,0.8,0.0,0.6384150357212368,1.0,0.10231710280640982,6.97870011208579e-05,0.10238688980753068
ray_gpis,Cross,4,1,0.8075666666666667,0.7708073695436188,7.681615944776158,0.13024651221925687,0.07763092826446441,0.47383333333333333,0.5289598727748624,0.7100296568994895,0.10929211366377109,0.021344191177423043,0.1420059313798979,0.14838621669518012,0.6,1.0,0.00638028531528223,0.6,0.0,0.6443850957364767,1.0,0.10186496879905463,6.6208399948664e-05,0.10193117719900328
ray_gpis,Cross,5,1,0.8259333333333333,0.9046697579320164,4.899857089460285,0.13038815392999492,0.0770977120006116,0.6112633333333333,0.735391686842006,0.5455831997479607,0.11038792225626964,0.021581236869124415,0.10911663994959213,0.11027820316253514,0.8,1.0,0.0011615632129430065,0.8,0.0,0.4769175857918052,0.75,0.09275406000670046,6.419800047297031e-05,0.09281825800717343
ray_gpis,Cross,6,1,0.7436333333333334,0.8512465429569903,5.941058892976953,0.1318505424003876,0.08007867394289914,0.5789633333333333,0.7136215000766448,0.4705049226191051,0.11120690637539256,0.021724789749976284,0.09410098452382101,0.09897790762464943,0.1,1.0,0.004876923100828412,0.6,0.0,0.6738364874940106,1.0,0.10750430679763667,6.875760445836931e-05,0.10757306440209505
ray_gpis,Cross,7,1,0.7129333333333333,0.7776393040614316,7.726335449805442,0.12452992787411962,0.07562388160649043,0.53372,0.6762300262868612,0.3895026180524051,0.10340229768027512,0.020193140529787122,0.07790052361048103,0.08911486402935663,0.4,1.0,0.011214340418875613,0.6,0.0,0.556311512932021,1.0,0.10360179860144854,6.402019644156099e-05,0.1036658187978901
ray_gpis,Cross,8,1,0.7192333333333333,0.8203747086539662,5.8646364468782215,0.12652731001813863,0.07472112862670281,0.49853333333333333,0.6250863625357932,0.5785625418915971,0.10753453667161411,0.021049213638409798,0.11571250837831941,0.14241259708330925,0.1,1.0,0.026700088704989834,0.4,0.0,0.5492509850347941,0.5,0.0962455464003142,6.5915597951971e-05,0.09631146199826617
ray_gpis,Cross,9,1,0.8822666666666666,0.9367170802488417,4.5977232871286855,0.1325749667078536,0.07765719158248655,0.6142766666666667,0.7437940349978912,0.5057957695451099,0.11226857885171064,0.021940098869574574,0.10115915390902197,0.1055049401831234,0.5,1.0,0.004345786274101426,0.8,0.0,0.5111769355115586,0.75,0.1044833132007625,6.444199825637043e-05,0.10454775519901886
ray_gpis,Cross,10,1,0.8103333333333333,0.8952310808322592,5.09832169954088,0.1279568758634116,0.07511518928692432,0.54306,0.6846137893016938,0.43788547482619145,0.10740994897229401,0.02098748632864684,0.08757709496523829,0.09322625818713969,0.6,1.0,0.005649163221901399,0.6,0.0,0.6936911693179216,1.0,0.11404857379675377,6.032240053173154e-05,0.11410889619728551
ray_gpis,Cross,11,1,0.7434666666666667,0.80800646169201,6.393989274858368,0.12874937119803798,0.07707122849341941,0.40859000000000006,0.5229921863370384,0.7002763863323388,0.10669272714644325,0.02081167554317527,0.14005527726646777,0.15062401634764477,0.5,1.0,0.010568739081177003,0.6,0.0,0.8989330556370281,1.0,0.08861645120196045,6.912499957252294e-05,0.08868557620153297
ray_gpis,Cross,12,1,0.7045,0.8008350518638739,6.269314807213822,0.12335357852411097,0.07528931227370127,0.5142033333333333,0.6551735294749215,0.4005790928173214,0.10243980466996483,0.020010577262195267,0.08011581856346428,0.08658222008808224,0.4,1.0,0.006466401524617959,0.4,0.0,0.5799458900778209,1.0,0.1062430695950752,7.394939893856645e-05,0.10631701899401377
ray_gpis,Cross,13,1,0.7393666666666666,0.8495136432746148,5.359173953803124,0.12826057390275739,0.07515097367495327,0.47673333333333334,0.6276700421208001,0.48791783758935214,0.10939178833798957,0.021414833938607342,0.09758356751787042,0.10368074790929202,0.8,1.0,0.006097180391421597,0.8,0.0,0.7487574663456156,0.75,0.10430886799877044,6.282899994403124e-05,0.10437169699871447
ray_gpis,Cross,14,1,0.7609,0.8642171616786871,5.925223675604929,0.1304825545925071,0.07667568086380976,0.50258,0.6608026425304621,0.44503655306322143,0.11117771279043587,0.021752596037006196,0.08900731061264429,0.10334314397338173,0.3,1.0,0.01433583336073745,0.6,0.0,0.8234505022931699,1.0,0.10673347799747716,6.054819968994707e-05,0.10679402619716712
ray_gpis,Cube,0,1,0.5869,0.7396811393282501,7.430820111188277,0.13573945837257617,0.07685046937989522,0.31166666666666665,0.45739604144600265,0.4491315510208909,0.11536928598907759,0.02254254120208136,0.08982631020417818,0.1549327634508698,0.2,1.0,0.0651064532466916,0.4,0.0,0.5265441041694312,0.75,0.1798215593997156,6.049099611118436e-05,0.1798820503958268
ray_gpis,Cube,1,1,0.6642666666666667,0.798269508091652,7.549807999603358,0.15136699821361338,0.09056550278184652,0.49844,0.6593596801916763,0.262255453826573,0.12534193006823915,0.024322487157023058,0.0524510907653146,0.058252883703728206,-0.1,1.0,0.005801792938413608,0.6,0.0,0.8233813515678644,1.0,0.20178840520093216,6.424640014301986e-05,0.20185265160107518
ray_gpis,Cube,2,1,0.8071,0.876354398228804,5.594270002979087,0.13802155386335407,0.07879273502855047,0.46496666666666664,0.5826295903089933,0.6936255556822772,0.11850849202669084,0.023177027773308313,0.13872511113645544,0.15312810207863797,0.1,1.0,0.014402990942182526,0.6,0.0,0.7961268520898306,1.0,0.09967539740318898,6.029819778632373e-05,0.09973569560097531
ray_gpis,Cube,3,1,0.7974333333333333,0.8347425582235933,6.030703166092116,0.15455305037763434,0.09175706378194542,0.5352466666666666,0.6243420261595436,0.45360773373555946,0.13082009689011165,0.025449610942296287,0.09072154674711189,0.09562038999423081,0.2,1.0,0.004898843247118911,0.8,0.0,0.5926359721904324,0.75,0.1067981707979925,6.556239968631416e-05,0.1068637331976788
ray_gpis,Cube,4,1,0.7222666666666666,0.7696658723730019,7.744909733273424,0.1533339542236704,0.09603408895294066,0.6114,0.7122603176016459,0.32101909002386064,0.12769692680181807,0.024788781650553985,0.06420381800477212,0.08275294880152002,0.1,1.0,0.018549130796747894,0.6,0.0,0.513273244639171,0.75,0.10442122860404197,6.873100064694882e-05,0.10448995960468892
ray_gpis,Cube,5,1,0.6391333333333333,0.7769439904983795,7.542759105542653,0.1388155802551593,0.07767758340857285,0.37202999999999997,0.5247530794537134,0.5253485713183812,0.12027481549073127,0.02354798953404565,0.10506971426367624,0.11073633864068415,0.8,1.0,0.005666624377007911,0.8,0.0,0.8673270718476916,1.0,0.10219560300465673,7.971980085130781e-05,0.10227532280550804
ray_gpis,Cube,6,1,0.9123,0.9534873047995815,4.279022213590179,0.1533920091561622,0.09536276309634698,0.66997,0.7858792457546488,0.4766392138166408,0.12705893419161318,0.024645216775340203,0.09532784276332816,0.09953900859941324,0.4,1.0,0.004211165836085074,0.8,0.0,0.5230792713233329,0.5,0.10599420520302374,6.235100154299289e-05,0.10605655620456673
ray_gpis,Cube,7,1,0.7392666666666666,0.8118742590825766,6.070661563927834,0.1479042844084706,0.08843911267596892,0.4188366666666667,0.5306881056784064,0.6666087094863002,0.12407764706804573,0.0241405031195894,0.13332174189726004,0.15350652778664675,0.4,1.0,0.020184785889386696,0.6,0.0,0.6898639562829022,1.0,0.10722916940285358,6.110500544309616e-05,0.10729027440829668
ray_gpis,Cube,8,1,0.6821333333333334,0.7785525246212097,7.0663873130834585,0.1444373745007051,0.08418774871447232,0.44632000000000005,0.5920219231191343,0.47672981433025535,0.12258098744333004,0.023905502377414675,0.09534596286605107,0.09699971106951742,0.7,1.0,0.0016537482034663542,0.8,0.0,0.7828296512638144,1.0,0.10339993060333655,6.609460106119514e-05,0.10346602520439774
ray_gpis,Cube,9,1,0.8969666666666667,0.9355326985533929,4.492385156699213,0.16139669927424688,0.09450404834931807,0.6358266666666667,0.7487341601482042,0.5038475354041453,0.13611518645926715,0.026426357508427405,0.10076950708082906,0.10958354299167623,0.6,1.0,0.008814035910847173,0.6,0.0,0.42381011721885276,1.0,0.0998215292027453,7.455100130755454e-05,0.09989608020405286
ray_gpis,Cube,10,1,0.6467,0.77660183034122,8.015842250590936,0.14724099172233737,0.0860031834697409,0.41668666666666665,0.5716653685216272,0.3844088455482807,0.12219951005658578,0.023742691921848403,0.07688176910965613,0.09628741603718047,0.4,1.0,0.019405646927524323,0.6,0.0,0.8047997377211656,0.75,0.09807170419953763,6.769600149709731e-05,0.09813940020103473
ray_gpis,Cube,11,1,0.6632,0.7657739255615871,7.180072159757974,0.1402733352783426,0.08496134251388929,0.4931933333333333,0.6498616389832496,0.2815378705898813,0.11416794277396879,0.022160684716369932,0.05630757411797625,0.06780878431139373,0.3,1.0,0.011501210193417478,0.4,0.0,0.8492736467154953,0.75,0.11287940479815006,6.690980226267129e-05,0.11294631460041274
ray_gpis,Cube,12,1,0.7874666666666666,0.8777110837218797,5.551011498953145,0.15421874150084525,0.09307589390555553,0.6049566666666667,0.7366440275786097,0.4660631684339909,0.1292722383431123,0.02511371320624651,0.09321263368679819,0.10052987972540714,0.4,1.0,0.007317246038608949,0.8,0.0,0.5038678571914055,1.0,0.10383846660261042,6.47620006930083e-05,0.10390322860330344
ray_gpis,Cube,13,1,0.9254,0.9612548041965306,4.077229552125429,0.15374312633851578,0.09127513210717594,0.6869766666666667,0.7886559468259672,0.6008230512248132,0.1305385948677086,0.02541094579536901,0.12016461024496264,0.12069175193556574,0.3,1.0,0.0005271416906031057,0.6,0.0,0.392415670061799,1.0,0.10528819839819334,6.611019489355385e-05,0.10535430859308689
ray_gpis,Cube,14,1,0.7820666666666667,0.8470847484941744,5.652655266033444,0.15125830367120827,0.0887487975373692,0.48355,0.6157879734892537,0.4215986173371691,0.12840693985656246,0.025008075198834755,0.08431972346743381,0.10257805683377574,0.1,1.0,0.018258333366341927,0.6,0.0,0.6210338464179445,0.5,0.10767996920039877,6.813439831603319e-05,0.10774810359871481
ray_gpis,Cylinder,0,1,0.7022666666666667,0.7743682022008649,7.952907171705876,0.2621798778978364,0.1467859906476996,0.4714433333333333,0.5819077430812003,0.4520798035765884,0.23559393232111048,0.045480001078356466,0.09041596071531768,0.10335179487943913,0.4,1.0,0.012935834164121463,0.4,0.0,0.6076471648425896,1.0,0.10555231279577129,6.677179771941155e-05,0.1056190845934907
ray_gpis,Cylinder,1,1,0.9114666666666666,0.951704203982405,4.36004384219881,0.26073823251598693,0.16973494848491869,0.6461,0.7717059948404944,0.4731566839499473,0.23109241714682874,0.04443649472624338,0.09463133678998946,0.09463133678998946,0.9,1.0,0.0,1.0,0.0,0.6763278925383382,1.0,0.11207159980258438,5.8020997676067056e-05,0.11212962080026045
ray_gpis,Cylinder,2,1,0.6916,0.7377832788641011,7.640495445593693,0.24375039757865685,0.16188925757396738,0.40079666666666663,0.5045089703487473,0.3997871014728931,0.2145773311809964,0.041321450942653284,0.07995742029457861,0.11417454402835989,-0.1,1.0,0.034217123733781274,0.2,0.0,0.8131805762188142,0.5,0.11441232620272786,7.114279724191874e-05,0.11448346899996978
ray_gpis,Cylinder,3,1,0.7336,0.8457247545228526,5.965611569763376,0.24295326691367855,0.16109006638230153,0.5080533333333334,0.6495296134880342,0.6013427320509425,0.20896146884751207,0.039996432816351214,0.1202685464101885,0.1362997113238342,0.2,1.0,0.01603116491364571,0.4,0.0,0.7463642982780184,0.75,0.10669575479987543,7.42110045393929e-05,0.10676996580441482
ray_gpis,Cylinder,4,1,0.8726333333333334,0.9319852613966073,4.910402286964056,0.2588217004931641,0.14875785438025127,0.56304,0.6954078725002745,0.49754299133789887,0.23022857222020449,0.04433534825999599,0.09950859826757977,0.10286135937415179,0.3,1.0,0.003352761106572022,0.6,0.0,0.7311961761844814,0.75,0.10891157560108695,7.922079530544578e-05,0.10899079639639239
ray_gpis,Cylinder,5,1,0.7033666666666667,0.8080158685264167,6.4239931107471495,0.21946603429281408,0.13319939336363962,0.45399666666666666,0.5986098452582047,0.5256386785573339,0.19091445915781896,0.03683546730106791,0.10512773571146679,0.1201823147671591,0.4,1.0,0.015054579055692319,0.6,0.0,0.7260118202258493,0.75,0.10463939639739692,7.015680021140724e-05,0.10470955319760833
ray_gpis,Cylinder,6,1,0.8745,0.93117094282318,4.534086529147896,0.270942838054258,0.18075156425182842,0.5795899999999999,0.7119454065187527,0.4913144760282349,0.21401135717217742,0.03970197638549928,0.09826289520564699,0.10000435117707007,0.7,1.0,0.0017414559714231004,0.8,0.0,0.8028090309567406,1.0,0.11773080439597834,7.659519906155765e-05,0.1178073995950399
ray_gpis,Cylinder,7,1,0.7052333333333334,0.7866536789536832,6.7279220886786595,0.258841041041885,0.1740514950361484,0.44891000000000003,0.5846154559964387,0.45641819223916363,0.20504311824773308,0.03823340549667043,0.09128363844783273,0.11886188687492152,0.0,1.0,0.0275782484270888,0.6,0.0,0.695044275005722,0.5,0.11214156779751647,7.454740116372705e-05,0.1122161151986802
ray_gpis,Cylinder,8,1,0.8118333333333333,0.7705367841637799,7.856882933923545,0.24303126416026355,0.12989912615105859,0.4885400000000001,0.5575344488057896,0.670573370686389,0.2157184584087198,0.04164120155821373,0.1341146741372778,0.1341146741372778,0.8,1.0,0.0,1.0,0.0,0.6795278041048389,1.0,0.10151203640270978,6.310280296020209e-05,0.10157513920566999
ray_gpis,Cylinder,9,1,0.8044666666666667,0.8885684032068865,6.224862172700579,0.19957728242815106,0.11653625197042719,0.5053,0.6536413493631289,0.4234092913681471,0.16890449768694846,0.03253416645197317,0.08468185827362942,0.09323206878293211,0.4,1.0,0.008550210509302691,0.4,0.0,0.8449954580567633,1.0,0.11665454720205162,6.315519858617336e-05,0.1167177024006378
ray_gpis,Cylinder,10,1,0.8268333333333333,0.9052093787063225,4.877211879918408,0.2523630549230524,0.13412667394548977,0.55518,0.6950973941144417,0.4774128218318629,0.22297970261194763,0.04290952610513521,0.09548256436637258,0.10139744692504182,0.5,1.0,0.005914882558669255,0.6,0.0,0.7101142280842296,0.75,0.11586450900067576,7.451740093529224e-05,0.11593902640161105
ray_gpis,Cylinder,11,1,0.8577333333333333,0.9206545048959647,5.486571689055952,0.25922661725142576,0.16142005012951177,0.5284566666666667,0.6745343311570116,0.47188385415525264,0.22944414783768594,0.04411519737826454,0.09437677083105053,0.10066857933728764,0.3,1.0,0.006291808506237118,0.6,0.0,0.8267357733463034,1.0,0.11537198780279141,6.940339808352292e-05,0.11544139120087493
ray_gpis,Cylinder,12,1,0.647,0.7840859249466295,7.185169351112459,0.24995713886499557,0.13270827531965473,0.39391,0.5522075535695616,0.536678301169793,0.22095328553457372,0.04254544211081094,0.1073356602339586,0.1073356602339586,1.0,1.0,0.0,1.0,0.0,0.7821551614175074,1.0,0.10487410100467968,6.787299644201994e-05,0.10494197400112171
ray_gpis,Cylinder,13,1,0.7748,0.8731124633761551,5.062051382644593,0.24792680320860894,0.15293808227610045,0.4219366666666667,0.5742757874148307,0.5917684743755536,0.2207874120425756,0.04261951034990997,0.11835369487511072,0.12390280297956532,0.4,1.0,0.005549108104454614,0.6,0.0,0.8135764214728018,1.0,0.10081457080377731,6.446980405598879e-05,0.1008790406078333
ray_gpis,Cylinder,14,1,0.8645,0.8987034920482035,5.743024063456439,0.26205646025873996,0.17526895972922282,0.52573,0.6521475418950017,0.5123007381755702,0.2057078781020475,0.03822291460138423,0.10246014763511405,0.10262131436709487,0.4,1.0,0.00016116673198083298,0.8,0.0,0.7262769297894254,0.75,0.10865708559867926,6.533020059578121e-05,0.10872241579927504
ray_gpis,L_Shaped,0,1,0.6481,0.7518992520364697,7.923142898359461,0.14448672839021925,0.08392182661704656,0.37207666666666667,0.49363660201952386,0.644769674047996,0.12529203806138164,0.024508523084890273,0.1289539348095992,0.1700521949519955,0.1,1.0,0.041098260142396315,0.6,0.0,0.8902503477136873,0.5,0.08678649339999538,6.702960235998035e-05,0.08685352300235535
ray_gpis,L_Shaped,1,1,0.6890666666666667,0.7556035852774776,7.926470737531996,0.14759079001713976,0.09118879559256643,0.47154000000000007,0.5703228324617182,0.3501779653300379,0.12266014247244696,0.023834921950537276,0.07003559306600758,0.09014462227383584,0.12679491924311226,1.0,0.020109029207828255,0.6,0.0,0.8431344563190292,0.75,0.09559192439483014,6.824919837526977e-05,0.0956601735932054
ray_gpis,L_Shaped,2,1,0.6684666666666667,0.7972626381318593,7.317359800354404,0.14820641289398326,0.08882302206278894,0.4230266666666667,0.5826684418037498,0.42178205113884476,0.12346555126553774,0.023996128149517508,0.08435641022776895,0.08494967200247455,0.4,1.0,0.0005932617747056001,0.6,0.0,0.6623436296015859,0.75,0.09500066159816925,7.136040076147765e-05,0.09507202199893072
ray_gpis,L_Shaped,3,1,0.614,0.7603892284727655,8.067378842978432,0.14447936636426112,0.08589839016786167,0.39810333333333336,0.5596613243500533,0.3602612387119463,0.12186667916349493,0.023745701501844726,0.07205224774238926,0.08507644487377151,0.2,1.0,0.013024197131382254,0.4,0.0,0.8823304796878486,1.0,0.10690769639913925,6.51470007142052e-05,0.10697284339985344
ray_gpis,L_Shaped,4,1,0.8286,0.9044616186543206,4.6502349068609385,0.1547914431489088,0.09325048648556275,0.6554399999999999,0.7766683003861006,0.4384392225813033,0.13139565476455983,0.02557130466805465,0.08768784451626066,0.09920175956746649,0.3,1.0,0.011513915051205826,0.4,0.0,0.5700660906385899,0.75,0.10429715839854907,6.462039891630411e-05,0.10436177879746537
ray_gpis,L_Shaped,5,1,0.6562,0.7896130490729003,7.2645988776514,0.14725183038500944,0.08944860625006294,0.4198433333333334,0.5744676674479926,0.4514327416362572,0.123916303431943,0.024123129182974455,0.09028654832725144,0.11263951926122402,-0.02679491924311226,1.0,0.022352970933972573,0.2,0.0,0.8230520237033041,0.75,0.10370427900052163,6.815540546085685e-05,0.1037724344059825
ray_gpis,L_Shaped,6,1,0.6748333333333333,0.7898865510454005,7.423506402622928,0.13685843188828897,0.0804427892963617,0.43260000000000004,0.5834781672283983,0.3982500411941742,0.11395697818490721,0.022202309013460004,0.07965000823883484,0.11160755147550878,0.4,1.0,0.031957543236673935,0.2,0.0,0.8074468199244677,0.75,0.11267956219962798,6.639099447056652e-05,0.11274595319409855
ray_gpis,L_Shaped,7,1,0.6656666666666666,0.7953127829830697,6.9840376563475095,0.14569162720021234,0.08523295658630457,0.48740666666666665,0.6331564338813489,0.4990245242100806,0.12375437800006527,0.024131224999397138,0.09980490484201612,0.11844144873410334,0.5,1.0,0.018636543892087208,0.4,0.0,0.7279366980470915,0.5,0.10915608959912788,6.836820102762431e-05,0.10922445780015551
ray_gpis,L_Shaped,8,1,0.5860333333333333,0.7025583951008932,8.48237614275249,0.13937205103224265,0.0816562497844406,0.3454,0.47880238220190224,0.5145936020942703,0.1176569609909005,0.022952267891883683,0.10291872041885405,0.1428200423234811,0.42679491924311225,1.0,0.03990132190462707,0.6,0.0,0.8015270373480162,0.25,0.10256361239880789,6.668999849352985e-05,0.10263030239730142
ray_gpis,L_Shaped,9,1,0.7791,0.8714061939195975,5.410762382365616,0.14457390623211164,0.08621664490284067,0.5301433333333334,0.6773687533236078,0.4254882494521296,0.11786577280880262,0.022859436696795143,0.08509764989042592,0.08912879389340489,0.3,1.0,0.00403114400297897,0.6,0.0,0.6822632055299614,1.0,0.10587651260429994,6.669420399703085e-05,0.10594320680829697
ray_gpis,L_Shaped,10,1,0.7938666666666667,0.8816910863083607,5.326325964048258,0.13777590928685227,0.08199315716335069,0.5118199999999999,0.6536054134770211,0.5688262763150342,0.11499895200660001,0.022407852974111974,0.11376525526300685,0.1150922546690027,0.8,1.0,0.0013269994059958768,0.8,0.0,0.5761771014028686,0.75,0.10094166079943534,6.434579845517873e-05,0.10100600659789052
ray_gpis,L_Shaped,11,1,0.9023333333333333,0.9457947987066824,4.761588747176984,0.1588267573124637,0.09271613821082736,0.6432633333333333,0.7623039804759775,0.5284489096507357,0.1364381552847907,0.02658017516859188,0.10568978193014714,0.10676826776210527,0.5,1.0,0.0010784858319581535,0.8,0.0,0.5968662379835202,0.75,0.1080626257986296,6.886020128149539e-05,0.1081314859999111
ray_gpis,L_Shaped,12,1,0.8068666666666666,0.7826653838120881,6.832896444777277,0.15047632624061405,0.08913754413062072,0.5108533333333334,0.5808796123489955,0.3890050711112956,0.1267278547814787,0.024656302929407674,0.07780101422225913,0.09516337570652524,0.3,1.0,0.01736236148426611,0.6,0.0,0.6940325303273059,0.5,0.10902933800243772,6.70112029183656e-05,0.10909634920535609
ray_gpis,L_Shaped,13,1,0.5636333333333333,0.7179962295750757,9.126597842786273,0.13481304554779416,0.08371613543359244,0.3860833333333334,0.5493591244731831,0.3063903631060758,0.10886868123088154,0.02113981649292216,0.061278072621215166,0.07110145084217909,0.1,1.0,0.00982337822096393,0.4,0.0,0.8897319541967362,1.0,0.108998226604308,6.74291979521513e-05,0.10906565580226016
ray_gpis,L_Shaped,14,1,0.8638333333333333,0.9255152273340753,4.524446995773954,0.14737805209442945,0.08709747920414115,0.6599866666666667,0.7800031551308336,0.44862847080372725,0.12163187581683732,0.0236133356917526,0.08972569416074545,0.0968104140039288,0.5,1.0,0.007084719843183351,0.8,0.0,0.5071826923400059,0.5,0.10110540259920527,6.76195981213823e-05,0.10117302219732664
ray_gpis,Thin_Irregular,0,1,0.7418,0.7988948604089317,6.793404313028655,0.9975864325395877,0.7551371899685297,0.4362933333333333,0.546891938796191,0.5083020575357561,0.9954279069302402,0.10509551615402798,0.10166041150715122,0.10610542711585805,0.5,1.0,0.004445015608706837,0.8,0.2,0.642354771269066,1.0,0.2863492309988942,7.431559497490525e-05,0.2864235465938691
ray_gpis,Thin_Irregular,1,1,0.9039,0.9484119656551384,4.603292429332223,1.0,0.8272802685250596,0.6526933333333333,0.7677891843839365,0.5234218094666623,1.0,0.1001717912571352,0.10468436189333245,0.10468436189333245,0.9,1.0,0.0,1.0,0.0,0.6174478570611123,1.0,0.4020810460002394,5.9815397253260014e-05,0.4021408613974927
ray_gpis,Thin_Irregular,2,1,0.8461,0.8339252273052541,6.969982838118526,0.9994964681940773,0.8533514911968091,0.4603,0.5268111731899873,0.6784721091649024,0.9990293771196371,0.10365365923429656,0.13569442183298047,0.1357269180421113,0.8,1.0,3.249620913079454e-05,0.8,0.2,0.6173078642085007,1.0,0.3898115966032492,6.801840208936483e-05,0.3898796150053386
ray_gpis,Thin_Irregular,3,1,0.6946333333333333,0.7546238456512604,7.815418851684944,0.9996020608969222,0.8085844684740522,0.4323066666666667,0.5198782772059576,0.4559310166609862,0.9993512355307403,0.12259639766667474,0.09118620333219724,0.10754935008028166,0.6,1.0,0.016363146748084423,0.6,0.0,0.7013407673380635,0.75,0.2634308681997936,6.47537992335856e-05,0.2634956219990272
ray_gpis,Thin_Irregular,4,1,0.8529333333333333,0.9157376170619758,5.222997833196252,0.9992896201088315,0.7953931725760237,0.61954,0.7446623364962639,0.3897942208355607,0.9986891048269155,0.10823880843634584,0.07795884416711214,0.07955378377130291,0.5,1.0,0.0015949396041907704,0.8,0.0,0.6979937371105549,0.75,0.4156678277970059,6.589799595531076e-05,0.4157337257929612
ray_gpis,Thin_Irregular,5,1,0.6665,0.7611936424436965,8.962256309978958,0.9786254643320835,0.6582191793904807,0.3764966666666667,0.48933505443871406,0.6842965092227858,0.959502256925738,0.10128423787220786,0.13685930184455716,0.14928264782535164,0.5,1.0,0.012423345980794465,0.8,0.0,0.8431835088120849,0.75,0.28296327280113476,6.602200155612082e-05,0.28302929480269085
ray_gpis,Thin_Irregular,6,1,0.6488666666666667,0.7311484259400363,8.860170094533201,0.9994935184488258,0.752212102878288,0.38643666666666665,0.48154618669854543,0.6589561588520296,0.9989939655583313,0.10058741377688296,0.13179123177040591,0.15599254642155164,0.2,1.0,0.024201314651145733,0.6,0.2,0.7108364685854885,0.75,0.4490759998036083,6.206019606906921e-05,0.4491380599996774
ray_gpis,Thin_Irregular,7,1,0.6394666666666666,0.7355473300385313,8.610644602282887,0.996652292141107,0.6878714106283437,0.35427333333333333,0.4682668843050816,0.6517595861812988,0.993369075194571,0.1003030363754823,0.13035191723625977,0.1454250588584723,0.1,1.0,0.015073141622212505,0.4,0.0,0.8701757052529183,1.0,0.28625032819982155,6.767759914509952e-05,0.2863180057989666
ray_gpis,Thin_Irregular,8,1,0.5818666666666666,0.6733201845434105,9.550587977841461,0.9541206541306795,0.7180635246790491,0.3775233333333333,0.46374984625239624,0.4891107809500102,0.9162777540098148,0.10042306794662115,0.09782215619000204,0.10710892324278598,0.2,1.0,0.009286767052783928,0.4,0.2,0.8073904926756694,1.0,0.4313615563965868,6.943559856154025e-05,0.43143099199514834
ray_gpis,Thin_Irregular,9,1,0.8826,0.9186446044998726,5.077334916526129,0.9998033887257013,0.8596987150270421,0.6560599999999999,0.7618435424264713,0.5615799823750096,0.9996932450690942,0.12814852706064755,0.11231599647500193,0.11231599647500193,0.8,1.0,0.0,1.0,0.2,0.4260148136537416,0.5,0.39895806499989706,6.260079971980304e-05,0.3990206657996168
ray_gpis,Thin_Irregular,10,1,0.6293666666666666,0.7696276250584619,8.22546597034509,0.8632801643365682,0.6026210144849851,0.41895999999999994,0.5802601202352214,0.3473363855003088,0.7761104424718829,0.0947875312479488,0.06946727710006176,0.0870042243689512,-0.1,1.0,0.017536947268889436,0.2,0.2,0.8255302628842048,1.0,0.28438441319740376,6.756239745300263e-05,0.2844519755948568
ray_gpis,Thin_Irregular,11,1,0.7661,0.8374458285390959,6.336951268984632,0.9529680137448059,0.7738962202148599,0.48721000000000003,0.6218735275676267,0.4648734080118094,0.9098758999134837,0.09496521080950196,0.09297468160236187,0.09297468160236187,0.8,1.0,0.0,1.0,0.2,0.8102424396314944,1.0,0.44499228419736025,6.236839981283992e-05,0.44505465259717314
ray_gpis,Thin_Irregular,12,1,0.7672,0.810262886470526,7.266860326941773,0.9996020608969222,0.8793140764902011,0.5660766666666667,0.6473943226268685,0.3464540726496481,0.9992798435581877,0.11043503927246405,0.06929081452992962,0.07176678050388327,0.4,1.0,0.002475965973953653,0.8,0.0,0.586762202449073,0.75,0.41797146879544017,6.359279796015471e-05,0.4180350615934003
ray_gpis,Thin_Irregular,13,1,0.7907666666666666,0.881926528632792,5.642039880532582,0.9549643934043898,0.8627474124555128,0.6366066666666667,0.763404930627706,0.4236692117789748,0.9200627982509165,0.10367034451705623,0.08473384235579497,0.08568486633263442,0.9,1.0,0.0009510239768394602,0.8,0.4,0.6575907673380635,1.0,0.4242607859981945,6.699960213154554e-05,0.424327785600326
ray_gpis,Thin_Irregular,14,1,0.8066666666666666,0.8903734901846876,5.632417024707274,0.9999508471814254,0.8756127006827678,0.5838566666666667,0.7051281844338737,0.6463511307360645,0.9999198345910073,0.1226186676683618,0.1292702261472129,0.13005029471408036,0.6,1.0,0.0007800685668674534,0.8,0.0,0.531615858892195,0.5,0.2628425862028962,6.602920184377581e-05,0.26290861540474
ray_gpis,green_Pepper,0,1,0.8684,0.9295654035538429,4.866866845647781,0.15247065941851337,0.09055779319001073,0.6559766666666667,0.7750065100448513,0.5487800844336161,0.12904834103603793,0.0251155742699914,0.10975601688672323,0.12364548350138808,0.5,1.0,0.013889466614664836,0.8,0.0,0.4133140413011444,0.25,0.10059873659920412,5.8928996440954504e-05,0.10065766559564508
ray_gpis,green_Pepper,1,1,0.7209333333333333,0.8345845859512677,5.94212093371093,0.14187197243990926,0.08449024087923428,0.4530133333333334,0.6070786297002121,0.4277869226480282,0.11887553030392398,0.023154600253027197,0.08555738452960564,0.09629603329867568,0.2,1.0,0.010738648769070047,0.6,0.0,0.8042742546921491,1.0,0.10510103880078532,6.796900124754757e-05,0.10516900780203287
ray_gpis,green_Pepper,2,1,0.6964666666666667,0.7986455138177587,7.277079974122177,0.13740848798594107,0.08024320146993782,0.46682000000000007,0.6126609017076877,0.5122457879938026,0.1155777915119978,0.022544983827581553,0.10244915759876053,0.11227987019701191,0.1,1.0,0.00983071259825139,0.4,0.0,0.7736561963444804,1.0,0.10327098740381188,7.186039874795824e-05,0.10334284780255984
ray_gpis,green_Pepper,3,1,0.9024333333333333,0.9487148038477039,4.087572292000634,0.14765352673418322,0.08921202413250827,0.6061933333333333,0.7292667641018167,0.58452821206494,0.12346034986349579,0.024010549614709796,0.11690564241298798,0.11690564241298798,0.7,1.0,0.0,1.0,0.0,0.5187114331559314,1.0,0.1018119919928722,6.60433986922726e-05,0.10187803539156448
ray_gpis,green_Pepper,4,1,0.8247,0.901460151401026,4.867424911243495,0.14755989897778016,0.08787612734830705,0.6203833333333333,0.7434657398321907,0.486832449662401,0.12482202572040194,0.024315808519400486,0.0973664899324802,0.098969538586305,0.5,1.0,0.00160304865382479,0.8,0.0,0.5688093671320668,1.0,0.11761080199794378,5.98522019572556e-05,0.11767065419990104
ray_gpis,green_Pepper,5,1,0.7668,0.8680099615123388,5.463683714429318,0.14462952710289317,0.08796041337725495,0.5407133333333334,0.6814246730777079,0.5534979102735051,0.12256694388042072,0.023897012773191142,0.11069958205470103,0.11971022358133057,0.6,1.0,0.009010641526629537,0.8,0.0,0.6260023160375155,0.5,0.10501700360036921,6.115679861977697e-05,0.10507816039898898
ray_gpis,green_Pepper,6,1,0.7475,0.826115682623581,6.262901991061129,0.14419335042201598,0.08346725873254804,0.44743000000000005,0.5612804115197194,0.6185661378619693,0.12215772839758994,0.023818264315106558,0.12371322757239386,0.1605643018285275,0.2,1.0,0.03685107425613363,0.4,0.0,0.7581847540516963,0.75,0.10080033419944812,7.284499879460782e-05,0.10087317919824272
ray_gpis,green_Pepper,7,1,0.8470333333333333,0.8909434972166449,5.421342655240648,0.15108598374575938,0.09089833110653439,0.61304,0.7203144106555948,0.46306455053775064,0.12679719776243345,0.024654047862985605,0.09261291010755013,0.09978932398812204,0.1,1.0,0.007176413880571908,0.6,0.0,0.5407784246967269,0.5,0.1053304789995309,6.4230797579512e-05,0.10539470979711041
ray_gpis,green_Pepper,8,1,0.7749333333333334,0.7273799209639918,9.16832344775999,0.14858284547872644,0.08772963510991652,0.4596133333333333,0.5207258554920733,0.4272892591326229,0.12645423477915949,0.024650180686439076,0.08545785182652457,0.09426431355072283,0.5,1.0,0.008806461724198255,0.6,0.0,0.6907387432406233,0.75,0.10840473160496913,7.425339717883616e-05,0.10847898500214796
ray_gpis,green_Pepper,9,1,0.7022333333333334,0.7729725726028948,7.361355313992518,0.14284304418675633,0.0838466983826937,0.42513000000000006,0.5402400359395557,0.4467061142230689,0.12197163094525346,0.023814454193356725,0.08934122284461378,0.10005075691847157,0.6,1.0,0.010709534073857796,0.6,0.0,0.7181345130464636,1.0,0.10346759700332768,6.953460397198796e-05,0.10353713160729967
ray_gpis,green_Pepper,10,1,0.6744,0.8035036816275863,7.413547287924592,0.14018991344877185,0.08264794847820536,0.4462499999999999,0.6051658800088389,0.4126435963431709,0.1188554570032537,0.023195540751009498,0.08252871926863417,0.09641190922097996,0.3,1.0,0.013883189952345786,0.4,0.0,0.8206408758434223,1.0,0.1089632745977724,6.38428027741611e-05,0.10902711740054656
ray_gpis,green_Pepper,11,1,0.8376333333333333,0.9116435995574018,4.736089321552765,0.14705919968419753,0.08958939029891175,0.6240266666666666,0.7506014401959464,0.5271959838434623,0.12371799353626008,0.02408451243821117,0.10543919676869247,0.1080875410773956,0.5,1.0,0.002648344308703132,0.8,0.0,0.42980998941405346,0.75,0.11274838319804985,6.612580036744476e-05,0.1128145089984173
ray_gpis,green_Pepper,12,1,0.8532,0.9207856680336715,4.982021888965202,0.15249360742657336,0.0895466646839906,0.59787,0.72730899246697,0.5537497700394957,0.12956727279204866,0.02523091986943001,0.11074995400789914,0.11270051517684529,0.6,1.0,0.0019505611689461632,0.8,0.0,0.6442636633939154,0.75,0.108436890001758,6.907439674250782e-05,0.1085059643985005
ray_gpis,green_Pepper,13,1,0.8210666666666666,0.8990509598203206,4.947767276321062,0.14381120009398485,0.08599178576845383,0.5378999999999999,0.6812382556414625,0.49939236598696946,0.12170142192886123,0.023727556206902464,0.09987847319739389,0.09987847319739389,0.9,1.0,0.0,1.0,0.0,0.7448639441075595,1.0,0.10967899879906326,6.716380594298243e-05,0.10974616260500625
ray_gpis,green_Pepper,14,1,0.8728666666666667,0.8922256912891872,5.248668731857872,0.1501812641755298,0.08792304499955195,0.5094333333333333,0.6166622097065131,0.5551046891274445,0.12661335640397556,0.024639351486920168,0.1110209378254889,0.1110209378254889,0.7,1.0,0.0,1.0,0.0,0.7707771711363569,1.0,0.09931955419888254,7.2460004594177e-05,0.09939201420347672
