planner,object,initial_pose_seed,final_pose_coverage,pose_coverage_auc,mean_incremental_pose_novelty_deg,mean_pairwise_view_distance_deg
er_gpis,Bowl,15,0.34375,0.226953125,57.00970435424112,96.00502190430072
er_gpis,Bowl,16,0.2890625,0.18515625,40.83639241398136,67.05358359142237
er_gpis,Bowl,17,0.2890625,0.19765625,58.36127976754749,83.5027757938524
er_gpis,Bowl,18,0.25,0.14765625,50.79062893187753,75.8564303523664
er_gpis,Bowl,19,0.1796875,0.141796875,36.33297286683403,51.10473665932792
er_gpis,Bowl,20,0.23828125,0.191015625,46.07430235121437,65.2627389813525
er_gpis,Bowl,21,0.34375,0.20078125,76.88496431397296,100.79461841508954
er_gpis,Bowl,22,0.3828125,0.221875,69.83330817708388,99.7673866221923
er_gpis,Corner,15,0.390625,0.238671875,76.80957315995519,98.84496351239856
er_gpis,Corner,16,0.34375,0.22578125,51.72699847302478,93.33494966811409
er_gpis,Corner,17,0.359375,0.21640625,68.24295475221173,102.17753821812803
er_gpis,Corner,18,0.37890625,0.230859375,66.87787970124845,102.98736105343625
er_gpis,Corner,19,0.390625,0.230078125,73.70361109436892,104.1493007491001
er_gpis,Corner,20,0.34375,0.22734375,63.582665287916804,92.99395516411417
er_gpis,Corner,21,0.31640625,0.208984375,67.57091559428383,99.46033352093794
er_gpis,Corner,22,0.39453125,0.232421875,79.38814332040486,99.98631791690202
er_gpis,Cross,15,0.38671875,0.22890625,70.65065633284338,96.48827857698802
er_gpis,Cross,16,0.3359375,0.22265625,60.78408343449686,96.02162562640663
er_gpis,Cross,17,0.3984375,0.23515625,78.71100137848211,97.63975687570748
er_gpis,Cross,18,0.41015625,0.245703125,80.21198143358335,100.43767680766354
er_gpis,Cross,19,0.33203125,0.2171875,77.22828844612086,95.11512895775836
er_gpis,Cross,20,0.39453125,0.230859375,67.95846735824561,99.48525250013334
er_gpis,Cross,21,0.3359375,0.21328125,67.2339076285833,95.4404583817664
er_gpis,Cross,22,0.32421875,0.215234375,65.66888427081004,91.55461097096561
er_gpis,Cube,15,0.39453125,0.228125,80.03176382341344,100.37672465784426
er_gpis,Cube,16,0.3515625,0.21796875,63.47046697622818,96.9549005070792
er_gpis,Cube,17,0.40625,0.2375,78.89489050250668,101.50052731322259
er_gpis,Cube,18,0.35546875,0.198046875,58.21442710264937,92.8904673325412
er_gpis,Cube,19,0.34375,0.223046875,64.91467384275111,101.54317446347774
er_gpis,Cube,20,0.265625,0.1890625,55.58826716989654,93.12312810468721
er_gpis,Cube,21,0.359375,0.23203125,62.345641014211836,96.64386636259707
er_gpis,Cube,22,0.3359375,0.2140625,66.33805855099607,101.85685528302564
er_gpis,Cylinder,15,0.3984375,0.230859375,78.92502951365984,100.44004752275414
er_gpis,Cylinder,16,0.37890625,0.233984375,58.64120516614804,103.49583465800507
er_gpis,Cylinder,17,0.33984375,0.221484375,69.60619952530581,100.7703581325367
er_gpis,Cylinder,18,0.3359375,0.228125,62.250721540000484,91.99408539922857
er_gpis,Cylinder,19,0.3125,0.177734375,53.789789513226786,91.70909643903822
er_gpis,Cylinder,20,0.33203125,0.211328125,67.07018157485562,95.8956279789968
er_gpis,Cylinder,21,0.3359375,0.20390625,75.63082113358168,97.85985471860866
er_gpis,Cylinder,22,0.29296875,0.212109375,57.39432811775915,94.686723285575
er_gpis,L_Shaped,15,0.33203125,0.2171875,65.66975396714271,90.55032245576125
er_gpis,L_Shaped,16,0.28125,0.18828125,54.75946774854443,84.4728619466619
er_gpis,L_Shaped,17,0.33984375,0.214453125,59.10264872746247,98.84607820970015
er_gpis,L_Shaped,18,0.296875,0.2125,57.48614641304613,90.962081029238
er_gpis,L_Shaped,19,0.3515625,0.216015625,72.74095108893214,90.76580068395228
er_gpis,L_Shaped,20,0.35546875,0.227734375,56.613789562612965,95.40669531961765
er_gpis,L_Shaped,21,0.36328125,0.217578125,74.1206773042156,88.88997336805018
er_gpis,L_Shaped,22,0.24609375,0.173828125,54.91895321692614,75.3745501367263
er_gpis,Thin_Irregular,15,0.30078125,0.2046875,64.66321083250554,83.46494994245086
er_gpis,Thin_Irregular,16,0.34765625,0.223828125,64.83631016882268,100.1981747814349
er_gpis,Thin_Irregular,17,0.36328125,0.229296875,70.67311382955361,101.88452326334708
er_gpis,Thin_Irregular,18,0.3359375,0.21484375,64.86488948824453,102.16568390611205
er_gpis,Thin_Irregular,19,0.31640625,0.19765625,66.86585481222272,94.29164438691032
er_gpis,Thin_Irregular,20,0.390625,0.23203125,71.65437659193886,97.77419380481858
er_gpis,Thin_Irregular,21,0.37109375,0.200390625,60.871937250293094,97.32294478888949
er_gpis,Thin_Irregular,22,0.3671875,0.21875,82.00408552711244,98.00043911762947
er_gpis,green_Pepper,15,0.3359375,0.201953125,64.91700546819376,98.95888436354313
er_gpis,green_Pepper,16,0.34765625,0.214453125,60.282754523342284,91.35034853453912
er_gpis,green_Pepper,17,0.32421875,0.213671875,63.700000210348136,95.5054544510977
er_gpis,green_Pepper,18,0.38671875,0.234765625,76.39359261362223,101.85969851347494
er_gpis,green_Pepper,19,0.32421875,0.21484375,66.6886254314682,87.51775999427015
er_gpis,green_Pepper,20,0.34375,0.21328125,65.72614141826466,98.1161703395942
er_gpis,green_Pepper,21,0.3125,0.1984375,60.8721380105978,96.05192241638365
er_gpis,green_Pepper,22,0.3515625,0.2265625,64.87596105069167,96.63818600788498
pose_novelty,Bowl,15,0.39453125,0.23125,71.73060605917944,103.50595386434777
pose_novelty,Bowl,16,0.40234375,0.241015625,76.27730310897641,91.06004942388725
pose_novelty,Bowl,17,0.3828125,0.2265625,73.84277335754317,94.94804901659228
pose_novelty,Bowl,18,0.37109375,0.226953125,75.83446871614936,91.6514178759556
pose_novelty,Bowl,19,0.35546875,0.2109375,66.1535642384394,102.09009666828203
pose_novelty,Bowl,20,0.38671875,0.232421875,75.8618782615912,93.79851577507097
pose_novelty,Bowl,21,0.38671875,0.225390625,78.04649725987228,91.50684732854201
pose_novelty,Bowl,22,0.375,0.21953125,72.56667800017901,98.51526761426138
pose_novelty,Corner,15,0.41015625,0.240625,80.21077241529986,100.34299635645826
pose_novelty,Corner,16,0.3828125,0.2390625,69.82009100426058,101.18092858319075
pose_novelty,Corner,17,0.3828125,0.22109375,72.7722247309541,93.03801228852105
pose_novelty,Corner,18,0.36328125,0.229296875,62.27028457311063,101.80336112758097
pose_novelty,Corner,19,0.390625,0.230078125,73.70361109436892,104.1493007491001
pose_novelty,Corner,20,0.3984375,0.2421875,75.76014585314081,89.68249163469437
pose_novelty,Corner,21,0.40234375,0.230859375,85.35629749987078,96.29775418226276
pose_novelty,Corner,22,0.359375,0.225,76.1935809801524,96.2584786635589
pose_novelty,Cross,15,0.38671875,0.22890625,70.65065633284338,96.48827857698802
pose_novelty,Cross,16,0.37890625,0.226953125,66.85137391760642,96.36393482649966
pose_novelty,Cross,17,0.3671875,0.23359375,71.13126953605432,99.30751379634687
pose_novelty,Cross,18,0.390625,0.23515625,67.303128277565,95.62464855539126
pose_novelty,Cross,19,0.3828125,0.220703125,85.25832721149287,97.39347461128636
pose_novelty,Cross,20,0.39453125,0.234765625,69.81988880599332,100.96091350987022
pose_novelty,Cross,21,0.3828125,0.225,77.17169985909491,98.01455965537428
pose_novelty,Cross,22,0.37109375,0.219921875,75.3995192203335,101.33811391124921
pose_novelty,Cube,15,0.3828125,0.226953125,74.80259008808169,97.90824273536342
pose_novelty,Cube,16,0.359375,0.22578125,64.48468500058623,94.58950511087315
pose_novelty,Cube,17,0.40625,0.2375,78.89489050250668,101.50052731322259
pose_novelty,Cube,18,0.39453125,0.233203125,65.51067688884639,99.59722384871235
pose_novelty,Cube,19,0.390625,0.223046875,72.71273892244918,100.94715008580847
pose_novelty,Cube,20,0.390625,0.23046875,77.25737819146481,96.54596331654918
pose_novelty,Cube,21,0.3828125,0.234375,67.35103459503496,94.24101844502668
pose_novelty,Cube,22,0.40234375,0.233203125,80.8542844874587,102.11856655658876
pose_novelty,Cylinder,15,0.37890625,0.228125,75.41296984531749,94.18244507369087
pose_novelty,Cylinder,16,0.40625,0.23984375,66.86799756329073,103.72135017207128
pose_novelty,Cylinder,17,0.38671875,0.232421875,75.5043734567304,97.74780287476823
pose_novelty,Cylinder,18,0.36328125,0.233203125,71.61378206229877,97.78503147731145
pose_novelty,Cylinder,19,0.37890625,0.2203125,73.90573105279694,102.85503792772762
pose_novelty,Cylinder,20,0.38671875,0.230859375,79.81666276025479,96.23410887891944
pose_novelty,Cylinder,21,0.36328125,0.217578125,73.63583558898337,89.93622313005338
pose_novelty,Cylinder,22,0.3515625,0.21796875,65.36250553308193,94.29726750297833
pose_novelty,L_Shaped,15,0.375,0.221484375,71.94559441908441,95.59196975795476
pose_novelty,L_Shaped,16,0.390625,0.23359375,76.89050814120557,100.0810259150866
pose_novelty,L_Shaped,17,0.37109375,0.225390625,77.02011114824295,94.40263356034265
pose_novelty,L_Shaped,18,0.35546875,0.218359375,70.97287828988522,99.32074013736501
pose_novelty,L_Shaped,19,0.37109375,0.21796875,76.51928917207127,95.33231804703425
pose_novelty,L_Shaped,20,0.38671875,0.230078125,70.79387823736764,100.25176985396094
pose_novelty,L_Shaped,21,0.38671875,0.227734375,81.59570955496261,97.07702364917286
pose_novelty,L_Shaped,22,0.375,0.2171875,80.98080939464566,99.43521287521365
pose_novelty,Thin_Irregular,15,0.3984375,0.233984375,78.00044544832278,99.22497231807502
pose_novelty,Thin_Irregular,16,0.38671875,0.230078125,71.80380991259145,99.22162378722805
pose_novelty,Thin_Irregular,17,0.41015625,0.233984375,77.8861858856633,103.82521539209908
pose_novelty,Thin_Irregular,18,0.40625,0.23515625,75.48172160751415,102.13233798220332
pose_novelty,Thin_Irregular,19,0.375,0.219140625,75.38470334086756,101.23326367084198
pose_novelty,Thin_Irregular,20,0.390625,0.23203125,71.65437659193886,97.77419380481858
pose_novelty,Thin_Irregular,21,0.390625,0.22265625,77.99873180589655,99.84249539604029
pose_novelty,Thin_Irregular,22,0.359375,0.22265625,77.81631138390675,90.3763612379772
pose_novelty,green_Pepper,15,0.390625,0.226953125,82.25980437388164,99.36103330283612
pose_novelty,green_Pepper,16,0.3515625,0.21640625,66.41960018295123,101.11341416406417
pose_novelty,green_Pepper,17,0.39453125,0.232421875,75.75357532179947,96.03987090204012
pose_novelty,green_Pepper,18,0.40625,0.23984375,77.01706110529928,100.47833962308972
pose_novelty,green_Pepper,19,0.36328125,0.21875,76.77699708011541,96.44181148402369
pose_novelty,green_Pepper,20,0.3515625,0.225,64.19018950341459,96.59137736756443
pose_novelty,green_Pepper,21,0.38671875,0.230078125,74.38004586880025,85.35834343942089
pose_novelty,green_Pepper,22,0.38671875,0.230078125,70.82758610060161,104.19725558777749
ray_gpis,Bowl,15,0.34375,0.226953125,57.00970435424112,96.00502190430072
ray_gpis,Bowl,16,0.2890625,0.19765625,50.69123622965937,66.035176470599
ray_gpis,Bowl,17,0.1796875,0.146875,19.18538984222845,30.029242530889793
ray_gpis,Bowl,18,0.10546875,0.095703125,6.702232989739524,14.195005918568517
ray_gpis,Bowl,19,0.1796875,0.141796875,36.33297286683403,51.10473665932792
ray_gpis,Bowl,20,0.23828125,0.191015625,46.07430235121437,65.2627389813525
ray_gpis,Bowl,21,0.265625,0.18046875,59.97624390952393,82.28897509985293
ray_gpis,Bowl,22,0.328125,0.20625,65.73615011079906,92.57201562268031
ray_gpis,Corner,15,0.41015625,0.240625,80.21077241529986,100.34299635645826
ray_gpis,Corner,16,0.359375,0.22578125,66.30704261387223,97.1512372261486
ray_gpis,Corner,17,0.33203125,0.213671875,63.60080082459571,94.3250634980032
ray_gpis,Corner,18,0.37890625,0.230859375,66.87787970124845,102.98736105343625
ray_gpis,Corner,19,0.390625,0.230078125,73.70361109436892,104.1493007491001
ray_gpis,Corner,20,0.3359375,0.215625,67.40337520579007,102.44216953189091
ray_gpis,Corner,21,0.31640625,0.208984375,67.57091559428383,99.46033352093794
ray_gpis,Corner,22,0.359375,0.225,75.21070793417064,93.41928044967668
ray_gpis,Cross,15,0.33984375,0.22421875,63.208914885260015,98.59913915356542
ray_gpis,Cross,16,0.37890625,0.227734375,65.73462960758368,99.32822456595038
ray_gpis,Cross,17,0.34375,0.2296875,68.83369463079269,92.99255656157939
ray_gpis,Cross,18,0.3359375,0.21953125,64.24837329602727,94.67536606340767
ray_gpis,Cross,19,0.34375,0.218359375,74.81633166802155,95.00260374367976
ray_gpis,Cross,20,0.33984375,0.225390625,58.2884968493121,103.22390023376188
ray_gpis,Cross,21,0.3359375,0.21953125,68.09973438333833,94.52645871259583
ray_gpis,Cross,22,0.37109375,0.219921875,75.3995192203335,101.33811391124921
ray_gpis,Cube,15,0.39453125,0.228125,80.03176382341344,100.37672465784426
ray_gpis,Cube,16,0.3515625,0.21796875,63.47046697622818,96.9549005070792
ray_gpis,Cube,17,0.375,0.23203125,72.89146858284104,103.79653316201505
ray_gpis,Cube,18,0.32421875,0.221484375,52.16677622393504,95.33820444926549
ray_gpis,Cube,19,0.34765625,0.2234375,65.16588553655048,99.81157836357944
ray_gpis,Cube,20,0.38671875,0.230859375,79.30540967015324,103.28673599539866
ray_gpis,Cube,21,0.3671875,0.2328125,63.35822100207041,98.89928309073042
ray_gpis,Cube,22,0.3359375,0.2140625,66.33805855099607,101.85685528302564
ray_gpis,Cylinder,15,0.375,0.226953125,76.25753942108655,101.05449440395518
ray_gpis,Cylinder,16,0.328125,0.22265625,52.12850109193239,94.59656441212292
ray_gpis,Cylinder,17,0.3125,0.21875,66.08888035968201,91.08634608097057
ray_gpis,Cylinder,18,0.37109375,0.233984375,73.16454738349049,102.69357652246886
ray_gpis,Cylinder,19,0.3515625,0.217578125,65.84655196234299,100.48488149484264
ray_gpis,Cylinder,20,0.3203125,0.2125,65.7289376937284,85.51700032417726
ray_gpis,Cylinder,21,0.3359375,0.20390625,75.63082113358168,97.85985471860866
ray_gpis,Cylinder,22,0.34375,0.2171875,64.45303340779294,97.21837987838485
ray_gpis,L_Shaped,15,0.35546875,0.2125,69.65949619265244,96.78493746939053
ray_gpis,L_Shaped,16,0.36328125,0.226953125,72.72810039416503,96.8166231863224
ray_gpis,L_Shaped,17,0.375,0.22109375,78.88802376713943,96.41110223865795
ray_gpis,L_Shaped,18,0.38671875,0.228515625,74.89678914680593,102.60896798579135
ray_gpis,L_Shaped,19,0.37109375,0.21953125,74.3361039543415,95.20759846145037
ray_gpis,L_Shaped,20,0.30078125,0.174609375,55.11483433673535,99.82781116659193
ray_gpis,L_Shaped,21,0.3359375,0.20859375,72.69568250000636,98.81176864846277
ray_gpis,L_Shaped,22,0.36328125,0.214453125,75.56118753600805,101.05508609187102
ray_gpis,Thin_Irregular,15,0.359375,0.223046875,69.68953855417321,93.92222936630922
ray_gpis,Thin_Irregular,16,0.375,0.2265625,72.38642572941129,102.22025289594953
ray_gpis,Thin_Irregular,17,0.40234375,0.232421875,75.06308072528032,103.20445444270459
ray_gpis,Thin_Irregular,18,0.3359375,0.21484375,64.86488948824453,102.16568390611205
ray_gpis,Thin_Irregular,19,0.37890625,0.22109375,70.493570434632,97.0164616428419
ray_gpis,Thin_Irregular,20,0.3515625,0.228125,64.28365589041869,95.70017945300505
ray_gpis,Thin_Irregular,21,0.38671875,0.223828125,75.97854120162634,101.17661565939311
ray_gpis,Thin_Irregular,22,0.375,0.21953125,84.40145846380312,101.6696802982498
ray_gpis,green_Pepper,15,0.3359375,0.201953125,64.91700546819376,98.95888436354313
ray_gpis,green_Pepper,16,0.3515625,0.21640625,66.41960018295123,101.11341416406417
ray_gpis,green_Pepper,17,0.35546875,0.219921875,73.39816569615768,100.74002158794325
ray_gpis,green_Pepper,18,0.38671875,0.234765625,76.39359261362223,101.85969851347494
ray_gpis,green_Pepper,19,0.359375,0.218359375,74.79077070339564,93.84441587529612
ray_gpis,green_Pepper,20,0.3828125,0.234375,73.65645107413852,101.80684339598663
ray_gpis,green_Pepper,21,0.3125,0.1984375,60.8721380105978,96.05192241638365
ray_gpis,green_Pepper,22,0.34375,0.2171875,63.04837475617113,98.1459806136611
ray_gpis_hit_only,Bowl,15,0.23046875,0.16796875,30.10896318198565,59.85684921301924
ray_gpis_hit_only,Bowl,16,0.25,0.1953125,50.485784492529554,58.166585234426975
ray_gpis_hit_only,Bowl,17,0.27734375,0.185546875,41.82258631622208,75.937296208546
ray_gpis_hit_only,Bowl,18,0.3671875,0.22734375,78.60697793932964,95.53461026485823
ray_gpis_hit_only,Bowl,19,0.37890625,0.22265625,54.03931721437459,87.2213883915827
ray_gpis_hit_only,Bowl,20,0.33203125,0.217578125,57.52233358270132,83.3731961493993
ray_gpis_hit_only,Bowl,21,0.375,0.2203125,59.40865743434007,93.17605516530503
ray_gpis_hit_only,Bowl,22,0.32421875,0.208984375,50.80056642281797,87.00101680771554
ray_gpis_hit_only,Corner,15,0.390625,0.238671875,76.80957315995519,98.84496351239856
ray_gpis_hit_only,Corner,16,0.37890625,0.219921875,57.17144619703847,90.27924011277483
ray_gpis_hit_only,Corner,17,0.33203125,0.213671875,63.60080082459571,94.3250634980032
ray_gpis_hit_only,Corner,18,0.38671875,0.237890625,65.7994178551301,90.8600043761889
ray_gpis_hit_only,Corner,19,0.3046875,0.213671875,55.58604426940324,96.87656463900979
ray_gpis_hit_only,Corner,20,0.3359375,0.215625,67.40337520579007,102.44216953189091
ray_gpis_hit_only,Corner,21,0.31640625,0.208984375,67.57091559428383,99.46033352093794
ray_gpis_hit_only,Corner,22,0.359375,0.225,75.21070793417064,93.41928044967668
ray_gpis_hit_only,Cross,15,0.375,0.216015625,57.059297415074,90.28732697787068
ray_gpis_hit_only,Cross,16,0.37109375,0.226953125,64.33148446388682,96.65835172011877
ray_gpis_hit_only,Cross,17,0.3984375,0.23125,70.25314912439777,103.95678375658255
ray_gpis_hit_only,Cross,18,0.3359375,0.21953125,64.24837329602727,94.67536606340767
ray_gpis_hit_only,Cross,19,0.34375,0.218359375,74.81633166802155,95.00260374367976
ray_gpis_hit_only,Cross,20,0.33984375,0.225390625,58.2884968493121,103.22390023376188
ray_gpis_hit_only,Cross,21,0.3359375,0.21953125,68.09973438333833,94.52645871259583
ray_gpis_hit_only,Cross,22,0.37109375,0.219921875,75.3995192203335,101.33811391124921
ray_gpis_hit_only,Cube,15,0.40234375,0.23828125,57.20710500417025,97.91335389761089
ray_gpis_hit_only,Cube,16,0.26953125,0.198828125,53.786190200649834,97.09752305899094
ray_gpis_hit_only,Cube,17,0.375,0.23203125,72.89146858284104,103.79653316201505
ray_gpis_hit_only,Cube,18,0.32421875,0.221484375,52.16677622393504,95.33820444926549
ray_gpis_hit_only,Cube,19,0.3515625,0.212109375,68.97954308791816,102.04851246441423
ray_gpis_hit_only,Cube,20,0.38671875,0.230859375,79.30540967015324,103.28673599539866
ray_gpis_hit_only,Cube,21,0.3671875,0.2328125,63.35822100207041,98.89928309073042
ray_gpis_hit_only,Cube,22,0.3359375,0.2140625,66.33805855099607,101.85685528302564
ray_gpis_hit_only,Cylinder,15,0.34765625,0.215625,70.38738850913462,89.33162105387338
ray_gpis_hit_only,Cylinder,16,0.34765625,0.226171875,52.39573811165267,93.33089557468027
ray_gpis_hit_only,Cylinder,17,0.40625,0.23515625,73.52135862143405,99.42083139641335
ray_gpis_hit_only,Cylinder,18,0.37109375,0.233984375,73.16454738349049,102.69357652246886
ray_gpis_hit_only,Cylinder,19,0.375,0.208203125,65.55172744648034,95.6630716859626
ray_gpis_hit_only,Cylinder,20,0.2890625,0.209375,60.77406483063504,82.22726503548998
ray_gpis_hit_only,Cylinder,21,0.36328125,0.217578125,73.63583558898337,89.93622313005338
ray_gpis_hit_only,Cylinder,22,0.34375,0.2171875,64.45303340779294,97.21837987838485
ray_gpis_hit_only,L_Shaped,15,0.35546875,0.2125,69.65949619265244,96.78493746939053
ray_gpis_hit_only,L_Shaped,16,0.3515625,0.2296875,55.482092246562786,90.7954416072625
ray_gpis_hit_only,L_Shaped,17,0.3359375,0.20703125,67.838713596741,88.09413509493059
ray_gpis_hit_only,L_Shaped,18,0.38671875,0.228515625,74.89678914680593,102.60896798579135
ray_gpis_hit_only,L_Shaped,19,0.3515625,0.213671875,67.03258647851645,96.23150013879504
ray_gpis_hit_only,L_Shaped,20,0.33984375,0.188671875,63.268299838984355,94.31210495835619
ray_gpis_hit_only,L_Shaped,21,0.34765625,0.197265625,69.80323176965204,92.72656690618867
ray_gpis_hit_only,L_Shaped,22,0.33203125,0.208984375,61.86716055990316,88.76424146922791
ray_gpis_hit_only,Thin_Irregular,15,0.359375,0.223046875,69.68953855417321,93.92222936630922
ray_gpis_hit_only,Thin_Irregular,16,0.37890625,0.229296875,68.6447926496525,103.61371889281956
ray_gpis_hit_only,Thin_Irregular,17,0.33984375,0.223828125,60.61378774868937,99.61046533521606
ray_gpis_hit_only,Thin_Irregular,18,0.359375,0.20546875,65.29968518587246,99.45563094240772
ray_gpis_hit_only,Thin_Irregular,19,0.32421875,0.1984375,64.66902118200645,99.46533781618203
ray_gpis_hit_only,Thin_Irregular,20,0.3984375,0.23203125,69.52867701555026,101.88754468472054
ray_gpis_hit_only,Thin_Irregular,21,0.38671875,0.223828125,75.97854120162634,101.17661565939311
ray_gpis_hit_only,Thin_Irregular,22,0.34765625,0.221484375,73.47496639721996,96.41192464901502
ray_gpis_hit_only,green_Pepper,15,0.34765625,0.203125,69.52946581482077,102.22816179045738
ray_gpis_hit_only,green_Pepper,16,0.38671875,0.229296875,67.95289710453693,101.24905871141733
ray_gpis_hit_only,green_Pepper,17,0.28125,0.1953125,57.94549350624793,90.08742017470558
ray_gpis_hit_only,green_Pepper,18,0.37109375,0.230859375,65.91370479601164,101.3457387249956
ray_gpis_hit_only,green_Pepper,19,0.359375,0.218359375,74.79077070339564,93.84441587529612
ray_gpis_hit_only,green_Pepper,20,0.4140625,0.24296875,81.01694773016345,101.99152699855323
ray_gpis_hit_only,green_Pepper,21,0.27734375,0.203515625,56.12928290096558,87.31687781629398
ray_gpis_hit_only,green_Pepper,22,0.38671875,0.230078125,70.82758610060161,104.19725558777749
