scenario,planner,object,initial_pose_seed,f@5_auc,recall@5_auc,target_recall@5_auc,final_target_recall@5,target_surface_point_count,target_first_25_step,post_outlier_oracle_regret,post_outlier_f@5_auc,post_outlier_unique_gain,ghost_ratio,miss_direction_selection_rate,planning_time_s,mean_visibility_ratio,mean_pose_error_deg,mean_translation_error_mm,cuda_steps,states,actions,gain_consistency_error,scheduled_outlier_events
hole,er_gpis,Bowl,15,0.6876370904282648,0.5556166666666666,0.46526412899602904,0.8239942240584012,24931,2,0.010238187571052354,0.7607044361565232,0.12973333333333334,nan,0.0,0.09622711959236767,0.6498488419740082,0.0,0.0,5,6,5,0.0,0
hole,er_gpis,Bowl,16,0.7275330892544567,0.5904933333333333,0.40933698735516133,0.7699408625414683,20799,2,0.03151640176489934,0.776410838453111,0.10435000000000001,nan,0.0,0.09358880320214666,0.6498625972417816,0.0,0.0,5,6,5,0.0,0
hole,er_gpis,Bowl,17,0.7569803392067848,0.6297933333333333,0.516427918317586,0.7502068184786869,22967,1,0.02084276818215902,0.8182198749173573,0.08339999999999999,nan,0.0,0.10634020598954522,0.650035667717885,0.0,0.0,5,6,5,0.0,0
hole,er_gpis,Bowl,18,0.7293621850928222,0.6035400000000001,0.46145347520941815,0.842019470228662,22085,2,0.03433832151814015,0.7885496939527198,0.12183333333333335,nan,0.0,0.10954700000584125,0.6500183202880481,0.0,0.0,5,6,5,0.0,0
hole,er_gpis,Bowl,19,0.7292739497947908,0.5873433333333334,0.45574166886485534,0.5970720126615668,22746,1,0.048451675853416254,0.7800179535213188,0.04960833333333334,nan,0.0,0.0953196916001616,0.650040928518037,0.0,0.0,5,6,5,0.0,0
hole,er_gpis,Bowl,20,0.7623449710893337,0.63087,0.48531188993213725,0.6494375755322116,21514,1,0.030077020091794193,0.8139018358595521,0.060850000000000015,nan,0.0,0.09326629519637208,0.64996170838508,0.0,0.0,5,6,5,0.0,0
hole,er_gpis,Bowl,21,0.803791768392971,0.69444,0.582282980177717,0.858965595807701,21945,1,0.003948788879782034,0.8647707145550055,0.09065000000000001,nan,0.0,0.10303081280144397,0.6500517257786629,0.0,0.0,5,6,5,0.0,0
hole,er_gpis,Bowl,22,0.7744659301768134,0.6683600000000001,0.563284302963776,0.921888035126235,22775,2,0.006580510030412823,0.8461218994275397,0.131175,nan,0.0,0.09506136479903944,0.649925986269844,0.0,0.0,5,6,5,0.0,0
hole,er_gpis,Corner,15,0.8602781992873656,0.7812266666666666,0.6816607653877867,0.952999951496338,20617,1,0.0014617638406554112,0.9221981776577858,0.09234166666666666,nan,0.0,0.09075068659731186,0.6498780339767221,0.0,0.0,5,6,5,0.0,0
hole,er_gpis,Corner,16,0.7844395829241865,0.6714033333333334,0.5418339840118981,0.8967744934002603,21516,1,0.036772914301738985,0.8432096400233495,0.10896666666666668,nan,0.0,0.08291451599798165,0.6499212329713523,0.0,0.0,5,6,5,0.0,0
hole,er_gpis,Corner,17,0.7701496039490214,0.6696233333333332,0.5791737432065218,0.9561396059782609,23552,2,9.056029926246545e-05,0.8526804810267479,0.152125,nan,0.0,0.09189189979806542,0.649933901208926,0.0,0.0,5,6,5,0.0,0
hole,er_gpis,Corner,18,0.7511234745852795,0.62579,0.5188247396168187,0.8115811581158116,23331,1,0.022546787028097703,0.8148026825470853,0.09865000000000002,nan,0.0,0.0933368053927552,0.6499952569676323,0.0,0.0,5,6,5,0.0,0
hole,er_gpis,Corner,19,0.7371399720924539,0.6211266666666667,0.5230898334242436,0.9209919019846431,23833,2,0.0,0.8106056925667666,0.14054166666666668,nan,0.0,0.0892848363990197,0.6502532503511387,0.0,0.0,5,6,5,0.0,0
hole,er_gpis,Corner,20,0.7728762371903617,0.6560966666666668,0.5327914138212119,0.7816773842949009,22082,2,0.0032760885791997263,0.8390464275940351,0.10300000000000001,nan,0.0,0.09019290119467768,0.6498260057160047,0.0,0.0,5,6,5,0.0,0
hole,er_gpis,Corner,21,0.8069401857140874,0.7126666666666666,0.6352866511529511,0.8798815316268246,23635,1,0.0013359222103876967,0.884808314892685,0.10845833333333332,nan,0.0,0.08680420480086468,0.6500941754732408,0.0,0.0,5,6,5,0.0,0
hole,er_gpis,Corner,22,0.8132615408721726,0.71621,0.6184421637610361,0.9107246896428092,22313,1,0.0061697983181117355,0.8800834776885091,0.10345833333333332,nan,0.0,0.08575889779895078,0.6500616075198898,0.0,0.0,5,6,5,0.0,0
hole,er_gpis,Cross,15,0.7700919781872979,0.6589633333333333,0.539761583445794,0.92204228520018,22230,2,0.00030449561635045863,0.8376932330110407,0.13146666666666668,nan,0.0,0.09310415939544328,0.6501318317951436,0.0,0.0,5,6,5,0.0,0
hole,er_gpis,Cross,16,0.7944445502780786,0.6923600000000001,0.5929488593743105,0.8986453691038256,22663,1,0.008272456242887694,0.8650444905753737,0.11555833333333333,nan,0.0,0.09511632419307717,0.6500543100533124,0.0,0.0,5,6,5,0.0,0
hole,er_gpis,Cross,17,0.758307322641713,0.6474866666666668,0.5682452845594839,0.8768678043602515,24494,1,0.00890973687834587,0.8389549221465096,0.12733333333333333,nan,0.0,0.09414873360365164,0.6499091272253189,0.0,0.0,5,6,5,0.0,0
hole,er_gpis,Cross,18,0.8220215610587427,0.7258933333333334,0.6242883903687121,0.9072965687394343,21887,1,0.009663845885574812,0.8884168047829355,0.10224166666666668,nan,0.0,0.09220272419916001,0.6499129492069255,0.0,0.0,5,6,5,0.0,0
hole,er_gpis,Cross,19,0.8030763412158057,0.7063,0.6306279869204326,0.9154020290098097,23854,1,0.0020889393497431907,0.8799789129154295,0.112575,nan,0.0,0.08291844159830361,0.649880784964721,0.0,0.0,5,6,5,0.0,0
hole,er_gpis,Cross,20,0.7632238978941748,0.6474233333333334,0.5311064810710169,0.9122705913644826,22558,2,0.012902696909677852,0.8321364276414064,0.13198333333333334,nan,0.0,0.08575275460316334,0.6497222702347294,0.0,0.0,5,6,5,0.0,0
hole,er_gpis,Cross,21,0.8000629372757991,0.6969466666666666,0.6027442754763153,0.8654955427372837,22884,1,0.0024762587029084904,0.8713258804764787,0.1049,nan,0.0,0.09359865560254547,0.650248876104215,0.0,0.0,5,6,5,0.0,0
hole,er_gpis,Cross,22,0.7976046528696493,0.6996133333333334,0.6150533959846219,0.8936351986330628,23410,1,0.005419834695606446,0.8736870804386621,0.11525833333333334,nan,0.0,0.08605743940279353,0.6502591951177908,0.0,0.0,5,6,5,0.0,0
hole,er_gpis,Cube,15,0.7881029405982858,0.6733566666666666,0.5476689438700147,0.8848319793205317,21664,1,0.006307549221711478,0.8463155359778538,0.10167499999999999,nan,0.0,0.18385825199948158,0.6500872020312665,0.0,0.0,5,6,5,0.0,0
hole,er_gpis,Cube,16,0.8146801530038456,0.7105833333333333,0.5791769667005962,0.8844942077456255,20631,1,0.01013304608250748,0.8746342400361831,0.103125,nan,0.0,0.10542448859487194,0.6499129999440721,0.0,0.0,5,6,5,0.0,0
hole,er_gpis,Cube,17,0.8214358497415741,0.7316833333333334,0.658470872756587,0.9555348126776698,23569,1,0.008851116790950103,0.8967449124631104,0.11035833333333334,nan,0.0,0.100971971207764,0.6501248969199175,0.0,0.0,5,6,5,0.0,0
hole,er_gpis,Cube,18,0.7076560639537385,0.5816666666666667,0.4397821623069369,0.8923310418712614,22402,2,0.01413048016438942,0.7694995446199969,0.1428833333333333,nan,0.0,0.09215725779940839,0.6499127284975276,0.0,0.0,5,6,5,0.0,0
hole,er_gpis,Cube,19,0.7568770375249195,0.64031,0.5422158102431366,0.8859846395383375,23567,1,0.0,0.8287070177197722,0.12398333333333333,nan,0.0,0.08536041400511749,0.6498948833642111,0.0,0.0,5,6,5,0.0,0
hole,er_gpis,Cube,20,0.8362465132029413,0.7521533333333332,0.6740289346777729,0.9492327926348093,22810,1,0.0026511210187496748,0.9093129186571498,0.10535,nan,0.0,0.09353641119960229,0.6498469056309061,0.0,0.0,5,6,5,0.0,0
hole,er_gpis,Cube,21,0.7836750963710515,0.6742100000000001,0.5609146861943484,0.8573610674333977,22259,1,0.0015425132387784368,0.8512513294025964,0.112125,nan,0.0,0.0953010065946728,0.6500644939688863,0.0,0.0,5,6,5,0.0,0
hole,er_gpis,Cube,22,0.7626200714134113,0.6496799999999999,0.5572854795905472,0.9393824508193268,23739,1,0.023526985748130447,0.834970736765718,0.13058333333333333,nan,0.0,0.09270640859904233,0.6499963395682314,0.0,0.0,5,6,5,0.0,0
hole,er_gpis,Cylinder,15,0.8124746107575527,0.7091566666666667,0.6070038735249076,0.857715521124223,22202,1,0.0004257434895905965,0.8764209124888698,0.08883333333333335,nan,0.0,0.08990752780227922,0.6501473735377218,0.0,0.0,5,6,5,0.0,0
hole,er_gpis,Cylinder,16,0.7978787045314363,0.6948333333333332,0.5890749135957629,0.9016562682346605,22279,1,0.007927862291960297,0.8673977688126608,0.11671666666666668,nan,0.0,0.0881866350013297,0.6499870614302026,0.0,0.0,5,6,5,0.0,0
hole,er_gpis,Cylinder,17,0.7747623178297397,0.67505,0.6031064245582607,0.8715495480824037,24562,1,0.002223204066603257,0.8600843630485528,0.126475,nan,0.0,0.08791520700324326,0.6497935497714646,0.0,0.0,5,6,5,0.0,0
hole,er_gpis,Cylinder,18,0.7988349667287146,0.6936866666666667,0.5900700361332918,0.8700539768925369,22417,1,0.013430515989358155,0.8664181844338441,0.1044,nan,0.0,0.0884800414001802,0.6499044882622116,0.0,0.0,5,6,5,0.0,0
hole,er_gpis,Cylinder,19,0.7111369558158669,0.5909000000000001,0.4695781830754603,0.9076411098625637,23138,2,0.0,0.7832370177834751,0.1547083333333333,nan,0.0,0.09425689260242506,0.6499736917069625,0.0,0.0,5,6,5,0.0,0
hole,er_gpis,Cylinder,20,0.815392694640465,0.7158499999999999,0.6150695447976878,0.8670971820809249,22144,1,0.009253799071346158,0.8825983303949028,0.09721666666666667,nan,0.0,0.1081130994047271,0.6502300319891161,0.0,0.0,5,6,5,0.0,0
hole,er_gpis,Cylinder,21,0.8116574521078462,0.7098566666666667,0.5993233290370098,0.8982231633216718,21724,1,0.004490441051476224,0.8764352462422722,0.10488333333333333,nan,0.0,0.09059742098907009,0.6498809210128345,0.0,0.0,5,6,5,0.0,0
hole,er_gpis,Cylinder,22,0.8040591265748056,0.7122233333333333,0.6357160941851634,0.947843699890286,23698,1,4.34319611526679e-05,0.883656943113345,0.12628333333333333,nan,0.0,0.0925891655992018,0.6501710190647211,0.0,0.0,5,6,5,0.0,0
hole,er_gpis,L_Shaped,15,0.7997109512363572,0.6935866666666667,0.5997474087623029,0.8237958365995993,22962,1,0.00959612172494867,0.8675283873543878,0.08838333333333334,nan,0.0,0.09993585639167576,0.6498665174769754,0.0,0.0,5,6,5,0.0,0
hole,er_gpis,L_Shaped,16,0.79739381381848,0.6967300000000001,0.6030497382198952,0.8864310645724258,22920,1,0.003608784753928951,0.8719183022655921,0.11685,nan,0.0,0.10293529499613215,0.6500260625727378,0.0,0.0,5,6,5,0.0,0
hole,er_gpis,L_Shaped,17,0.7602209193531144,0.6515866666666666,0.5704963839579225,0.9415680473372781,24336,2,0.0069475338672325415,0.8409170653903254,0.14159166666666667,nan,0.0,0.10053363119950517,0.6503200628439944,0.0,0.0,5,6,5,0.0,0
hole,er_gpis,L_Shaped,18,0.8335222251997395,0.7464766666666667,0.6541448774498658,0.9065072074939748,21991,1,0.002984277164048116,0.903802818735167,0.10310833333333333,nan,0.0,0.0942210957990028,0.64985714487279,0.0,0.0,5,6,5,0.0,0
hole,er_gpis,L_Shaped,19,0.8227569080484436,0.7312366666666666,0.6402025971707795,0.9174438841536883,22409,1,0.00515479504170227,0.8946953366290451,0.10971666666666667,nan,0.0,0.09067689899238758,0.6499822170758973,0.0,0.0,5,6,5,0.0,0
hole,er_gpis,L_Shaped,20,0.7118050152556636,0.58507,0.464811389737193,0.8470041722224612,23249,2,0.03280038906312727,0.7837730871216316,0.14126666666666665,nan,0.0,0.09007220859639346,0.6502956427127137,0.0,0.0,5,6,5,0.0,0
hole,er_gpis,L_Shaped,21,0.815790349951051,0.71204,0.5759265622698935,0.8297088999067301,20371,1,0.008107990146599048,0.8755748057463407,0.09589999999999999,nan,0.0,0.10520911639905535,0.6499781345657006,0.0,0.0,5,6,5,0.0,0
hole,er_gpis,L_Shaped,22,0.7847903389958548,0.6742533333333334,0.5887210134253609,0.7869197424350827,23761,1,0.021464909193632697,0.8562672194746462,0.08649166666666668,nan,0.0,0.08960768680553884,0.6501664161020696,0.0,0.0,5,6,5,0.0,0
hole,er_gpis,Thin_Irregular,15,0.7913986305841098,0.6797266666666667,0.57213216957606,0.7959565372283577,22456,1,0.01161165372401532,0.856836675728226,0.0894,nan,0.0,0.09851127480214927,0.6500306686085678,0.0,0.0,5,6,5,0.0,0
hole,er_gpis,Thin_Irregular,16,0.8033403112394977,0.7061666666666666,0.6243181043300374,0.8938799863620867,23464,1,0.011068885184035981,0.8796825272949813,0.1121,nan,0.0,0.10248618260375224,0.6500443718820191,0.0,0.0,5,6,5,0.0,0
hole,er_gpis,Thin_Irregular,17,0.7535895381644264,0.63576,0.5049741777656973,0.9772583129473589,22074,2,0.0,0.8164605181187548,0.14215,nan,0.0,0.11984699040476698,0.650112361968186,0.0,0.0,5,6,5,0.0,0
hole,er_gpis,Thin_Irregular,18,0.7165232450497282,0.59108,0.5094333586595753,0.798336465789579,25007,2,0.0050691695842264295,0.7935407263307621,0.11748333333333333,nan,0.0,0.0991894934035372,0.6501304088487186,0.0,0.0,5,6,5,0.0,0
hole,er_gpis,Thin_Irregular,19,0.7687152439911017,0.6491733333333334,0.5146730609609886,0.7960896430877064,21686,2,0.02789667319277425,0.8325608910812423,0.10786666666666667,nan,0.0,0.09326061220199336,0.6500097781018095,0.0,0.0,5,6,5,0.0,0
hole,er_gpis,Thin_Irregular,20,0.7748366512291702,0.6725900000000001,0.5740176945094978,0.9190302714892878,23058,2,9.940256638804601e-05,0.8512376088142801,0.1365833333333333,nan,0.0,0.09424099119496532,0.6500623032714109,0.0,0.0,5,6,5,0.0,0
hole,er_gpis,Thin_Irregular,21,0.666289461551435,0.5418533333333333,0.4357104733752104,0.892145994991173,24357,2,0.0,0.7407541791263921,0.16160833333333333,nan,0.0,0.09405104820034467,0.6500430508430294,0.0,0.0,5,6,5,0.0,0
hole,er_gpis,Thin_Irregular,22,0.7659063381581547,0.6511433333333334,0.5410384598517739,0.8592290488093672,22803,2,0.0072268468957415455,0.8354038170955846,0.118925,nan,0.0,0.09564210220123641,0.6499434277829171,0.0,0.0,5,6,5,0.0,0
hole,er_gpis,green_Pepper,15,0.7676134455692891,0.6516966666666667,0.5412206366630077,0.9001536772777168,22775,2,0.009964427004348048,0.8364164913603361,0.12476666666666668,nan,0.0,0.10257832640199922,0.6501641774660697,0.0,0.0,5,6,5,0.0,0
hole,er_gpis,green_Pepper,16,0.7834655032280236,0.6763633333333333,0.5922773275101836,0.8607483307437114,23813,1,0.006634368669848317,0.8570702962345276,0.10575833333333333,nan,0.0,0.10153726239514071,0.6502034094241408,0.0,0.0,5,6,5,0.0,0
hole,er_gpis,green_Pepper,17,0.7875021248912681,0.6908166666666666,0.6228398324726548,0.9208717927865653,24593,1,0.006403891633291886,0.8690311483945736,0.12215833333333334,nan,0.0,0.09454369579616469,0.6501222757975301,0.0,0.0,5,6,5,0.0,0
hole,er_gpis,green_Pepper,18,0.8201541621877588,0.7270200000000001,0.6286763705618283,0.9244093774089693,22053,1,0.00044006695966153364,0.8901952000519626,0.11265833333333333,nan,0.0,0.09834565140190535,0.6498892624136544,0.0,0.0,5,6,5,0.0,0
hole,er_gpis,green_Pepper,19,0.7799078337083005,0.6720633333333333,0.5755597739333018,0.8836878208723413,23179,1,0.011411700752854637,0.8532962595855249,0.119825,nan,0.0,0.09196563760051504,0.6500428438185483,0.0,0.0,5,6,5,0.0,0
hole,er_gpis,green_Pepper,20,0.793060214406611,0.68662,0.5878025254296737,0.8971413539109084,22808,1,0.01860932432076945,0.8633160752046192,0.11352499999999999,nan,0.0,0.08865574540395756,0.6498824761056292,0.0,0.0,5,6,5,0.0,0
hole,er_gpis,green_Pepper,21,0.8105646460087235,0.7022299999999999,0.574760748464505,0.8094557920297101,21003,1,0.005269771875952511,0.8685930414317784,0.08336666666666667,nan,0.0,0.08676641579950228,0.6499172012251627,0.0,0.0,5,6,5,0.0,0
hole,er_gpis,green_Pepper,22,0.7910979968475703,0.6839433333333333,0.5822855632406714,0.8525926252257808,22699,1,0.022976024292070046,0.8595498400751006,0.103625,nan,0.0,0.09273858759843279,0.6498324107585892,0.0,0.0,5,6,5,0.0,0
hole,pose_novelty,Bowl,15,0.7011889601703698,0.57838,0.49265572981428746,0.911154787212707,24931,2,0.0,0.7776442733341543,0.14784166666666668,nan,0.0,0.00021844880538992583,0.6498200704405085,0.0,0.0,0,6,5,0.0,0
hole,pose_novelty,Bowl,16,0.7779117709878036,0.6584933333333334,0.5074186258954757,0.8535987307082071,20799,2,0.0035841793254276777,0.8346203717367813,0.10893333333333333,nan,0.0,0.00022121519141364842,0.6503229898503227,0.0,0.0,0,6,5,0.0,0
hole,pose_novelty,Bowl,17,0.7676000065510352,0.6465266666666667,0.5382853659598554,0.832760047023991,22967,1,0.0049843080719876864,0.8314944590976704,0.0992,nan,0.0,0.00021859340195078402,0.6499428081411255,0.0,0.0,0,6,5,0.0,0
hole,pose_novelty,Bowl,18,0.7641240251617354,0.6372933333333333,0.5073035997283224,0.6905139234774734,22085,1,0.027673549255331192,0.8228375013263871,0.07511666666666666,nan,0.0,0.00021612380223814398,0.6500646696663471,0.0,0.0,0,6,5,0.0,0
hole,pose_novelty,Bowl,19,0.7637708171242774,0.6383533333333333,0.5230194319880418,0.8254638178141211,22746,1,0.0018270055366187143,0.8231390376831771,0.09290000000000001,nan,0.0,0.000237433600705117,0.6501181642641378,0.0,0.0,0,6,5,0.0,0
hole,pose_novelty,Bowl,20,0.795373736145873,0.6832833333333334,0.5583945337919495,0.8342009854048527,21514,1,0.016227168556183696,0.8551877921802263,0.09398333333333334,nan,0.0,0.0003564679995179176,0.6500767311461711,0.0,0.0,0,6,5,0.0,0
hole,pose_novelty,Bowl,21,0.8015205488377217,0.6902599999999999,0.5765686944634313,0.7467760309865573,21945,1,0.004127439628024143,0.861931690110944,0.07013333333333333,nan,0.0,0.0002204706019256264,0.6502419592419181,0.0,0.0,0,6,5,0.0,0
hole,pose_novelty,Bowl,22,0.7581192586532078,0.6379833333333333,0.5233369923161362,0.7898133918770581,22775,2,0.010319358840432669,0.8256885600230327,0.10608333333333335,nan,0.0,0.00022341899457387627,0.6500303279268712,0.0,0.0,0,6,5,0.0,0
hole,pose_novelty,Corner,15,0.8592432773439789,0.7792433333333333,0.678774797497211,0.9241402725905806,20617,1,0.004049068699122055,0.9209045252285525,0.08738333333333331,nan,0.0,0.0002147605991922319,0.6498980869164831,0.0,0.0,0,6,5,0.0,0
hole,pose_novelty,Corner,16,0.8309408160888483,0.7433466666666666,0.6421593232942926,0.9366517940137572,21516,1,0.001959064739207289,0.9013361814791769,0.11610833333333334,nan,0.0,0.00023029960284475236,0.6502297852774556,0.0,0.0,0,6,5,0.0,0
hole,pose_novelty,Corner,17,0.7547595561506052,0.64242,0.5445227581521739,0.8980129076086957,23552,2,0.016214489251552583,0.8334429212787277,0.14071666666666668,nan,0.0,0.00022569219872821123,0.6497586958576625,0.0,0.0,0,6,5,0.0,0
hole,pose_novelty,Corner,18,0.7531644642684879,0.6293633333333333,0.5234194848056234,0.8575286100038575,23331,1,0.01744431282007669,0.8173539196510958,0.10758333333333334,nan,0.0,0.0002113065973389894,0.6498762820050503,0.0,0.0,0,6,5,0.0,0
hole,pose_novelty,Corner,19,0.7371399720924539,0.6211266666666667,0.5230898334242436,0.9209919019846431,23833,2,0.0,0.8106056925667666,0.14054166666666668,nan,0.0,0.00023011819866951554,0.6502532503511387,0.0,0.0,0,6,5,0.0,0
hole,pose_novelty,Corner,20,0.7769130407671441,0.6629366666666666,0.5420840503577574,0.8146454125532108,22082,2,0.0022509255967854136,0.8440924320650132,0.10906666666666667,nan,0.0,0.00022428059892263264,0.6497866707703701,0.0,0.0,0,6,5,0.0,0
hole,pose_novelty,Corner,21,0.7892694111290345,0.6826133333333333,0.5971398349904803,0.8880896974825471,23635,1,0.01689042869465146,0.8627198466613686,0.110075,nan,0.0,0.00021900240099057556,0.6497598169830294,0.0,0.0,0,6,5,0.0,0
hole,pose_novelty,Corner,22,0.8142176701498978,0.7180033333333334,0.6208533142114462,0.9284721910993591,22313,1,0.0,0.8812786392856655,0.10675833333333332,nan,0.0,0.00021670619607903064,0.649917363475486,0.0,0.0,0,6,5,0.0,0
hole,pose_novelty,Cross,15,0.7700919781872979,0.6589633333333333,0.539761583445794,0.92204228520018,22230,2,0.00030449561635045863,0.8376932330110407,0.13146666666666668,nan,0.0,0.00027792859764304013,0.6501318317951436,0.0,0.0,0,6,5,0.0,0
hole,pose_novelty,Cross,16,0.7941299886538291,0.69178,0.5921810881171954,0.8909676565326744,22663,1,0.009058860303511163,0.8646512885450619,0.11410833333333333,nan,0.0,0.00027887280157301575,0.6499750707506182,0.0,0.0,0,6,5,0.0,0
hole,pose_novelty,Cross,17,0.765438807533213,0.6597933333333333,0.5833183636809014,0.8769494570098799,24494,1,0.003639609140172778,0.8478692782608847,0.12735,nan,0.0,0.00022573980095330626,0.6501326488584432,0.0,0.0,0,6,5,0.0,0
hole,pose_novelty,Cross,18,0.827613617533482,0.73548,0.6374286105907616,0.8830812811257824,21887,1,0.0009832219687394839,0.8954068753763594,0.097825,nan,0.0,0.0002292440040037036,0.6500225000892145,0.0,0.0,0,6,5,0.0,0
hole,pose_novelty,Cross,19,0.7989798868934248,0.69893,0.6213591011989603,0.8810681646683994,23854,1,0.003267305307598528,0.8748583450124533,0.10575,nan,0.0,0.00021813699859194458,0.6500188685081406,0.0,0.0,0,6,5,0.0,0
hole,pose_novelty,Cross,20,0.7743252570028392,0.6645266666666667,0.5538522918698466,0.8717084847947513,22558,2,0.002062729397185853,0.8460131265272369,0.12435833333333332,nan,0.0,0.0002445170073769987,0.6497850906299663,0.0,0.0,0,6,5,0.0,0
hole,pose_novelty,Cross,21,0.8028532351247932,0.7017466666666665,0.6090456213948611,0.8829750043698654,22884,1,0.0018579504793147517,0.8748137527877213,0.10816666666666666,nan,0.0,0.00027743019454646857,0.6498600689458603,0.0,0.0,0,6,5,0.0,0
hole,pose_novelty,Cross,22,0.7993807504163504,0.7029333333333334,0.6193079880392994,0.9361811191798377,23410,1,0.0009795908288537658,0.8759072023720383,0.12355833333333334,nan,0.0,0.00021646419481839984,0.6502791575883462,0.0,0.0,0,6,5,0.0,0
hole,pose_novelty,Cube,15,0.7878637388619258,0.6724566666666666,0.5464226366322009,0.819008493353028,21664,1,0.012772136170843468,0.8460165338074038,0.08979166666666666,nan,0.0,0.00022415340645238758,0.6502502724034066,0.0,0.0,0,6,5,0.0,0
hole,pose_novelty,Cube,16,0.8111182431830359,0.7042966666666667,0.5700305365711793,0.8311279143037177,20631,1,0.01073835146121832,0.870181852760171,0.09395833333333334,nan,0.0,0.00022263779828790575,0.6498751717987844,0.0,0.0,0,6,5,0.0,0
hole,pose_novelty,Cube,17,0.8214358497415741,0.7316833333333334,0.658470872756587,0.9555348126776698,23569,1,0.008851116790950103,0.8967449124631104,0.11035833333333334,nan,0.0,0.000219753198325634,0.6501248969199175,0.0,0.0,0,6,5,0.0,0
hole,pose_novelty,Cube,18,0.7914870583637545,0.6876,0.5816444960271404,0.9384876350325864,22402,2,0.007580435659715279,0.8627908991240228,0.12922499999999998,nan,0.0,0.00022891479893587529,0.650110656291251,0.0,0.0,0,6,5,0.0,0
hole,pose_novelty,Cube,19,0.7510371388814173,0.6317166666666666,0.5312640556710655,0.9635931599270166,23567,1,0.0034636924285338933,0.8214071444153943,0.13925,nan,0.0,0.0002298451989190653,0.6496933266224573,0.0,0.0,0,6,5,0.0,0
hole,pose_novelty,Cube,20,0.8298356576370922,0.7404666666666666,0.6586584831214379,0.872862779482683,22810,1,0.008290190376847084,0.9012993491998385,0.09083333333333332,nan,0.0,0.00023351620475295932,0.6498755939836528,0.0,0.0,0,6,5,0.0,0
hole,pose_novelty,Cube,21,0.7831541063036866,0.6732800000000001,0.5596567680488791,0.8447818859787053,22259,1,0.0028449884071904963,0.8506000918183904,0.10980000000000001,nan,0.0,0.0002152493951143697,0.6501596324585927,0.0,0.0,0,6,5,0.0,0
hole,pose_novelty,Cube,22,0.7539180095726026,0.6345233333333333,0.5381313450440203,0.9416150638190319,23739,1,0.021992388111568395,0.8240931594647072,0.131025,nan,0.0,0.00021502060117200016,0.6499522571419115,0.0,0.0,0,6,5,0.0,0
hole,pose_novelty,Cylinder,15,0.8057146926342209,0.6977566666666667,0.5915998558688406,0.8271777317358796,22202,1,0.008576845013529344,0.867971014834705,0.08318333333333333,nan,0.0,0.00021872959623578936,0.6500311720811371,0.0,0.0,0,6,5,0.0,0
hole,pose_novelty,Cylinder,16,0.8056464388691997,0.70905,0.6082185017280847,0.9377889492347053,22279,1,0.003518024970825817,0.8771074367348652,0.12342499999999999,nan,0.0,0.0002544499933719635,0.6498531268833941,0.0,0.0,0,6,5,0.0,0
hole,pose_novelty,Cylinder,17,0.7752851117358025,0.6760233333333334,0.6042952528295741,0.8985831772656949,24562,1,0.0019943195464290076,0.8607378554311316,0.13200833333333334,nan,0.0,0.0002153906039893627,0.6497371262545787,0.0,0.0,0,6,5,0.0,0
hole,pose_novelty,Cylinder,18,0.806521940839092,0.7075433333333334,0.608613998304858,0.910871213810947,22417,1,0.0038000778498445686,0.876026902071816,0.112025,nan,0.0,0.0002195852022850886,0.6500747138955545,0.0,0.0,0,6,5,0.0,0
hole,pose_novelty,Cylinder,19,0.7816018128996036,0.6782566666666666,0.5828377560722621,0.9420433918229751,23138,1,0.0010822768073278088,0.8555297669585287,0.1318166666666667,nan,0.0,0.0002118867967510596,0.6495850874656175,0.0,0.0,0,6,5,0.0,0
hole,pose_novelty,Cylinder,20,0.8234131749157456,0.7297866666666667,0.6339234104046243,0.8709356936416185,22144,1,0.006300396703204869,0.8926239307390034,0.09794166666666665,nan,0.0,0.0002131196000846103,0.6501979308879912,0.0,0.0,0,6,5,0.0,0
hole,pose_novelty,Cylinder,21,0.8127640063292594,0.7116900000000002,0.6018550911434358,0.8949088565641686,21724,1,0.006312014826863804,0.8778184390190386,0.10428333333333334,nan,0.0,0.00021886259492021054,0.6502030122552882,0.0,0.0,0,6,5,0.0,0
hole,pose_novelty,Cylinder,22,0.8040764993592665,0.7122566666666665,0.6357582918389737,0.9482656764283905,23698,1,0.0,0.8836786590939214,0.12636666666666665,nan,0.0,0.00022151499579194933,0.6502578246202766,0.0,0.0,0,6,5,0.0,0
hole,pose_novelty,L_Shaped,15,0.7999175398101624,0.6939466666666667,0.6002177510669802,0.8284992596463723,22962,1,0.009079650290435365,0.8677866230716444,0.08928333333333335,nan,0.0,0.00022285319573711604,0.6499064785743071,0.0,0.0,0,6,5,0.0,0
hole,pose_novelty,L_Shaped,16,0.8019705215021384,0.7047633333333333,0.613564572425829,0.8845113438045376,22920,1,0.0011441302787974783,0.8776391868701653,0.11648333333333331,nan,0.0,0.00021166499936953187,0.6499790933957139,0.0,0.0,0,6,5,0.0,0
hole,pose_novelty,L_Shaped,17,0.7687608763654418,0.65621,0.5761957593688363,0.8113494411571335,24336,1,0.015329434149737031,0.8440502889927353,0.10005833333333333,nan,0.0,0.00022156599443405866,0.6501279975163182,0.0,0.0,0,6,5,0.0,0
hole,pose_novelty,L_Shaped,18,0.8345642001763054,0.74844,0.6568232458733118,0.9332908917284344,21991,1,0.0003793397226335704,0.9051052874558743,0.10801666666666665,nan,0.0,0.00022274740040302278,0.6498526697417325,0.0,0.0,0,6,5,0.0,0
hole,pose_novelty,L_Shaped,19,0.8214977880184424,0.7289,0.6370654647686197,0.8860725601320898,22409,1,0.008302595116705558,0.8931214365915434,0.10387500000000001,nan,0.0,0.00021303159592207522,0.6500270199432808,0.0,0.0,0,6,5,0.0,0
hole,pose_novelty,L_Shaped,20,0.8076114904591993,0.71006,0.625867779259323,0.9031786313389824,23249,1,0.0002587953446414881,0.8797991120806581,0.10520833333333335,nan,0.0,0.00021682980004698039,0.6502436701414133,0.0,0.0,0,6,5,0.0,0
hole,pose_novelty,L_Shaped,21,0.8214028428787626,0.7225533333333334,0.5914093564380737,0.9491924795051789,20371,1,0.00365085298350018,0.8825904219059801,0.11618333333333333,nan,0.0,0.0002196551999077201,0.6497965331647751,0.0,0.0,0,6,5,0.0,0
hole,pose_novelty,L_Shaped,22,0.7924552190579655,0.6871833333333334,0.605046083919027,0.8430200749126721,23761,1,0.019650147706712334,0.8658483195522846,0.0976,nan,0.0,0.00022130299767013638,0.6499803457281208,0.0,0.0,0,6,5,0.0,0
hole,pose_novelty,Thin_Irregular,15,0.799572889383094,0.69375,0.5908665835411473,0.8488154613466334,22456,1,0.0098531654332909,0.867054499226956,0.09929166666666668,nan,0.0,0.0002590046089608222,0.6500597663572757,0.0,0.0,0,6,5,0.0,0
hole,pose_novelty,Thin_Irregular,16,0.8007842302595642,0.7017633333333334,0.6186882032049097,0.8930702352540061,23464,1,0.007047018132949834,0.8764874260700645,0.11194166666666666,nan,0.0,0.00026536079531069845,0.65005851896477,0.0,0.0,0,6,5,0.0,0
hole,pose_novelty,Thin_Irregular,17,0.7506144624189834,0.6300766666666667,0.4972501585575791,0.9000181208661774,22074,2,0.00743768936360753,0.812741673436951,0.12794166666666668,nan,0.0,0.00023680120357312263,0.6501217257257051,0.0,0.0,0,6,5,0.0,0
hole,pose_novelty,Thin_Irregular,18,0.7203967288407759,0.59833,0.5181309233414644,0.9348982284960211,25007,2,5.822708359193296e-06,0.7983825810695718,0.14594166666666666,nan,0.0,0.00024178880266845226,0.6501212742218362,0.0,0.0,0,6,5,0.0,0
hole,pose_novelty,Thin_Irregular,19,0.764610970943747,0.6429766666666666,0.5061007101355713,0.870469427280273,21686,2,0.01607571412511624,0.8274305497720489,0.12130833333333332,nan,0.0,0.00026600960118230434,0.6499687391361323,0.0,0.0,0,6,5,0.0,0
hole,pose_novelty,Thin_Irregular,20,0.7748366512291702,0.6725900000000001,0.5740176945094978,0.9190302714892878,23058,2,9.940256638804601e-05,0.8512376088142801,0.1365833333333333,nan,0.0,0.0002641706028953195,0.6500623032714109,0.0,0.0,0,6,5,0.0,0
hole,pose_novelty,Thin_Irregular,21,0.7236372988937807,0.59822,0.5051361005049883,0.8183273802192388,24357,2,0.00470981862617309,0.7956198640573846,0.11715833333333334,nan,0.0,0.0002635023993207142,0.6499924547602932,0.0,0.0,0,6,5,0.0,0
hole,pose_novelty,Thin_Irregular,22,0.7514563100213658,0.6268733333333334,0.5091084506424594,0.7662149717142481,22803,2,0.017938296511583657,0.8173412819245987,0.10125,nan,0.0,0.0002704811980947852,0.6501268612368697,0.0,0.0,0,6,5,0.0,0
hole,pose_novelty,green_Pepper,15,0.7512515440340498,0.6252000000000001,0.5063007683863885,0.8317014270032931,22775,2,0.012680417674937494,0.8159641144412869,0.111775,nan,0.0,0.0002255893952678889,0.6502834386944023,0.0,0.0,0,6,5,0.0,0
hole,pose_novelty,green_Pepper,16,0.7901659252437665,0.6884766666666666,0.607537899466678,0.9525469281484903,23813,1,0.003171955767323126,0.8654458237542061,0.12397500000000002,nan,0.0,0.00022731100616510958,0.6501781879341814,0.0,0.0,0,6,5,0.0,0
hole,pose_novelty,green_Pepper,17,0.7879132030725419,0.6915366666666667,0.6237181311755378,0.9040377343146424,24593,1,0.006511409855633643,0.8695449961211659,0.11870833333333333,nan,0.0,0.00022787959896959365,0.65001400484061,0.0,0.0,0,6,5,0.0,0
hole,pose_novelty,green_Pepper,18,0.8173581354520651,0.7218733333333333,0.6216886591393461,0.9010565455947037,22053,1,0.0042672578356890145,0.8867001666323455,0.10835833333333333,nan,0.0,0.00022273299982771276,0.6497110500816761,0.0,0.0,0,6,5,0.0,0
hole,pose_novelty,green_Pepper,19,0.7785342805873146,0.6695900000000001,0.5723586004573106,0.8516760861124294,23179,1,0.014845583555319425,0.8515793181842924,0.11364166666666665,nan,0.0,0.00022344880853779613,0.6501569096047114,0.0,0.0,0,6,5,0.0,0
hole,pose_novelty,green_Pepper,20,0.8119522805518796,0.71963,0.6312215012276395,0.9237548228691688,22808,1,0.0029919171014017587,0.8869311578862049,0.11858333333333332,nan,0.0,0.00022899720061104746,0.6499451293478261,0.0,0.0,0,6,5,0.0,0
hole,pose_novelty,green_Pepper,21,0.8051283527401125,0.6930766666666666,0.5617245155453983,0.7681283626148645,21003,1,0.009749738811060699,0.8617976748460149,0.07611666666666667,nan,0.0,0.00022567440464626998,0.6500203886713178,0.0,0.0,0,6,5,0.0,0
hole,pose_novelty,green_Pepper,22,0.7954227409446745,0.6919833333333333,0.592911582008018,0.9588528128992466,22699,1,0.012164164049309728,0.8649557701964807,0.123725,nan,0.0,0.00021865979942958802,0.6498189542986474,0.0,0.0,0,6,5,0.0,0
hole,ray_gpis,Bowl,15,0.6876370904282648,0.5556166666666666,0.46526412899602904,0.8239942240584012,24931,2,0.010238187571052354,0.7607044361565232,0.12973333333333334,nan,1.0,0.11434956040466204,0.6498488419740082,0.0,0.0,5,6,5,0.0,0
hole,ray_gpis,Bowl,16,0.7504180419754075,0.61524,0.445035819029761,0.7526804173277561,20799,2,0.0420571595835377,0.8002532104712861,0.09143333333333334,nan,1.0,0.11433314440073446,0.649982960199747,0.0,0.0,5,6,5,0.0,0
hole,ray_gpis,Bowl,17,0.6302263615887975,0.4693366666666667,0.30683589497975355,0.4465972917664475,22967,2,0.06846059128307677,0.6751251353199587,0.05591666666666667,nan,1.0,0.12008115740318318,0.649851939586749,0.0,0.0,5,6,5,0.0,0
hole,ray_gpis,Bowl,18,0.6178741818123491,0.45109666666666665,0.2544894724926421,0.32574145347520944,22085,2,0.1483174333769591,0.6491896898521283,0.026791666666666686,nan,1.0,0.11759653119952418,0.6499613005086399,0.0,0.0,5,6,5,0.0,0
hole,ray_gpis,Bowl,19,0.7292739497947908,0.5873433333333334,0.45574166886485534,0.5970720126615668,22746,1,0.048451675853416254,0.7800179535213188,0.04960833333333334,nan,1.0,0.11590171459538397,0.650040928518037,0.0,0.0,5,6,5,0.0,0
hole,ray_gpis,Bowl,20,0.7623449710893337,0.63087,0.48531188993213725,0.6494375755322116,21514,1,0.030077020091794193,0.8139018358595521,0.060850000000000015,nan,1.0,0.11622987099690363,0.64996170838508,0.0,0.0,5,6,5,0.0,0
hole,ray_gpis,Bowl,21,0.7971551823370897,0.6832,0.5669218500797448,0.7623148781043518,21945,1,0.009988265481764957,0.8564749819851538,0.07296666666666665,nan,1.0,0.11249746039975435,0.6499998331992507,0.0,0.0,5,6,5,0.0,0
hole,ray_gpis,Bowl,22,0.7670681985117115,0.6535866666666668,0.5438770581778265,0.9150384193194292,22775,2,0.0,0.8368747348461623,0.12987500000000002,nan,1.0,0.11774349320330657,0.6499728215439794,0.0,0.0,5,6,5,0.0,0
hole,ray_gpis,Corner,15,0.8592432773439789,0.7792433333333333,0.678774797497211,0.9241402725905806,20617,1,0.004049068699122055,0.9209045252285525,0.08738333333333331,nan,0.8,0.10518284720019437,0.6498980869164831,0.0,0.0,5,6,5,0.0,0
hole,ray_gpis,Corner,16,0.8326961931581227,0.7465999999999999,0.6466815393195762,0.9416248373303588,21516,1,0.0,0.90353040281577,0.11700833333333333,nan,0.8,0.10961836659698747,0.6500348563713086,0.0,0.0,5,6,5,0.0,0
hole,ray_gpis,Corner,17,0.7701858280687264,0.6696933333333333,0.5792629076086957,0.95703125,23552,2,0.0,0.8527257611763791,0.15230000000000002,nan,0.8,0.11808196420315653,0.6499326966131522,0.0,0.0,5,6,5,0.0,0
hole,ray_gpis,Corner,18,0.7511234745852795,0.62579,0.5188247396168187,0.8115811581158116,23331,1,0.022546787028097703,0.8148026825470853,0.09865000000000002,nan,1.0,0.11065395000041463,0.6499952569676323,0.0,0.0,5,6,5,0.0,0
hole,ray_gpis,Corner,19,0.7371399720924539,0.6211266666666667,0.5230898334242436,0.9209919019846431,23833,2,0.0,0.8106056925667666,0.14054166666666668,nan,1.0,0.11794901120010763,0.6502532503511387,0.0,0.0,5,6,5,0.0,0
hole,ray_gpis,Corner,20,0.776357712115467,0.6630699999999999,0.5422561362195453,0.876505751290644,22082,2,0.007782123355728393,0.8433982712504169,0.12045,nan,1.0,0.11533120780368336,0.6498107559732058,0.0,0.0,5,6,5,0.0,0
hole,ray_gpis,Corner,21,0.8069401857140874,0.7126666666666666,0.6352866511529511,0.8798815316268246,23635,1,0.0013359222103876967,0.884808314892685,0.10845833333333332,nan,1.0,0.11410783820319921,0.6500941754732408,0.0,0.0,5,6,5,0.0,0
hole,ray_gpis,Corner,22,0.8134289048701981,0.71652,0.6188589611437278,0.9085286604221754,22313,1,0.001971913199248859,0.8802926826860411,0.10305,nan,0.8,0.11045702840201557,0.6500907665100392,0.0,0.0,5,6,5,0.0,0
hole,ray_gpis,Cross,15,0.7702137764338381,0.6591933333333333,0.540071974808817,0.9251461988304094,22230,2,0.0,0.837845480819216,0.13204166666666667,nan,0.8,0.10824009259813465,0.6501142045356071,0.0,0.0,5,6,5,0.0,0
hole,ray_gpis,Cross,16,0.7981035194482553,0.6990833333333334,0.6018488284869612,0.9190751445086706,22663,1,0.0,0.8696182020380945,0.11941666666666666,nan,0.6,0.1000601621955866,0.6500216986237755,0.0,0.0,5,6,5,0.0,0
hole,ray_gpis,Cross,17,0.757137777256783,0.6454000000000001,0.5656895566261124,0.8513105250265371,24494,1,0.011833600340670408,0.8374929904153472,0.12211666666666668,nan,1.0,0.10634903719765135,0.6499121660591847,0.0,0.0,5,6,5,0.0,0
hole,ray_gpis,Cross,18,0.828649704053856,0.7373833333333334,0.6400374651619682,0.8993923333485631,21887,1,1.3469899362794635e-05,0.8967019835268271,0.1008,nan,0.8,0.10669488139974419,0.6498910510458441,0.0,0.0,5,6,5,0.0,0
hole,ray_gpis,Cross,19,0.802016187374045,0.7043400000000001,0.6281629915318186,0.8907520751236689,23854,1,0.004739323954144864,0.8786537206132287,0.107675,nan,0.6,0.10558237159857527,0.6498684538481702,0.0,0.0,5,6,5,0.0,0
hole,ray_gpis,Cross,20,0.7601252259291429,0.6417966666666667,0.5236235481868959,0.8374412625232733,22558,2,0.020649376822257454,0.8282630876851166,0.11791666666666667,nan,0.8,0.10703841960057617,0.6498965395915088,0.0,0.0,5,6,5,0.0,0
hole,ray_gpis,Cross,21,0.8048128874811343,0.70523,0.6135684320922915,0.8984006292606188,22884,1,0.00023201989654139665,0.8772633182331477,0.11119166666666666,nan,0.8,0.10314031679881737,0.6500733243642713,0.0,0.0,5,6,5,0.0,0
hole,ray_gpis,Cross,22,0.7993807504163504,0.7029333333333334,0.6193079880392994,0.9361811191798377,23410,1,0.0009795908288537658,0.8759072023720383,0.12355833333333334,nan,0.6,0.10704662339703645,0.6502791575883462,0.0,0.0,5,6,5,0.0,0
hole,ray_gpis,Cube,15,0.7881029405982858,0.6733566666666666,0.5476689438700147,0.8848319793205317,21664,1,0.006307549221711478,0.8463155359778538,0.10167499999999999,nan,1.0,0.10564445820054971,0.6500872020312665,0.0,0.0,5,6,5,0.0,0
hole,ray_gpis,Cube,16,0.8146801530038456,0.7105833333333333,0.5791769667005962,0.8844942077456255,20631,1,0.01013304608250748,0.8746342400361831,0.103125,nan,1.0,0.10741898839478381,0.6499129999440721,0.0,0.0,5,6,5,0.0,0
hole,ray_gpis,Cube,17,0.8340080044002237,0.7543933333333334,0.6873774873774873,0.9913869913869914,23569,1,0.0005415054604910874,0.9124601057864226,0.1174,nan,0.8,0.10931636939349118,0.6500825390369268,0.0,0.0,5,6,5,0.0,0
hole,ray_gpis,Cube,18,0.7917398983537349,0.6877266666666667,0.5818185876261047,0.8636282474779038,22402,2,0.0072472254806631164,0.8631069491114982,0.11524166666666667,nan,0.8,0.1012771501991665,0.650114933803891,0.0,0.0,5,6,5,0.0,0
hole,ray_gpis,Cube,19,0.7558085266006056,0.63838,0.5397589850214283,0.8614163873212543,23567,1,0.002671277310784731,0.8273713790643799,0.11915833333333334,nan,0.8,0.10160894799628295,0.6498948833642111,0.0,0.0,5,6,5,0.0,0
hole,ray_gpis,Cube,20,0.8386269456248314,0.7565566666666668,0.6798202542744411,0.9654975887768522,22810,1,0.0,0.9122884591845124,0.10844166666666666,nan,0.6,0.10723672619496938,0.6499116570085709,0.0,0.0,5,6,5,0.0,0
hole,ray_gpis,Cube,21,0.7842921016665627,0.6753233333333334,0.5624107102744957,0.8723213082348713,22259,1,0.0,0.8520225860219857,0.11490833333333333,nan,1.0,0.10785622780094854,0.6501053436420889,0.0,0.0,5,6,5,0.0,0
hole,ray_gpis,Cube,22,0.7626200714134113,0.6496799999999999,0.5572854795905472,0.9393824508193268,23739,1,0.023526985748130447,0.834970736765718,0.13058333333333333,nan,1.0,0.10711046139767859,0.6499963395682314,0.0,0.0,5,6,5,0.0,0
hole,ray_gpis,Cylinder,15,0.8118177780532898,0.7081833333333333,0.6057202053869022,0.8712728583010539,22202,1,0.0023452829999262292,0.8755998716085409,0.09128333333333333,nan,1.0,0.10850126399891451,0.6498437444525664,0.0,0.0,5,6,5,0.0,0
hole,ray_gpis,Cylinder,16,0.7999864321202145,0.6986266666666666,0.5941828627855829,0.914942322366354,22279,1,0.00595411537629148,0.8700324282986336,0.11918333333333332,nan,0.8,0.11482938879635185,0.6499359908441746,0.0,0.0,5,6,5,0.0,0
hole,ray_gpis,Cylinder,17,0.7756515994563811,0.67666,0.6050728768015634,0.8912140705154303,24562,1,0.0,0.8611959650818545,0.1305,nan,0.8,0.1031708019960206,0.6498514201418351,0.0,0.0,5,6,5,0.0,0
hole,ray_gpis,Cylinder,18,0.8080419719790299,0.7104266666666667,0.6124726769862159,0.949458000624526,22417,1,0.0,0.8779269409967383,0.11923333333333334,nan,0.8,0.10991248660138808,0.649937335489558,0.0,0.0,5,6,5,0.0,0
hole,ray_gpis,Cylinder,19,0.7795847597590282,0.67445,0.5779021523035699,0.8794623562970006,23138,1,0.0007519321409209245,0.8530084505328094,0.11975000000000001,nan,0.8,0.1056979476037668,0.6497913743881625,0.0,0.0,5,6,5,0.0,0
hole,ray_gpis,Cylinder,20,0.8225812312357151,0.7282966666666667,0.6319048049132947,0.8701679913294798,22144,1,0.005274285531674333,0.8915840011389653,0.0978,nan,0.8,0.11357391019701027,0.6500274198359781,0.0,0.0,5,6,5,0.0,0
hole,ray_gpis,Cylinder,21,0.8116574521078462,0.7098566666666667,0.5993233290370098,0.8982231633216718,21724,1,0.004490441051476224,0.8764352462422722,0.10488333333333333,nan,1.0,0.12459607739583589,0.6498809210128345,0.0,0.0,5,6,5,0.0,0
hole,ray_gpis,Cylinder,22,0.8035457110993016,0.7112433333333332,0.6344712633977551,0.9353953920162039,23698,1,0.0013269706499121625,0.8830151737689653,0.12383333333333332,nan,0.6,0.10780824680114165,0.6501927487474677,0.0,0.0,5,6,5,0.0,0
hole,ray_gpis,L_Shaped,15,0.8051066046445279,0.7031833333333333,0.6122768051563453,0.9059750892779375,22962,1,0.002758034823451133,0.874272954114601,0.10412500000000002,nan,1.0,0.11143309980689083,0.6500889275940765,0.0,0.0,5,6,5,0.0,0
hole,ray_gpis,L_Shaped,16,0.8037432100556021,0.7080866666666668,0.6179144851657941,0.9349912739965096,22920,1,0.00037001941107028813,0.8798550475619948,0.126125,nan,0.6,0.10185312940739095,0.6501593770900855,0.0,0.0,5,6,5,0.0,0
hole,ray_gpis,L_Shaped,17,0.7801354179640858,0.67616,0.6007889546351085,0.9105851413543721,24336,1,0.0,0.8582684659910405,0.12018333333333334,nan,1.0,0.11670708199671935,0.6500901807651273,0.0,0.0,5,6,5,0.0,0
hole,ray_gpis,L_Shaped,18,0.8351958540419073,0.7496266666666667,0.6584420899458869,0.9418398435723705,21991,1,0.0,0.9058948547878767,0.10958333333333334,nan,0.6,0.09963442919543013,0.6501184985254086,0.0,0.0,5,6,5,0.0,0
hole,ray_gpis,L_Shaped,19,0.827268235012735,0.7394700000000001,0.6512160292739525,0.9453790887589808,22409,1,0.0005891506670904489,0.9003344953344095,0.11495000000000001,nan,0.8,0.09597469160216861,0.6499627559693183,0.0,0.0,5,6,5,0.0,0
hole,ray_gpis,L_Shaped,20,0.7226001977805308,0.6061933333333334,0.49184050926921585,0.8428749623639726,23249,2,0.014765270045621032,0.7995600830357215,0.14443333333333333,nan,0.6,0.09958464499795809,0.6501328465635773,0.0,0.0,5,6,5,0.0,0
hole,ray_gpis,L_Shaped,21,0.8216867882318883,0.7225933333333333,0.5914682637082127,0.8988267635363998,20371,1,7.147420547518046e-05,0.8829453535973875,0.10763333333333333,nan,1.0,0.10695269700372592,0.6500515188761395,0.0,0.0,5,6,5,0.0,0
hole,ray_gpis,L_Shaped,22,0.8004284123121816,0.7010733333333333,0.6225832246117587,0.8927233702285258,23761,1,0.0020112796730933358,0.875814811120055,0.10744166666666667,nan,1.0,0.1064113768079551,0.6499809710662249,0.0,0.0,5,6,5,0.0,0
hole,ray_gpis,Thin_Irregular,15,0.7974519689270789,0.69016,0.5860705379408622,0.8740648379052369,22456,1,0.003965183178161968,0.8644033486569372,0.10401666666666666,nan,1.0,0.2718214002030436,0.6499498066186221,0.0,0.0,5,6,5,0.0,0
hole,ray_gpis,Thin_Irregular,16,0.8062792500088065,0.7117233333333333,0.6314226048414592,0.9649249914763042,23464,1,0.0037215382607641845,0.8833562007566172,0.12599166666666667,nan,0.8,0.2536213371990016,0.6500321797337626,0.0,0.0,5,6,5,0.0,0
hole,ray_gpis,Thin_Irregular,17,0.7361757784242892,0.6061066666666667,0.4646733713871523,0.878137174956963,22074,2,0.016954643573773964,0.7946933184435832,0.12391666666666666,nan,1.0,0.26776753540034404,0.6500356773347633,0.0,0.0,5,6,5,0.0,0
hole,ray_gpis,Thin_Irregular,18,0.7165232450497282,0.59108,0.5094333586595753,0.798336465789579,25007,2,0.0050691695842264295,0.7935407263307621,0.11748333333333333,nan,1.0,0.2671285347954836,0.6501304088487186,0.0,0.0,5,6,5,0.0,0
hole,ray_gpis,Thin_Irregular,19,0.7854020968924823,0.6765800000000001,0.5525869224384395,0.9149681822373882,21686,2,0.0023750312011986408,0.853419457207968,0.12935,nan,1.0,0.37669516259629743,0.6499541681616346,0.0,0.0,5,6,5,0.0,0
hole,ray_gpis,Thin_Irregular,20,0.7745017857362895,0.6719633333333335,0.5732023592679331,0.9108769190736404,23058,2,0.0009365662985902357,0.850819026948179,0.13501666666666665,nan,0.8,0.26034249720105435,0.6500262236041494,0.0,0.0,5,6,5,0.0,0
hole,ray_gpis,Thin_Irregular,21,0.7163180278707069,0.5873066666666666,0.4916943794391756,0.7996058627909841,24357,2,0.017613046290359535,0.7864707752785423,0.11335833333333334,nan,0.8,0.24441964619327336,0.650078572482978,0.0,0.0,5,6,5,0.0,0
hole,ray_gpis,Thin_Irregular,22,0.7680372869288246,0.6550400000000001,0.5461649782923299,0.9104942332149278,22803,2,0.0018994749690666446,0.8380675030589221,0.12866666666666668,nan,1.0,0.24413511000166183,0.6498348039825711,0.0,0.0,5,6,5,0.0,0
hole,ray_gpis,green_Pepper,15,0.7676134455692891,0.6516966666666667,0.5412206366630077,0.9001536772777168,22775,2,0.009964427004348048,0.8364164913603361,0.12476666666666668,nan,0.8,0.10897119480068795,0.6501641774660697,0.0,0.0,5,6,5,0.0,0
hole,ray_gpis,green_Pepper,16,0.7901659252437665,0.6884766666666666,0.607537899466678,0.9525469281484903,23813,1,0.003171955767323126,0.8654458237542061,0.12397500000000002,nan,1.0,0.1097048674011603,0.6501781879341814,0.0,0.0,5,6,5,0.0,0
hole,ray_gpis,green_Pepper,17,0.7926665953689083,0.70044,0.634578945228317,0.9634448826901963,24593,1,0.0,0.8754867364916237,0.13088333333333332,nan,0.6,0.10169906340015586,0.650108523624474,0.0,0.0,5,6,5,0.0,0
hole,ray_gpis,green_Pepper,18,0.8201541621877588,0.7270200000000001,0.6286763705618283,0.9244093774089693,22053,1,0.00044006695966153364,0.8901952000519626,0.11265833333333333,nan,1.0,0.10866761040233541,0.6498892624136544,0.0,0.0,5,6,5,0.0,0
hole,ray_gpis,green_Pepper,19,0.779581582221895,0.67147,0.5747918374390613,0.8760084559299366,23179,1,0.012227329468868203,0.852888445227518,0.11834166666666666,nan,1.0,0.10981096340110526,0.6500718085658178,0.0,0.0,5,6,5,0.0,0
hole,ray_gpis,green_Pepper,20,0.8087383798432682,0.71378,0.6235268326902841,0.9406348649596633,22808,1,0.004862471138734392,0.8829137820004407,0.12179166666666666,nan,1.0,0.11216283780231606,0.6499227274195011,0.0,0.0,5,6,5,0.0,0
hole,ray_gpis,green_Pepper,21,0.8105646460087235,0.7022299999999999,0.574760748464505,0.8094557920297101,21003,1,0.005269771875952511,0.8685930414317784,0.08336666666666667,nan,0.8,0.10282428880454972,0.6499172012251627,0.0,0.0,5,6,5,0.0,0
hole,ray_gpis,green_Pepper,22,0.7965083059029362,0.69374,0.595233270188114,0.936605136790167,22699,1,0.009712226819147352,0.8663127263943079,0.11951666666666666,nan,1.0,0.10928990300162696,0.6498699210205197,0.0,0.0,5,6,5,0.0,0
hole,ray_gpis_hit_only,Bowl,15,0.6524417521801775,0.5034699999999999,0.40251494123781645,0.6138141269904938,24931,2,0.03423218009236928,0.7140589416358897,0.08127500000000001,nan,0.0,0.120509351810324,0.6496814458756144,0.0,0.0,5,6,5,0.0,0
hole,ray_gpis_hit_only,Bowl,16,0.7512007808115018,0.61583,0.44588201355834417,0.6514255493052551,20799,2,0.040819324734571866,0.8012316340164038,0.07389166666666666,nan,0.0,0.11153509040013887,0.6502289822809662,0.0,0.0,5,6,5,0.0,0
hole,ray_gpis_hit_only,Bowl,17,0.6767203295389856,0.5298666666666667,0.38590151086341273,0.7040536421822615,22967,2,0.03746016419154086,0.7332425952576938,0.10519166666666666,nan,0.0,0.11720449520507828,0.6500796558685945,0.0,0.0,5,6,5,0.0,0
hole,ray_gpis_hit_only,Bowl,18,0.7612592325368563,0.6368866666666666,0.5067557165496943,0.7950645234321938,22085,1,0.023617555600347118,0.819256510545288,0.09434999999999999,nan,0.0,0.11364799980947282,0.6498787667652861,0.0,0.0,5,6,5,0.0,0
hole,ray_gpis_hit_only,Bowl,19,0.6559638168947803,0.5071233333333334,0.35,0.6697880946100413,22746,2,0.02440778550124076,0.7120277618497741,0.10974166666666668,nan,0.0,0.11647451840108261,0.6498528275751534,0.0,0.0,5,6,5,0.0,0
hole,ray_gpis_hit_only,Bowl,20,0.7738080297707102,0.6492666666666667,0.5109649530538254,0.8195128753369899,21514,1,0.01796687249256196,0.8282306592112728,0.09134166666666668,nan,0.0,0.11378797020006459,0.6497727885904004,0.0,0.0,5,6,5,0.0,0
hole,ray_gpis_hit_only,Bowl,21,0.6961782860497535,0.55963,0.39802232854864433,0.7571656413761677,21945,3,0.05604893118495005,0.7496502439166076,0.11282500000000001,nan,0.0,0.11957745919935406,0.6498193740271075,0.0,0.0,5,6,5,0.0,0
hole,ray_gpis_hit_only,Bowl,22,0.666447094117053,0.5194766666666666,0.36703841931942915,0.7328649835345774,22775,2,0.042670190503375394,0.722572271646912,0.11691666666666667,nan,0.0,0.12156814819609281,0.6501375008317293,0.0,0.0,5,6,5,0.0,0
hole,ray_gpis_hit_only,Corner,15,0.8602781992873656,0.7812266666666666,0.6816607653877867,0.952999951496338,20617,1,0.0014617638406554112,0.9221981776577858,0.09234166666666666,nan,0.0,0.10372347600059584,0.6498780339767221,0.0,0.0,5,6,5,0.0,0
hole,ray_gpis_hit_only,Corner,16,0.7548298598735717,0.6337933333333334,0.48939393939393944,0.8760922104480386,21516,2,0.025836074133889525,0.814347699712145,0.12251666666666668,nan,0.0,0.1099613975995453,0.6498912978319559,0.0,0.0,5,6,5,0.0,0
hole,ray_gpis_hit_only,Corner,17,0.7701858280687264,0.6696933333333333,0.5792629076086957,0.95703125,23552,2,0.0,0.8527257611763791,0.15230000000000002,nan,0.0,0.11448210800008382,0.6499326966131522,0.0,0.0,5,6,5,0.0,0
hole,ray_gpis_hit_only,Corner,18,0.7704897674303964,0.65737,0.5594316574514594,0.8721014958638721,23331,1,0.007740335417407707,0.8390105486034816,0.11041666666666666,nan,0.0,0.11111591760709416,0.649881557590754,0.0,0.0,5,6,5,0.0,0
hole,ray_gpis_hit_only,Corner,19,0.7337799574193884,0.6150466666666666,0.5154365795325809,0.8563756136449461,23833,2,0.007734904011701599,0.8064056742254349,0.12770833333333334,nan,0.0,0.11555164619639982,0.6503465831891372,0.0,0.0,5,6,5,0.0,0
hole,ray_gpis_hit_only,Corner,20,0.776357712115467,0.6630699999999999,0.5422561362195453,0.876505751290644,22082,2,0.007782123355728393,0.8433982712504169,0.12045,nan,0.0,0.11206269800604787,0.6498107559732058,0.0,0.0,5,6,5,0.0,0
hole,ray_gpis_hit_only,Corner,21,0.8069401857140874,0.7126666666666666,0.6352866511529511,0.8798815316268246,23635,1,0.0013359222103876967,0.884808314892685,0.10845833333333332,nan,0.0,0.11405134040978737,0.6500941754732408,0.0,0.0,5,6,5,0.0,0
hole,ray_gpis_hit_only,Corner,22,0.8134289048701981,0.71652,0.6188589611437278,0.9085286604221754,22313,1,0.001971913199248859,0.8802926826860411,0.10305,nan,0.0,0.10835150459606666,0.6500907665100392,0.0,0.0,5,6,5,0.0,0
hole,ray_gpis_hit_only,Cross,15,0.6780815693670859,0.5370233333333333,0.37520017993702204,0.8035537561853351,22230,2,0.011686875105125505,0.7370605223274304,0.13619166666666668,nan,0.0,0.11221318820898887,0.6499216642393316,0.0,0.0,5,6,5,0.0,0
hole,ray_gpis_hit_only,Cross,16,0.7878124017886246,0.6819600000000001,0.5791819264881084,0.9320919560517142,22663,1,0.012819221752500165,0.8567543049635563,0.121875,nan,0.0,0.10205754640046508,0.650156678888585,0.0,0.0,5,6,5,0.0,0
hole,ray_gpis_hit_only,Cross,17,0.750274040473424,0.6378433333333333,0.5564342287907242,0.9490895729566424,24494,1,0.010622885013878258,0.8289133194361484,0.142075,nan,0.0,0.10983955140109174,0.650084673097669,0.0,0.0,5,6,5,0.0,0
hole,ray_gpis_hit_only,Cross,18,0.828649704053856,0.7373833333333334,0.6400374651619682,0.8993923333485631,21887,1,1.3469899362794635e-05,0.8967019835268271,0.1008,nan,0.0,0.10369047319982201,0.6498910510458441,0.0,0.0,5,6,5,0.0,0
hole,ray_gpis_hit_only,Cross,19,0.802016187374045,0.7043400000000001,0.6281629915318186,0.8907520751236689,23854,1,0.004739323954144864,0.8786537206132287,0.107675,nan,0.0,0.10231131139735225,0.6498684538481702,0.0,0.0,5,6,5,0.0,0
hole,ray_gpis_hit_only,Cross,20,0.7601252259291429,0.6417966666666667,0.5236235481868959,0.8374412625232733,22558,2,0.020649376822257454,0.8282630876851166,0.11791666666666667,nan,0.0,0.10675226619932801,0.6498965395915088,0.0,0.0,5,6,5,0.0,0
hole,ray_gpis_hit_only,Cross,21,0.8048128874811343,0.70523,0.6135684320922915,0.8984006292606188,22884,1,0.00023201989654139665,0.8772633182331477,0.11119166666666666,nan,0.0,0.1080537344008917,0.6500733243642713,0.0,0.0,5,6,5,0.0,0
hole,ray_gpis_hit_only,Cross,22,0.7993807504163504,0.7029333333333334,0.6193079880392994,0.9361811191798377,23410,1,0.0009795908288537658,0.8759072023720383,0.12355833333333334,nan,0.0,0.11286711180291605,0.6502791575883462,0.0,0.0,5,6,5,0.0,0
hole,ray_gpis_hit_only,Cube,15,0.7215328189316955,0.5935933333333333,0.43721381093057604,0.8732459379615952,21664,2,0.009331014633795709,0.7808076971328284,0.13605833333333334,nan,0.0,0.1899171996017685,0.650008725073473,0.0,0.0,5,6,5,0.0,0
hole,ray_gpis_hit_only,Cube,16,0.7786018701795566,0.6692533333333335,0.5190538510009209,0.8495952692550046,20631,2,0.005193650618570522,0.8440156872091162,0.12741666666666665,nan,0.0,0.10535530240449589,0.6501542620409052,0.0,0.0,5,6,5,0.0,0
hole,ray_gpis_hit_only,Cube,17,0.8340080044002237,0.7543933333333334,0.6873774873774873,0.9913869913869914,23569,1,0.0005415054604910874,0.9124601057864226,0.1174,nan,0.0,0.10357788880064618,0.6500825390369268,0.0,0.0,5,6,5,0.0,0
hole,ray_gpis_hit_only,Cube,18,0.7917398983537349,0.6877266666666667,0.5818185876261047,0.8636282474779038,22402,2,0.0072472254806631164,0.8631069491114982,0.11524166666666667,nan,0.0,0.10862296700652223,0.650114933803891,0.0,0.0,5,6,5,0.0,0
hole,ray_gpis_hit_only,Cube,19,0.7526050794864456,0.6341466666666666,0.5343064454533882,0.9082191199558705,23567,1,0.006507159530543788,0.82336707017168,0.128375,nan,0.0,0.10301076140021906,0.6500270652630092,0.0,0.0,5,6,5,0.0,0
hole,ray_gpis_hit_only,Cube,20,0.8386269456248314,0.7565566666666668,0.6798202542744411,0.9654975887768522,22810,1,0.0,0.9122884591845124,0.10844166666666666,nan,0.0,0.10373771040467546,0.6499116570085709,0.0,0.0,5,6,5,0.0,0
hole,ray_gpis_hit_only,Cube,21,0.7842921016665627,0.6753233333333334,0.5624107102744957,0.8723213082348713,22259,1,0.0,0.8520225860219857,0.11490833333333333,nan,0.0,0.10956637220224366,0.6501053436420889,0.0,0.0,5,6,5,0.0,0
hole,ray_gpis_hit_only,Cube,22,0.7626200714134113,0.6496799999999999,0.5572854795905472,0.9393824508193268,23739,1,0.023526985748130447,0.834970736765718,0.13058333333333333,nan,0.0,0.10601483399805148,0.6499963395682314,0.0,0.0,5,6,5,0.0,0
hole,ray_gpis_hit_only,Cylinder,15,0.8088631514349693,0.7031633333333334,0.5989055040086478,0.8652824069903612,22202,1,0.006608688829307097,0.8719065883356403,0.09023333333333333,nan,0.0,0.11092525360290892,0.6498516489035628,0.0,0.0,5,6,5,0.0,0
hole,ray_gpis_hit_only,Cylinder,16,0.7170408777328982,0.5892366666666666,0.44688271466403345,0.8885048700570044,22279,2,0.029290322551403125,0.775817396211121,0.13340000000000002,nan,0.0,0.12071248879656196,0.6498597443753518,0.0,0.0,5,6,5,0.0,0
hole,ray_gpis_hit_only,Cylinder,17,0.7173820544217534,0.5944499999999999,0.5046616725022393,0.8681296311375295,24562,1,0.04044989321910078,0.78835903378857,0.125775,nan,0.0,0.10150802540010773,0.6499341277933479,0.0,0.0,5,6,5,0.0,0
hole,ray_gpis_hit_only,Cylinder,18,0.8080419719790299,0.7104266666666667,0.6124726769862159,0.949458000624526,22417,1,0.0,0.8779269409967383,0.11923333333333334,nan,0.0,0.10881068820890505,0.649937335489558,0.0,0.0,5,6,5,0.0,0
hole,ray_gpis_hit_only,Cylinder,19,0.7258667026383353,0.6091933333333334,0.4932924193966636,0.8646382574120495,23138,2,0.0014392417454503759,0.8013243553694094,0.14586666666666664,nan,0.0,0.11564025120460428,0.6502590935919471,0.0,0.0,5,6,5,0.0,0
hole,ray_gpis_hit_only,Cylinder,20,0.8220861506563862,0.7274033333333334,0.6306945447976878,0.8580653901734104,22144,1,0.006511986979996692,0.8909651504148042,0.09556666666666666,nan,0.0,0.11185651719279122,0.6500494293995858,0.0,0.0,5,6,5,0.0,0
hole,ray_gpis_hit_only,Cylinder,21,0.8127640063292594,0.7116900000000002,0.6018550911434358,0.8949088565641686,21724,1,0.006312014826863804,0.8778184390190386,0.10428333333333334,nan,0.0,0.1078476134018274,0.6502030122552882,0.0,0.0,5,6,5,0.0,0
hole,ray_gpis_hit_only,Cylinder,22,0.8035457110993016,0.7112433333333332,0.6344712633977551,0.9353953920162039,23698,1,0.0013269706499121625,0.8830151737689653,0.12383333333333332,nan,0.0,0.10460608540161047,0.6501927487474677,0.0,0.0,5,6,5,0.0,0
hole,ray_gpis_hit_only,L_Shaped,15,0.8051066046445279,0.7031833333333333,0.6122768051563453,0.9059750892779375,22962,1,0.002758034823451133,0.874272954114601,0.10412500000000002,nan,0.0,0.10893381439964286,0.6500889275940765,0.0,0.0,5,6,5,0.0,0
hole,ray_gpis_hit_only,L_Shaped,16,0.7623135919599617,0.6462,0.536910994764398,0.9089877835951135,22920,1,0.03414898627116486,0.8280680249424445,0.12115833333333333,nan,0.0,0.10321349980076774,0.6501092172664614,0.0,0.0,5,6,5,0.0,0
hole,ray_gpis_hit_only,L_Shaped,17,0.7613230169517744,0.64494,0.562302761341223,0.8247041420118343,24336,1,0.014834548226435124,0.834752964725651,0.10276666666666667,nan,0.0,0.10668981619819533,0.6502703371731626,0.0,0.0,5,6,5,0.0,0
hole,ray_gpis_hit_only,L_Shaped,18,0.8351958540419073,0.7496266666666667,0.6584420899458869,0.9418398435723705,21991,1,0.0,0.9058948547878767,0.10958333333333334,nan,0.0,0.09969921100127976,0.6501184985254086,0.0,0.0,5,6,5,0.0,0
hole,ray_gpis_hit_only,L_Shaped,19,0.7940647716219624,0.6882266666666667,0.5826141282520416,0.9403364719532331,22409,1,0.038625351592223856,0.8588301660959436,0.11400833333333334,nan,0.0,0.10035739140002989,0.6497874897934688,0.0,0.0,5,6,5,0.0,0
hole,ray_gpis_hit_only,L_Shaped,20,0.7312724475144555,0.6218266666666666,0.5120134199320401,0.9375026882876683,23249,2,0.0,0.8104003952031273,0.16276666666666667,nan,0.0,0.09676037619356066,0.650077872561699,0.0,0.0,5,6,5,0.0,0
hole,ray_gpis_hit_only,L_Shaped,21,0.8200823879764325,0.7232266666666666,0.5924009621520789,0.972068136075794,20371,1,0.014069339689215699,0.8809398532780676,0.12006666666666665,nan,0.0,0.10624771340226288,0.6499446263067474,0.0,0.0,5,6,5,0.0,0
hole,ray_gpis_hit_only,L_Shaped,22,0.7213849923289966,0.6026733333333333,0.4983460292075249,0.8906190816884811,23761,2,0.019334355885366583,0.7951279009423964,0.14310833333333334,nan,0.0,0.1122278833965538,0.6501150794580587,0.0,0.0,5,6,5,0.0,0
hole,ray_gpis_hit_only,Thin_Irregular,15,0.7974519689270789,0.69016,0.5860705379408622,0.8740648379052369,22456,1,0.003965183178161968,0.8644033486569372,0.10401666666666666,nan,0.0,0.27361264799837953,0.6499498066186221,0.0,0.0,5,6,5,0.0,0
hole,ray_gpis_hit_only,Thin_Irregular,16,0.7970604145776402,0.6950366666666667,0.6100877940675077,0.8791766109785203,23464,1,0.01339742745841871,0.8718326564676595,0.10922499999999999,nan,0.0,0.256865675811423,0.6500775181058309,0.0,0.0,5,6,5,0.0,0
hole,ray_gpis_hit_only,Thin_Irregular,17,0.7484158501173873,0.6269666666666668,0.49302346652169976,0.9253420313490985,22074,2,0.006433901055946378,0.8099934080599558,0.1326,nan,0.0,0.26346693839586804,0.65014514023355,0.0,0.0,5,6,5,0.0,0
hole,ray_gpis_hit_only,Thin_Irregular,18,0.711288890466052,0.5860533333333333,0.5034030471467988,0.9141440396688927,25007,2,0.011872995774586254,0.786997783101167,0.14161666666666667,nan,0.0,0.2749117369996384,0.650025521488877,0.0,0.0,5,6,5,0.0,0
hole,ray_gpis_hit_only,Thin_Irregular,19,0.7740022250938573,0.6587133333333334,0.5278705155399798,0.9280641888776169,21686,2,0.014679220435885154,0.8391696174596868,0.13171666666666665,nan,0.0,0.2655037381977309,0.6499564395952588,0.0,0.0,5,6,5,0.0,0
hole,ray_gpis_hit_only,Thin_Irregular,20,0.7747935224062148,0.6725066666666667,0.573909272269928,0.916037817677162,23058,2,0.0027815884888037767,0.8511836977855858,0.13600833333333334,nan,0.0,0.25756195559515616,0.6500672495884294,0.0,0.0,5,6,5,0.0,0
hole,ray_gpis_hit_only,Thin_Irregular,21,0.7163180278707069,0.5873066666666666,0.4916943794391756,0.7996058627909841,24357,2,0.017613046290359535,0.7864707752785423,0.11335833333333334,nan,0.0,0.24577192380093038,0.650078572482978,0.0,0.0,5,6,5,0.0,0
hole,ray_gpis_hit_only,Thin_Irregular,22,0.7656921004453574,0.6513066666666667,0.5412533438582642,0.9061965530851204,22803,2,0.004174536808668167,0.8351360199545881,0.12785,nan,0.0,0.2654741609992925,0.6499464812563818,0.0,0.0,5,6,5,0.0,0
hole,ray_gpis_hit_only,green_Pepper,15,0.7683429194430161,0.6530566666666667,0.5430120746432492,0.9180680570801317,22775,2,0.00814074232003073,0.8373283337024948,0.12816666666666665,nan,0.0,0.10642633319657761,0.6500065248886926,0.0,0.0,5,6,5,0.0,0
hole,ray_gpis_hit_only,green_Pepper,16,0.792457056015636,0.6925366666666667,0.612652752698106,0.9465837987653802,23813,1,0.0,0.8683097372190429,0.12279166666666667,nan,0.0,0.10986308180436026,0.6502034094241408,0.0,0.0,5,6,5,0.0,0
hole,ray_gpis_hit_only,green_Pepper,17,0.7650551041688031,0.65297,0.5766722238035215,0.8667913633960883,24593,1,0.024574184020870887,0.8409723724914923,0.11107500000000001,nan,0.0,0.10243953559547662,0.6500140558981218,0.0,0.0,5,6,5,0.0,0
hole,ray_gpis_hit_only,green_Pepper,18,0.8094252256905996,0.7081666666666667,0.6030290663401805,0.8991973881104611,22053,1,0.00878998109483456,0.8767840294305134,0.10802499999999998,nan,0.0,0.10938394660188351,0.6499338403332734,0.0,0.0,5,6,5,0.0,0
hole,ray_gpis_hit_only,green_Pepper,19,0.779581582221895,0.67147,0.5747918374390613,0.8760084559299366,23179,1,0.012227329468868203,0.852888445227518,0.11834166666666666,nan,0.0,0.10854323120438494,0.6500718085658178,0.0,0.0,5,6,5,0.0,0
hole,ray_gpis_hit_only,green_Pepper,20,0.7958334008373452,0.6915366666666666,0.5942695545422658,0.9312960364784286,22808,1,0.018146189124835788,0.8667825582430368,0.12001666666666666,nan,0.0,0.10956386440084316,0.6498367585383961,0.0,0.0,5,6,5,0.0,0
hole,ray_gpis_hit_only,green_Pepper,21,0.821176541030512,0.7202533333333333,0.6004761224586963,0.8384516497643194,21003,1,0.000611812565789821,0.881857910209014,0.08844166666666667,nan,0.0,0.11755634680157527,0.6498371385484317,0.0,0.0,5,6,5,0.0,0
hole,ray_gpis_hit_only,green_Pepper,22,0.7954227409446745,0.6919833333333333,0.592911582008018,0.9588528128992466,22699,1,0.012164164049309728,0.8649557701964807,0.123725,nan,0.0,0.11192382420122157,0.6498189542986474,0.0,0.0,5,6,5,0.0,0
