first_planner,second_planner,metric,second_minus_first,ci95,valid_pairs
ray_gpis_novelty_only,ray_gpis_uncertainty_only,mean_action_so3_error_deg,2.1049875685000683,1.5694478663445928,120
ray_gpis_novelty_only,ray_gpis_uncertainty_only,mean_nominal_target_view_error_deg,4.903251972940234,2.213121242506105,120
ray_gpis_novelty_only,ray_gpis_uncertainty_only,stall_action_rate,0.0,0.0,120
ray_gpis_novelty_only,ray_gpis_uncertainty_only,slip_action_rate,0.0,0.0,120
ray_gpis_novelty_only,ray_gpis_uncertainty_only,persistent_misalignment_action_rate,0.0,0.0,120
ray_gpis_novelty_only,ray_gpis_uncertainty_only,episode_stall_or_slip_rate,0.0,0.0,120
ray_gpis_novelty_only,ray_gpis_uncertainty_only,fault_action_gain_f@5,0.004145143383006567,0.005485118398108155,112
ray_gpis_novelty_only,ray_gpis_uncertainty_only,fault_action_regret_f@5,-0.005998062990535068,0.004964230535202604,112
ray_gpis_novelty_only,ray_gpis_uncertainty_only,post_fault_next_gain_f@5,0.0035643871905907984,0.007605972592532793,108
ray_gpis_novelty_only,ray_gpis_uncertainty_only,post_fault_next_regret_f@5,-0.0056912441578850555,0.005279584984043088,108
ray_gpis_novelty_only,ray_gpis_pointwise,mean_action_so3_error_deg,2.3873761532711,1.3988127897149845,120
ray_gpis_novelty_only,ray_gpis_pointwise,mean_nominal_target_view_error_deg,4.906657730156824,1.99248867599594,120
ray_gpis_novelty_only,ray_gpis_pointwise,stall_action_rate,0.0,0.0,120
ray_gpis_novelty_only,ray_gpis_pointwise,slip_action_rate,0.0,0.0,120
ray_gpis_novelty_only,ray_gpis_pointwise,persistent_misalignment_action_rate,0.0,0.0,120
ray_gpis_novelty_only,ray_gpis_pointwise,episode_stall_or_slip_rate,0.0,0.0,120
ray_gpis_novelty_only,ray_gpis_pointwise,fault_action_gain_f@5,0.00555427853474247,0.005250710975699055,112
ray_gpis_novelty_only,ray_gpis_pointwise,fault_action_regret_f@5,-0.006092317454377682,0.004838027985892923,112
ray_gpis_novelty_only,ray_gpis_pointwise,post_fault_next_gain_f@5,0.004150509514876311,0.007317948423807301,108
ray_gpis_novelty_only,ray_gpis_pointwise,post_fault_next_regret_f@5,-0.006044945766343124,0.005275064361545526,108
ray_gpis_novelty_only,ray_gpis_hit_only,mean_action_so3_error_deg,0.1782069572392945,1.8127211262079563,120
ray_gpis_novelty_only,ray_gpis_hit_only,mean_nominal_target_view_error_deg,2.8394268440253025,2.4519253743995932,120
ray_gpis_novelty_only,ray_gpis_hit_only,stall_action_rate,0.0,0.0,120
ray_gpis_novelty_only,ray_gpis_hit_only,slip_action_rate,0.0,0.0,120
ray_gpis_novelty_only,ray_gpis_hit_only,persistent_misalignment_action_rate,0.0,0.0,120
ray_gpis_novelty_only,ray_gpis_hit_only,episode_stall_or_slip_rate,0.0,0.0,120
ray_gpis_novelty_only,ray_gpis_hit_only,fault_action_gain_f@5,0.0022374873192217656,0.0060166832565010375,112
ray_gpis_novelty_only,ray_gpis_hit_only,fault_action_regret_f@5,-0.0008745801182284944,0.005881761474465411,112
ray_gpis_novelty_only,ray_gpis_hit_only,post_fault_next_gain_f@5,0.0017177565915331568,0.008600718626453509,108
ray_gpis_novelty_only,ray_gpis_hit_only,post_fault_next_regret_f@5,0.00018417166176914305,0.006682047009917859,108
ray_gpis_novelty_only,ray_gpis,mean_action_so3_error_deg,2.702525350900884,1.2790630057360137,120
ray_gpis_novelty_only,ray_gpis,mean_nominal_target_view_error_deg,5.29650564548823,1.9613969559924123,120
ray_gpis_novelty_only,ray_gpis,stall_action_rate,0.0,0.0,120
ray_gpis_novelty_only,ray_gpis,slip_action_rate,0.0,0.0,120
ray_gpis_novelty_only,ray_gpis,persistent_misalignment_action_rate,0.0,0.0,120
ray_gpis_novelty_only,ray_gpis,episode_stall_or_slip_rate,0.0,0.0,120
ray_gpis_novelty_only,ray_gpis,fault_action_gain_f@5,0.005027902119430607,0.005224847269680908,112
ray_gpis_novelty_only,ray_gpis,fault_action_regret_f@5,-0.006513362864023667,0.004779095097042296,112
ray_gpis_novelty_only,ray_gpis,post_fault_next_gain_f@5,0.004785284309757966,0.007401040893664524,108
ray_gpis_novelty_only,ray_gpis,post_fault_next_regret_f@5,-0.006906312860773388,0.005098876997786874,108
ray_gpis_uncertainty_only,ray_gpis_pointwise,mean_action_so3_error_deg,0.2823885847710316,0.9816159451073261,120
ray_gpis_uncertainty_only,ray_gpis_pointwise,mean_nominal_target_view_error_deg,0.00340575721659017,1.111359628848718,120
ray_gpis_uncertainty_only,ray_gpis_pointwise,stall_action_rate,0.0,0.0,120
ray_gpis_uncertainty_only,ray_gpis_pointwise,slip_action_rate,0.0,0.0,120
ray_gpis_uncertainty_only,ray_gpis_pointwise,persistent_misalignment_action_rate,0.0,0.0,120
ray_gpis_uncertainty_only,ray_gpis_pointwise,episode_stall_or_slip_rate,0.0,0.0,120
ray_gpis_uncertainty_only,ray_gpis_pointwise,fault_action_gain_f@5,0.0014091351517359029,0.001957351305766748,112
ray_gpis_uncertainty_only,ray_gpis_pointwise,fault_action_regret_f@5,-9.425446384261446e-05,0.0014086649422233118,112
ray_gpis_uncertainty_only,ray_gpis_pointwise,post_fault_next_gain_f@5,0.0005861223242855124,0.0023002141712925406,108
ray_gpis_uncertainty_only,ray_gpis_pointwise,post_fault_next_regret_f@5,-0.00035370160845806827,0.0015990520223822296,108
ray_gpis_uncertainty_only,ray_gpis_hit_only,mean_action_so3_error_deg,-1.9267806112607737,1.6027139022998032,120
ray_gpis_uncertainty_only,ray_gpis_hit_only,mean_nominal_target_view_error_deg,-2.063825128914931,1.6957882115696032,120
ray_gpis_uncertainty_only,ray_gpis_hit_only,stall_action_rate,0.0,0.0,120
ray_gpis_uncertainty_only,ray_gpis_hit_only,slip_action_rate,0.0,0.0,120
ray_gpis_uncertainty_only,ray_gpis_hit_only,persistent_misalignment_action_rate,0.0,0.0,120
ray_gpis_uncertainty_only,ray_gpis_hit_only,episode_stall_or_slip_rate,0.0,0.0,120
ray_gpis_uncertainty_only,ray_gpis_hit_only,fault_action_gain_f@5,-0.001907656063784802,0.0027629575102220885,112
ray_gpis_uncertainty_only,ray_gpis_hit_only,fault_action_regret_f@5,0.005123482872306574,0.0029035822682667903,112
ray_gpis_uncertainty_only,ray_gpis_hit_only,post_fault_next_gain_f@5,-0.0018466305990576415,0.005184827374122676,108
ray_gpis_uncertainty_only,ray_gpis_hit_only,post_fault_next_regret_f@5,0.005875415819654197,0.0047150933546741,108
ray_gpis_uncertainty_only,ray_gpis,mean_action_so3_error_deg,0.5975377824008156,0.9643751697276683,120
ray_gpis_uncertainty_only,ray_gpis,mean_nominal_target_view_error_deg,0.3932536725479957,1.181745617656313,120
ray_gpis_uncertainty_only,ray_gpis,stall_action_rate,0.0,0.0,120
ray_gpis_uncertainty_only,ray_gpis,slip_action_rate,0.0,0.0,120
ray_gpis_uncertainty_only,ray_gpis,persistent_misalignment_action_rate,0.0,0.0,120
ray_gpis_uncertainty_only,ray_gpis,episode_stall_or_slip_rate,0.0,0.0,120
ray_gpis_uncertainty_only,ray_gpis,fault_action_gain_f@5,0.0008827587364240392,0.0016932621368449523,112
ray_gpis_uncertainty_only,ray_gpis,fault_action_regret_f@5,-0.0005152998734885986,0.001394390365778027,112
ray_gpis_uncertainty_only,ray_gpis,post_fault_next_gain_f@5,0.0012208971191671669,0.002053285618578304,108
ray_gpis_uncertainty_only,ray_gpis,post_fault_next_regret_f@5,-0.001215068702888332,0.001756267594140925,108
ray_gpis_pointwise,ray_gpis_hit_only,mean_action_so3_error_deg,-2.2091691960318047,1.4623896097747215,120
ray_gpis_pointwise,ray_gpis_hit_only,mean_nominal_target_view_error_deg,-2.0672308861315214,1.6305695055973017,120
ray_gpis_pointwise,ray_gpis_hit_only,stall_action_rate,0.0,0.0,120
ray_gpis_pointwise,ray_gpis_hit_only,slip_action_rate,0.0,0.0,120
ray_gpis_pointwise,ray_gpis_hit_only,persistent_misalignment_action_rate,0.0,0.0,120
ray_gpis_pointwise,ray_gpis_hit_only,episode_stall_or_slip_rate,0.0,0.0,120
ray_gpis_pointwise,ray_gpis_hit_only,fault_action_gain_f@5,-0.0033167912155207054,0.003205077519005292,112
ray_gpis_pointwise,ray_gpis_hit_only,fault_action_regret_f@5,0.0052177373361491875,0.003270841829359113,112
ray_gpis_pointwise,ray_gpis_hit_only,post_fault_next_gain_f@5,-0.002432752923343153,0.00563312332260142,108
ray_gpis_pointwise,ray_gpis_hit_only,post_fault_next_regret_f@5,0.006229117428112266,0.004489897872255432,108
ray_gpis_pointwise,ray_gpis,mean_action_so3_error_deg,0.31514919762978394,0.5489154690547553,120
ray_gpis_pointwise,ray_gpis,mean_nominal_target_view_error_deg,0.3898479153314056,0.5374712825183964,120
ray_gpis_pointwise,ray_gpis,stall_action_rate,0.0,0.0,120
ray_gpis_pointwise,ray_gpis,slip_action_rate,0.0,0.0,120
ray_gpis_pointwise,ray_gpis,persistent_misalignment_action_rate,0.0,0.0,120
ray_gpis_pointwise,ray_gpis,episode_stall_or_slip_rate,0.0,0.0,120
ray_gpis_pointwise,ray_gpis,fault_action_gain_f@5,-0.0005263764153118634,0.0009397295124300111,112
ray_gpis_pointwise,ray_gpis,fault_action_regret_f@5,-0.000421045409645984,0.0009240602869132242,112
ray_gpis_pointwise,ray_gpis,post_fault_next_gain_f@5,0.0006347747948816546,0.0019201753367262423,108
ray_gpis_pointwise,ray_gpis,post_fault_next_regret_f@5,-0.0008613670944302641,0.0011709193536896016,108
ray_gpis_hit_only,ray_gpis,mean_action_so3_error_deg,2.5243183936615896,1.302288120897205,120
ray_gpis_hit_only,ray_gpis,mean_nominal_target_view_error_deg,2.4570788014629272,1.4987515928750275,120
ray_gpis_hit_only,ray_gpis,stall_action_rate,0.0,0.0,120
ray_gpis_hit_only,ray_gpis,slip_action_rate,0.0,0.0,120
ray_gpis_hit_only,ray_gpis,persistent_misalignment_action_rate,0.0,0.0,120
ray_gpis_hit_only,ray_gpis,episode_stall_or_slip_rate,0.0,0.0,120
ray_gpis_hit_only,ray_gpis,fault_action_gain_f@5,0.0027904148002088416,0.0030077480383630738,112
ray_gpis_hit_only,ray_gpis,fault_action_regret_f@5,-0.005638782745795172,0.0030190677063668537,112
ray_gpis_hit_only,ray_gpis,post_fault_next_gain_f@5,0.003067527718224808,0.005273955016524809,108
ray_gpis_hit_only,ray_gpis,post_fault_next_regret_f@5,-0.00709048452254253,0.0045203015150714195,108
