object_name,method,reconstruction_seed,trial_seed,placement_success,regrasp_success,conditional_regrasp_success,sequential_success,placement_margin_m,placement_tilt_deg,placement_tilt_limit_deg,predicted_grasp_width_m,actual_grasp_width_m,contact_error_m,antipodal_margin,failure_reason
Big_Cylinder,aurora_real,0,0,True,False,False,False,0.027780699027377686,5.356529987558396,37.698290336493386,0.07496483981607666,nan,inf,-1.0,no_gt_contact
Big_Cylinder,aurora_real,0,1,True,False,False,False,0.02778069902737773,6.5550519185488065,37.698290336493436,0.07496483981607666,nan,inf,-1.0,no_gt_contact
Big_Cylinder,aurora_real,0,2,True,False,False,False,0.027780699027377745,3.097800656689588,37.69829033649345,0.07496483981607666,nan,inf,-1.0,no_gt_contact
Big_Cylinder,aurora_real,0,3,True,False,False,False,0.02778069902737773,1.1591849953711442,37.698290336493436,0.07496483981607666,nan,inf,-1.0,no_gt_contact
Big_Cylinder,aurora_real,0,4,True,False,False,False,0.027780699027377675,3.7266023903895995,37.69829033649338,0.07496483981607666,nan,inf,-1.0,no_gt_contact
Big_Cylinder,aurora_real,0,5,True,False,False,False,0.027780699027377773,3.708587241231295,37.69829033649348,0.07496483981607666,nan,inf,-1.0,no_gt_contact
Big_Cylinder,aurora_real,0,6,True,False,False,False,0.02778069902737775,5.005588511142475,37.69829033649345,0.07496483981607666,nan,inf,-1.0,no_gt_contact
Big_Cylinder,aurora_real,0,7,True,False,False,False,0.027780699027377714,0.8247031988536317,37.69829033649342,0.07496483981607666,nan,inf,-1.0,no_gt_contact
Big_Cylinder,aurora_real,0,8,True,False,False,False,0.027780699027377724,6.338324132515143,37.69829033649343,0.07496483981607666,nan,inf,-1.0,no_gt_contact
Big_Cylinder,aurora_real,0,9,True,False,False,False,0.02778069902737774,0.8342992223775622,37.69829033649344,0.07496483981607666,nan,inf,-1.0,no_gt_contact
Big_Cylinder,aurora_real,0,10,True,False,False,False,0.027780699027377787,2.247355646508071,37.69829033649349,0.07496483981607666,nan,inf,-1.0,no_gt_contact
Big_Cylinder,aurora_real,0,11,True,False,False,False,0.02778069902737769,0.797604052768104,37.69829033649339,0.07496483981607666,nan,inf,-1.0,no_gt_contact
Big_Cylinder,aurora_real,0,12,True,False,False,False,0.02778069902737772,2.0546544212674993,37.69829033649343,0.07496483981607666,nan,inf,-1.0,no_gt_contact
Big_Cylinder,aurora_real,0,13,True,False,False,False,0.02778069902737773,3.4594681937860274,37.698290336493436,0.07496483981607666,nan,inf,-1.0,no_gt_contact
Big_Cylinder,aurora_real,0,14,True,False,False,False,0.02778069902737773,4.973486478319724,37.698290336493436,0.07496483981607666,nan,inf,-1.0,no_gt_contact
Big_Cylinder,aurora_real,0,15,True,False,False,False,0.02778069902737775,1.8703127729553797,37.69829033649345,0.07496483981607666,nan,inf,-1.0,no_gt_contact
Big_Cylinder,aurora_real,0,16,True,False,False,False,0.02778069902737777,3.162814529583791,37.69829033649347,0.07496483981607666,nan,inf,-1.0,no_gt_contact
Big_Cylinder,aurora_real,0,17,True,False,False,False,0.027780699027377766,1.304540344639593,37.69829033649347,0.07496483981607666,nan,inf,-1.0,no_gt_contact
Big_Cylinder,aurora_real,0,18,True,False,False,False,0.0277806990273777,3.5705357734041128,37.6982903364934,0.07496483981607666,nan,inf,-1.0,no_gt_contact
Big_Cylinder,aurora_real,0,19,True,False,False,False,0.027780699027377707,1.604542623324378,37.698290336493415,0.07496483981607666,nan,inf,-1.0,no_gt_contact
Big_Cylinder,aurora_real,0,20,True,False,False,False,0.027780699027377714,2.600050368691674,37.69829033649342,0.07496483981607666,nan,inf,-1.0,no_gt_contact
Big_Cylinder,aurora_real,0,21,True,False,False,False,0.027780699027377776,4.134437125094249,37.69829033649348,0.07496483981607666,nan,inf,-1.0,no_gt_contact
Big_Cylinder,aurora_real,0,22,True,False,False,False,0.027780699027377728,3.8026877825174874,37.698290336493436,0.07496483981607666,nan,inf,-1.0,no_gt_contact
Big_Cylinder,aurora_real,0,23,True,False,False,False,0.02778069902737777,5.341567188029428,37.69829033649347,0.07496483981607666,nan,inf,-1.0,no_gt_contact
Big_Cylinder,aurora_real,0,24,True,False,False,False,0.027780699027377818,4.609680659300531,37.69829033649352,0.07496483981607666,nan,inf,-1.0,no_gt_contact
Big_Cylinder,aurora_real,0,25,True,False,False,False,0.02778069902737773,2.015855064907303,37.698290336493436,0.07496483981607666,nan,inf,-1.0,no_gt_contact
Big_Cylinder,aurora_real,0,26,True,False,False,False,0.027780699027377752,2.518330404111333,37.69829033649346,0.07496483981607666,nan,inf,-1.0,no_gt_contact
Big_Cylinder,aurora_real,0,27,True,False,False,False,0.027780699027377724,2.6466838573170395,37.69829033649343,0.07496483981607666,nan,inf,-1.0,no_gt_contact
Big_Cylinder,aurora_real,0,28,True,False,False,False,0.02778069902737773,3.3694944057653315,37.698290336493436,0.07496483981607666,nan,inf,-1.0,no_gt_contact
Big_Cylinder,aurora_real,0,29,True,False,False,False,0.027780699027377766,4.399275601557509,37.69829033649347,0.07496483981607666,nan,inf,-1.0,no_gt_contact
cube_obj_01,aurora_real,0,0,True,True,True,True,0.03524435477281593,5.356529987558396,44.96905941658217,0.07581101935698273,0.07060806554341335,0.0038118684282385296,0.9911921465600249,success
cube_obj_01,aurora_real,0,1,True,True,True,True,0.03524435477281592,6.5550519185488065,44.96905941658216,0.07581101935698273,0.07069443871941121,0.0030418329995261597,0.9974200756059302,success
cube_obj_01,aurora_real,0,2,True,True,True,True,0.03524435477281594,3.097800656689588,44.96905941658218,0.07581101935698273,0.07067064830612538,0.002809930307876471,0.999567540639079,success
cube_obj_01,aurora_real,0,3,True,True,True,True,0.035244354772815914,1.1591849953711442,44.96905941658216,0.07581101935698273,0.07078615836361506,0.0025662385897547895,0.9738850577032037,success
cube_obj_01,aurora_real,0,4,True,True,True,True,0.03524435477281589,3.7266023903895995,44.96905941658214,0.07581101935698273,0.07080754826398189,0.0031651650451729333,0.9529442501429612,success
cube_obj_01,aurora_real,0,5,True,True,True,True,0.03524435477281591,3.708587241231295,44.969059416582155,0.07581101935698273,0.07075766854233811,0.004186783973606515,0.9923910741119787,success
cube_obj_01,aurora_real,0,6,True,True,True,True,0.03524435477281593,5.005588511142475,44.96905941658217,0.07581101935698273,0.07071889792184749,0.0025499946241227638,0.9823881821876022,success
cube_obj_01,aurora_real,0,7,True,True,True,True,0.035244354772815935,0.8247031988536317,44.969059416582176,0.07581101935698273,0.07074967757606965,0.006095758804923453,0.9977020924114205,success
cube_obj_01,aurora_real,0,8,True,True,True,True,0.03524435477281586,6.338324132515143,44.96905941658211,0.07581101935698273,0.07061446239903364,0.004034646109933119,0.9136188206127773,success
cube_obj_01,aurora_real,0,9,True,True,True,True,0.03524435477281591,0.8342992223775622,44.969059416582155,0.07581101935698273,0.07109343032551978,0.006377384369971977,0.9805037734990893,success
cube_obj_01,aurora_real,0,10,True,True,True,True,0.035244354772815914,2.247355646508071,44.96905941658216,0.07581101935698273,0.07074415689349786,0.003969500839477158,0.9988785859001691,success
cube_obj_01,aurora_real,0,11,True,True,True,True,0.03524435477281593,0.797604052768104,44.96905941658217,0.07581101935698273,0.07074349776181998,0.0028960825320096984,0.9988499429561473,success
cube_obj_01,aurora_real,0,12,True,True,True,True,0.0352443547728159,2.0546544212674993,44.96905941658215,0.07581101935698273,0.07085602592031068,0.0047577767123470165,0.9328545421918845,success
cube_obj_01,aurora_real,0,13,True,True,True,True,0.035244354772815914,3.4594681937860274,44.96905941658216,0.07581101935698273,0.07072020686408918,0.004242618704103605,0.9868002413857203,success
cube_obj_01,aurora_real,0,14,True,True,True,True,0.03524435477281592,4.973486478319724,44.96905941658216,0.07581101935698273,0.07072449258695775,0.0034356939289120624,0.9918282780656444,success
cube_obj_01,aurora_real,0,15,True,True,True,True,0.03524435477281594,1.8703127729553797,44.96905941658218,0.07581101935698273,0.07081963572422445,0.006376729051639122,0.9770574443739172,success
cube_obj_01,aurora_real,0,16,True,True,True,True,0.03524435477281593,3.162814529583791,44.96905941658217,0.07581101935698273,0.07076285441870084,0.004675050186311663,0.8308717536152748,success
cube_obj_01,aurora_real,0,17,True,True,True,True,0.03524435477281591,1.304540344639593,44.969059416582155,0.07581101935698273,0.07083875750548806,0.005752867790791032,0.9719005736057793,success
cube_obj_01,aurora_real,0,18,True,True,True,True,0.03524435477281592,3.5705357734041128,44.96905941658216,0.07581101935698273,0.07061566786529998,0.003645137970801778,0.9994036059963367,success
cube_obj_01,aurora_real,0,19,True,True,True,True,0.03524435477281591,1.604542623324378,44.969059416582155,0.07581101935698273,0.07092108053296091,0.004940586086434103,0.9736250855064492,success
cube_obj_01,aurora_real,0,20,True,True,True,True,0.03524435477281592,2.600050368691674,44.96905941658216,0.07581101935698273,0.07076415468614536,0.003927062115234298,0.9863624823178985,success
cube_obj_01,aurora_real,0,21,True,True,True,True,0.035244354772815914,4.134437125094249,44.96905941658216,0.07581101935698273,0.07063737055948993,0.0026767231042288996,0.9785317966887599,success
cube_obj_01,aurora_real,0,22,True,True,True,True,0.03524435477281589,3.8026877825174874,44.96905941658214,0.07581101935698273,0.07095370783526962,0.003015716808410517,0.986725345074371,success
cube_obj_01,aurora_real,0,23,True,True,True,True,0.03524435477281591,5.341567188029428,44.969059416582155,0.07581101935698273,0.07078018773741346,0.004583175442848916,0.9986361227447228,success
cube_obj_01,aurora_real,0,24,True,True,True,True,0.035244354772815935,4.609680659300531,44.969059416582176,0.07581101935698273,0.07065630866611561,0.0031409470641072337,0.9960061383614777,success
cube_obj_01,aurora_real,0,25,True,True,True,True,0.035244354772815914,2.015855064907303,44.96905941658216,0.07581101935698273,0.07073714014115365,0.004707025514896993,0.9401313673194845,success
cube_obj_01,aurora_real,0,26,True,True,True,True,0.03524435477281593,2.518330404111333,44.96905941658217,0.07581101935698273,0.07066794188114481,0.004508719495441566,0.9772855707169084,success
cube_obj_01,aurora_real,0,27,True,True,True,True,0.03524435477281589,2.6466838573170395,44.96905941658214,0.07581101935698273,0.07065781309217525,0.002787856894648943,0.9905989961022819,success
cube_obj_01,aurora_real,0,28,True,True,True,True,0.035244354772815935,3.3694944057653315,44.969059416582176,0.07581101935698273,0.07100564166934552,0.0027912068196257497,0.9732339054794904,success
cube_obj_01,aurora_real,0,29,True,True,True,True,0.03524435477281591,4.399275601557509,44.969059416582155,0.07581101935698273,0.0707443310906078,0.004208353860665536,0.9988356468066004,success
cube_obj_02,aurora_real,0,0,False,False,True,False,-0.005132015332593766,5.356529987558396,0.0,0.07462269571130468,0.07120895430153694,0.002274724155659065,0.990906694496417,placement_unstable
cube_obj_02,aurora_real,0,1,False,False,True,False,-0.005132015332593832,6.5550519185488065,0.0,0.07462269571130468,0.07106137140274682,0.0021613123169758135,0.9836554313622454,placement_unstable
cube_obj_02,aurora_real,0,2,False,False,True,False,-0.0051320153325938155,3.097800656689588,0.0,0.07462269571130468,0.0711824808761706,0.001901931386454327,0.9405287577180138,placement_unstable
cube_obj_02,aurora_real,0,3,False,False,True,False,-0.005132015332593835,1.1591849953711442,0.0,0.07462269571130468,0.07090638264252809,0.0034822936975505005,0.9890800111139145,placement_unstable
cube_obj_02,aurora_real,0,4,False,False,True,False,-0.005132015332593855,3.7266023903895995,0.0,0.07462269571130468,0.07104118091962613,0.0019528820296283065,0.9974230244860501,placement_unstable
cube_obj_02,aurora_real,0,5,False,False,False,False,-0.005132015332593768,3.708587241231295,0.0,0.07462269571130468,0.07131425688463675,0.0021772203689156178,0.53731946151146,placement_unstable
cube_obj_02,aurora_real,0,6,False,False,True,False,-0.005132015332593778,5.005588511142475,0.0,0.07462269571130468,0.07170980623123749,0.0021873317954306357,0.9405314924492475,placement_unstable
cube_obj_02,aurora_real,0,7,False,False,True,False,-0.00513201533259379,0.8247031988536317,0.0,0.07462269571130468,0.07115295108473174,0.004045103641296976,0.9230802029428345,placement_unstable
cube_obj_02,aurora_real,0,8,False,False,True,False,-0.005132015332593795,6.338324132515143,0.0,0.07462269571130468,0.07092882187574308,0.002472994304179159,0.9758372832339581,placement_unstable
cube_obj_02,aurora_real,0,9,False,False,True,False,-0.005132015332593829,0.8342992223775622,0.0,0.07462269571130468,0.07104180814357183,0.004816511994468225,0.9733968961220064,placement_unstable
cube_obj_02,aurora_real,0,10,False,False,True,False,-0.0051320153325937696,2.247355646508071,0.0,0.07462269571130468,0.07163670565563021,0.0020967751782507236,0.8122059188578757,placement_unstable
cube_obj_02,aurora_real,0,11,False,False,True,False,-0.005132015332593819,0.797604052768104,0.0,0.07462269571130468,0.07109027576290164,0.0024220696829875114,0.8764459641757225,placement_unstable
cube_obj_02,aurora_real,0,12,False,False,False,False,-0.005132015332593834,2.0546544212674993,0.0,0.07462269571130468,0.07120968017509258,0.0024755566973204916,0.6216909599164867,placement_unstable
cube_obj_02,aurora_real,0,13,False,False,True,False,-0.005132015332593817,3.4594681937860274,0.0,0.07462269571130468,0.07111903683132102,0.004754145199650633,0.981638735136943,placement_unstable
cube_obj_02,aurora_real,0,14,False,False,False,False,-0.005132015332593791,4.973486478319724,0.0,0.07462269571130468,0.07136304771327841,0.0016685223146335412,0.5481121672307429,placement_unstable
cube_obj_02,aurora_real,0,15,False,False,True,False,-0.005132015332593812,1.8703127729553797,0.0,0.07462269571130468,0.07146636671791085,0.0036361191656956167,0.9464007295650517,placement_unstable
cube_obj_02,aurora_real,0,16,False,False,True,False,-0.005132015332593771,3.162814529583791,0.0,0.07462269571130468,0.07163350875653943,0.0019244323731803677,0.9784581880625999,placement_unstable
cube_obj_02,aurora_real,0,17,False,False,True,False,-0.005132015332593793,1.304540344639593,0.0,0.07462269571130468,0.07091662798246016,0.003860667312069339,0.9628509349234243,placement_unstable
cube_obj_02,aurora_real,0,18,False,False,True,False,-0.005132015332593804,3.5705357734041128,0.0,0.07462269571130468,0.07186559492205627,0.0016590200506147886,0.9816828850697086,placement_unstable
cube_obj_02,aurora_real,0,19,False,False,True,False,-0.0051320153325938485,1.604542623324378,0.0,0.07462269571130468,0.07098640914170845,0.0028123636608128467,0.9795370237926858,placement_unstable
cube_obj_02,aurora_real,0,20,False,False,True,False,-0.005132015332593839,2.600050368691674,0.0,0.07462269571130468,0.07102143620453702,0.005082699913296036,0.9148891401617424,placement_unstable
cube_obj_02,aurora_real,0,21,False,False,True,False,-0.005132015332593776,4.134437125094249,0.0,0.07462269571130468,0.07126235192087386,0.0026730362655614016,0.9151153723556155,placement_unstable
cube_obj_02,aurora_real,0,22,False,False,True,False,-0.005132015332593867,3.8026877825174874,0.0,0.07462269571130468,0.070983937877607,0.001908160035241805,0.9992700063853373,placement_unstable
cube_obj_02,aurora_real,0,23,False,False,True,False,-0.005132015332593883,5.341567188029428,0.0,0.07462269571130468,0.07093652858604886,0.0034854597470914124,0.9819723943117714,placement_unstable
cube_obj_02,aurora_real,0,24,False,False,False,False,-0.00513201533259385,4.609680659300531,0.0,0.07462269571130468,0.07137084908600613,0.002624435223087852,0.5842844436314429,placement_unstable
cube_obj_02,aurora_real,0,25,False,False,True,False,-0.005132015332593801,2.015855064907303,0.0,0.07462269571130468,0.07098769724184553,0.0033096717143590478,0.9988736529169093,placement_unstable
cube_obj_02,aurora_real,0,26,False,False,True,False,-0.00513201533259381,2.518330404111333,0.0,0.07462269571130468,0.07173904425402412,0.0024836404135081115,0.9650249541172048,placement_unstable
cube_obj_02,aurora_real,0,27,False,False,True,False,-0.005132015332593841,2.6466838573170395,0.0,0.07462269571130468,0.07172919063087056,0.0020744788566690784,0.8058584958382833,placement_unstable
cube_obj_02,aurora_real,0,28,False,False,True,False,-0.00513201533259383,3.3694944057653315,0.0,0.07462269571130468,0.07091978754689175,0.0034970787198102247,0.9738249408441589,placement_unstable
cube_obj_02,aurora_real,0,29,False,False,False,False,-0.005132015332593793,4.399275601557509,0.0,0.07462269571130468,0.07148418148500887,0.0022531757084620005,0.7250038462141227,placement_unstable
cube_purple,aurora_real,0,0,True,False,False,False,0.02433669541947567,5.356529987558396,38.48708757897991,0.07687202084391268,nan,inf,-1.0,no_gt_contact
cube_purple,aurora_real,0,1,True,True,True,True,0.02433669541947568,6.5550519185488065,38.48708757897992,0.07687202084391268,0.07189517352039296,0.003850732521585012,0.9172828823719085,success
cube_purple,aurora_real,0,2,True,False,False,False,0.024336695419475668,3.097800656689588,38.4870875789799,0.07687202084391268,0.03333726926365966,0.04000857266093032,0.03646030072192441,not_antipodal
cube_purple,aurora_real,0,3,True,True,True,True,0.024336695419475664,1.1591849953711442,38.4870875789799,0.07687202084391268,0.07176449886823238,0.006941542011819335,0.8702985639608072,success
cube_purple,aurora_real,0,4,True,False,False,False,0.024336695419475658,3.7266023903895995,38.48708757897989,0.07687202084391268,0.026742338686159356,0.04590898768818298,0.050753147513195596,not_antipodal
cube_purple,aurora_real,0,5,True,True,True,True,0.02433669541947568,3.708587241231295,38.48708757897992,0.07687202084391268,0.07188683749388089,0.0048476754982199124,0.9950048493885435,success
cube_purple,aurora_real,0,6,True,False,False,False,0.024336695419475675,5.005588511142475,38.48708757897997,0.07687202084391268,0.01707244510302408,0.05426846143344782,0.03554112877243734,not_antipodal
cube_purple,aurora_real,0,7,True,True,True,True,0.024336695419475647,0.8247031988536317,38.48708757897994,0.07687202084391268,0.07223348211601661,0.003354095404215918,0.9926545719822648,success
cube_purple,aurora_real,0,8,True,True,True,True,0.024336695419475664,6.338324132515143,38.4870875789799,0.07687202084391268,0.07188609767160052,0.004579347670712642,0.8706511232805174,success
cube_purple,aurora_real,0,9,True,True,True,True,0.02433669541947566,0.8342992223775622,38.487087578979946,0.07687202084391268,0.07263571804901299,0.00288046500180478,0.9722775042933149,success
cube_purple,aurora_real,0,10,True,True,True,True,0.024336695419475692,2.247355646508071,38.48708757897994,0.07687202084391268,0.07163095812459756,0.004724113384231804,0.8481426457293476,success
cube_purple,aurora_real,0,11,True,False,False,False,0.024336695419475654,0.797604052768104,38.48708757897989,0.07687202084391268,0.04892571116336337,0.022206344423099357,0.04826664453420315,not_antipodal
cube_purple,aurora_real,0,12,True,True,True,True,0.024336695419475692,2.0546544212674993,38.48708757897994,0.07687202084391268,0.07216461843298802,0.005108240456789894,0.9844538698484359,success
cube_purple,aurora_real,0,13,True,False,False,False,0.024336695419475654,3.4594681937860274,38.48708757897989,0.07687202084391268,0.04675160631579679,0.02258948089324643,0.0502743095341483,not_antipodal
cube_purple,aurora_real,0,14,True,False,False,False,0.02433669541947564,4.973486478319724,38.487087578979875,0.07687202084391268,0.06603305615715734,0.005883981340112287,0.0752575701470456,not_antipodal
cube_purple,aurora_real,0,15,True,True,True,True,0.02433669541947568,1.8703127729553797,38.48708757897992,0.07687202084391268,0.07211533499971128,0.005021317179569807,0.9826579350471272,success
cube_purple,aurora_real,0,16,True,False,False,False,0.024336695419475647,3.162814529583791,38.48708757897989,0.07687202084391268,0.07115843339941545,0.006079899987316682,0.23941953450772188,not_antipodal
cube_purple,aurora_real,0,17,True,True,True,True,0.024336695419475685,1.304540344639593,38.487087578979924,0.07687202084391268,0.07207492135638405,0.0036077044688391136,0.9730949718275517,success
cube_purple,aurora_real,0,18,True,False,False,False,0.0243366954194757,3.5705357734041128,38.487087578979946,0.07687202084391268,0.07162350663356602,0.005075453418077669,0.29389448547721103,not_antipodal
cube_purple,aurora_real,0,19,True,True,True,True,0.024336695419475658,1.604542623324378,38.48708757897989,0.07687202084391268,0.07191441472631435,0.004785905142958981,0.9937018781268724,success
cube_purple,aurora_real,0,20,True,False,False,False,0.024336695419475685,2.600050368691674,38.487087578979974,0.07687202084391268,0.07118637483427623,0.00905893180379892,0.5660084924489792,not_antipodal
cube_purple,aurora_real,0,21,True,False,False,False,0.02433669541947567,4.134437125094249,38.48708757897991,0.07687202084391268,0.05397544886158388,0.01738060217520831,0.044618096220526426,not_antipodal
cube_purple,aurora_real,0,22,True,False,False,False,0.024336695419475685,3.8026877825174874,38.487087578979924,0.07687202084391268,0.048447481781110635,0.02833553050628504,0.042719715147101656,not_antipodal
cube_purple,aurora_real,0,23,True,True,True,True,0.02433669541947568,5.341567188029428,38.48708757897992,0.07687202084391268,0.07162571002621651,0.003131016784656816,0.8489821696109303,success
cube_purple,aurora_real,0,24,True,True,True,True,0.024336695419475682,4.609680659300531,38.487087578979924,0.07687202084391268,0.07220369290593238,0.006721185033748502,0.999822735750894,success
cube_purple,aurora_real,0,25,True,True,True,True,0.024336695419475658,2.015855064907303,38.48708757897989,0.07687202084391268,0.07200159869631186,0.003586027752801238,0.8875707826820023,success
cube_purple,aurora_real,0,26,True,False,False,False,0.024336695419475668,2.518330404111333,38.4870875789799,0.07687202084391268,0.06791022848324207,0.0044954397136603985,0.09401346257638549,not_antipodal
cube_purple,aurora_real,0,27,True,False,False,False,0.02433669541947565,2.6466838573170395,38.48708757897989,0.07687202084391268,0.05360023206111801,0.017578969213823206,0.032414135071628464,not_antipodal
cube_purple,aurora_real,0,28,True,False,False,False,0.024336695419475654,3.3694944057653315,38.48708757897989,0.07687202084391268,0.07107413748793352,0.007017935556354157,0.62462680475092,not_antipodal
cube_purple,aurora_real,0,29,True,True,True,True,0.024336695419475654,4.399275601557509,38.48708757897989,0.07687202084391268,0.07183057150024623,0.004795342224590456,0.985719583354342,success
green_Pepper,aurora_real,0,0,False,False,True,False,-0.010414506416107881,5.356529987558396,0.0,0.0745714475433225,0.07185928992725266,0.004162474100317028,0.9506122932802509,placement_unstable
green_Pepper,aurora_real,0,1,False,False,True,False,-0.010414506416107793,6.5550519185488065,0.0,0.0745714475433225,0.07080546274932786,0.003446347723649814,0.9446048759841434,placement_unstable
green_Pepper,aurora_real,0,2,False,False,True,False,-0.01041450641610784,3.097800656689588,0.0,0.0745714475433225,0.07091613001206912,0.004198418610406703,0.9501719888910408,placement_unstable
green_Pepper,aurora_real,0,3,False,False,True,False,-0.010414506416107855,1.1591849953711442,0.0,0.0745714475433225,0.07135871277117108,0.0031013859874933812,0.9525155591422566,placement_unstable
green_Pepper,aurora_real,0,4,False,False,True,False,-0.01041450641610786,3.7266023903895995,0.0,0.0745714475433225,0.07089794586018508,0.0029531607393729945,0.9512996512413976,placement_unstable
green_Pepper,aurora_real,0,5,False,False,True,False,-0.010414506416107836,3.708587241231295,0.0,0.0745714475433225,0.07065779132161687,0.0024734066659599023,0.9717395959155418,placement_unstable
green_Pepper,aurora_real,0,6,False,False,True,False,-0.010414506416107831,5.005588511142475,0.0,0.0745714475433225,0.07121772010334788,0.0022030833263868483,0.9619658141611162,placement_unstable
green_Pepper,aurora_real,0,7,False,False,True,False,-0.010414506416107878,0.8247031988536317,0.0,0.0745714475433225,0.07013152539969195,0.002256543422546233,0.966020978545988,placement_unstable
green_Pepper,aurora_real,0,8,False,False,True,False,-0.010414506416107791,6.338324132515143,0.0,0.0745714475433225,0.07090107129895971,0.002378633470920906,0.9493234723532392,placement_unstable
green_Pepper,aurora_real,0,9,False,False,True,False,-0.010414506416107841,0.8342992223775622,0.0,0.0745714475433225,0.07004594857690427,0.003548719694238131,0.9277715706203915,placement_unstable
green_Pepper,aurora_real,0,10,False,False,True,False,-0.010414506416107864,2.247355646508071,0.0,0.0745714475433225,0.07080450909089596,0.0022048723720032256,0.9733488407138309,placement_unstable
green_Pepper,aurora_real,0,11,False,False,True,False,-0.010414506416107827,0.797604052768104,0.0,0.0745714475433225,0.07118169557433313,0.002094614534680858,0.9657600653184268,placement_unstable
green_Pepper,aurora_real,0,12,False,False,True,False,-0.010414506416107843,2.0546544212674993,0.0,0.0745714475433225,0.07028647210872996,0.0031029718643680476,0.9500953311627743,placement_unstable
green_Pepper,aurora_real,0,13,False,False,True,False,-0.01041450641610791,3.4594681937860274,0.0,0.0745714475433225,0.07150022681062101,0.003431961942202117,0.9642703793576295,placement_unstable
green_Pepper,aurora_real,0,14,False,False,True,False,-0.01041450641610784,4.973486478319724,0.0,0.0745714475433225,0.07075077200747507,0.002265119514788015,0.977047091447163,placement_unstable
green_Pepper,aurora_real,0,15,False,False,True,False,-0.01041450641610793,1.8703127729553797,0.0,0.0745714475433225,0.06961231749686042,0.003960263608741309,0.9515061949132846,placement_unstable
green_Pepper,aurora_real,0,16,False,False,True,False,-0.010414506416107841,3.162814529583791,0.0,0.0745714475433225,0.06973801021756523,0.004581708372732757,0.9600566160747291,placement_unstable
green_Pepper,aurora_real,0,17,False,False,True,False,-0.01041450641610783,1.304540344639593,0.0,0.0745714475433225,0.07022444145147587,0.0025159317301578334,0.9699195257649582,placement_unstable
green_Pepper,aurora_real,0,18,False,False,True,False,-0.010414506416107845,3.5705357734041128,0.0,0.0745714475433225,0.07041632157041006,0.002743078647695786,0.943451094562317,placement_unstable
green_Pepper,aurora_real,0,19,False,False,True,False,-0.010414506416107831,1.604542623324378,0.0,0.0745714475433225,0.06999414795787236,0.002952183599525833,0.9508324027118152,placement_unstable
green_Pepper,aurora_real,0,20,False,False,True,False,-0.010414506416107857,2.600050368691674,0.0,0.0745714475433225,0.07168865018448907,0.0041949395529442095,0.9626426578109365,placement_unstable
green_Pepper,aurora_real,0,21,False,False,True,False,-0.01041450641610782,4.134437125094249,0.0,0.0745714475433225,0.07093976945608742,0.002395360103607436,0.9474398574996061,placement_unstable
green_Pepper,aurora_real,0,22,False,False,True,False,-0.010414506416107847,3.8026877825174874,0.0,0.0745714475433225,0.07166159289479672,0.0023997056474365434,0.9508804947797751,placement_unstable
green_Pepper,aurora_real,0,23,False,False,True,False,-0.010414506416107772,5.341567188029428,0.0,0.0745714475433225,0.07071774222934808,0.0036768599287538566,0.9384735073412369,placement_unstable
green_Pepper,aurora_real,0,24,False,False,True,False,-0.010414506416107853,4.609680659300531,0.0,0.0745714475433225,0.07088666450042022,0.003858667642590605,0.950783382318549,placement_unstable
green_Pepper,aurora_real,0,25,False,False,True,False,-0.010414506416107867,2.015855064907303,0.0,0.0745714475433225,0.07029707179968511,0.0031681098078537124,0.9128487101356704,placement_unstable
green_Pepper,aurora_real,0,26,False,False,True,False,-0.010414506416107843,2.518330404111333,0.0,0.0745714475433225,0.07016342510218719,0.002698908586137568,0.9761752055334652,placement_unstable
green_Pepper,aurora_real,0,27,False,False,True,False,-0.010414506416107841,2.6466838573170395,0.0,0.0745714475433225,0.07088729596169169,0.0026217343467999136,0.9617892330194658,placement_unstable
green_Pepper,aurora_real,0,28,False,False,True,False,-0.01041450641610787,3.3694944057653315,0.0,0.0745714475433225,0.07140149262656825,0.0023281579717591033,0.9490466761877616,placement_unstable
green_Pepper,aurora_real,0,29,False,False,True,False,-0.010414506416107805,4.399275601557509,0.0,0.0745714475433225,0.07075950641294378,0.0023511427558556702,0.9675194702201244,placement_unstable
tetraprism,aurora_real,0,0,True,True,True,True,0.010699757917550203,5.356529987558396,15.509730902879292,0.07530880311012211,0.06997135140525619,0.006042229537430479,0.987955714920799,success
tetraprism,aurora_real,0,1,True,True,True,True,0.010699757917550243,6.5550519185488065,15.509730902879346,0.07530880311012211,0.06989486934879154,0.003800279978619112,0.9975724553156088,success
tetraprism,aurora_real,0,2,True,True,True,True,0.010699757917550215,3.097800656689588,15.509730902879308,0.07530880311012211,0.0699027910425237,0.004853496913811683,0.9992917192948404,success
tetraprism,aurora_real,0,3,True,True,True,True,0.010699757917550184,1.1591849953711442,15.509730902879264,0.07530880311012211,0.06982393229905325,0.0029753554561553906,0.9989430569533444,success
tetraprism,aurora_real,0,4,True,True,True,True,0.010699757917550219,3.7266023903895995,15.509730902879312,0.07530880311012211,0.0698208791003995,0.0035973515064329437,0.9990386380815852,success
tetraprism,aurora_real,0,5,True,True,True,True,0.01069975791755025,3.708587241231295,15.509730902879356,0.07530880311012211,0.06980790499022031,0.003597863195883901,0.9922581538787074,success
tetraprism,aurora_real,0,6,True,True,True,True,0.0106997579175502,5.005588511142475,15.509730902879285,0.07530880311012211,0.06994494675717489,0.0035057537742365654,0.9978968533391012,success
tetraprism,aurora_real,0,7,True,True,True,True,0.010699757917550179,0.8247031988536317,15.509730902879257,0.07530880311012211,0.06988025223079063,0.005107759555266397,0.9996075439071989,success
tetraprism,aurora_real,0,8,True,True,True,True,0.010699757917550234,6.338324132515143,15.509730902879333,0.07530880311012211,0.06982632798201795,0.0032095363568911545,0.99966223831888,success
tetraprism,aurora_real,0,9,True,True,True,True,0.010699757917550285,0.8342992223775622,15.509730902879404,0.07530880311012211,0.06993158503924096,0.0054580196456396664,0.9952917587322988,success
tetraprism,aurora_real,0,10,True,True,True,True,0.010699757917550254,2.247355646508071,15.509730902879362,0.07530880311012211,0.0698330783963002,0.0032556479060748306,0.9986271041507357,success
tetraprism,aurora_real,0,11,True,True,True,True,0.010699757917550247,0.797604052768104,15.509730902879353,0.07530880311012211,0.06982659073442682,0.0031785893793376996,0.9993141022448112,success
tetraprism,aurora_real,0,12,True,True,True,True,0.010699757917550252,2.0546544212674993,15.50973090287936,0.07530880311012211,0.06980911181119158,0.004418805505498634,0.9987204269148486,success
tetraprism,aurora_real,0,13,True,True,True,True,0.01069975791755021,3.4594681937860274,15.509730902879301,0.07530880311012211,0.06986607682958418,0.004465976191683386,0.9982213998916137,success
tetraprism,aurora_real,0,14,True,True,True,True,0.010699757917550259,4.973486478319724,15.509730902879369,0.07530880311012211,0.06990797530392033,0.0027622686232166224,0.996771088676047,success
tetraprism,aurora_real,0,15,True,True,True,True,0.010699757917550227,1.8703127729553797,15.509730902879324,0.07530880311012211,0.0698212199123603,0.006218757290447335,0.9957161765627915,success
tetraprism,aurora_real,0,16,True,True,True,True,0.010699757917550227,3.162814529583791,15.509730902879324,0.07530880311012211,0.07020108706923148,0.004375167348524542,0.9687331269861877,success
tetraprism,aurora_real,0,17,True,True,True,True,0.010699757917550234,1.304540344639593,15.509730902879333,0.07530880311012211,0.06980572415989861,0.004840428954749015,0.9977473853039927,success
tetraprism,aurora_real,0,18,True,True,True,True,0.010699757917550238,3.5705357734041128,15.50973090287934,0.07530880311012211,0.06990182528566452,0.003041775073651643,0.9946005194485424,success
tetraprism,aurora_real,0,19,True,True,True,True,0.010699757917550285,1.604542623324378,15.509730902879404,0.07530880311012211,0.06980595698527169,0.004506615938287448,0.9991948733570929,success
tetraprism,aurora_real,0,20,True,True,True,True,0.01069975791755021,2.600050368691674,15.509730902879301,0.07530880311012211,0.06984469168284471,0.0036807381410449546,0.9993270492120973,success
tetraprism,aurora_real,0,21,True,True,True,True,0.010699757917550306,4.134437125094249,15.509730902879433,0.07530880311012211,0.06989536445261255,0.003470090915554335,0.9979435460510546,success
tetraprism,aurora_real,0,22,True,True,True,True,0.010699757917550174,3.8026877825174874,15.509730902879252,0.07530880311012211,0.06990242860036346,0.0032297644891475115,0.9979301374408507,success
tetraprism,aurora_real,0,23,True,True,True,True,0.010699757917550259,5.341567188029428,15.509730902879369,0.07530880311012211,0.06983023865732148,0.00310853300078391,0.9985295181344316,success
tetraprism,aurora_real,0,24,True,True,True,True,0.010699757917550208,4.609680659300531,15.5097309028793,0.07530880311012211,0.06980310817380143,0.003346822654508357,0.9991883565841844,success
tetraprism,aurora_real,0,25,True,True,True,True,0.010699757917550224,2.015855064907303,15.50973090287932,0.07530880311012211,0.06977077082088089,0.003673799751149913,0.9972553817537061,success
tetraprism,aurora_real,0,26,True,True,True,True,0.01069975791755021,2.518330404111333,15.509730902879301,0.07530880311012211,0.07000106483138804,0.0036867431275186494,0.9906491089309329,success
tetraprism,aurora_real,0,27,True,True,True,True,0.01069975791755021,2.6466838573170395,15.509730902879301,0.07530880311012211,0.06992554772178555,0.0030445616970445487,0.9967185816542276,success
tetraprism,aurora_real,0,28,True,True,True,True,0.0106997579175502,3.3694944057653315,15.509730902879285,0.07530880311012211,0.06978090147514047,0.0037354767250071495,0.9977620711560371,success
tetraprism,aurora_real,0,29,True,True,True,True,0.010699757917550236,4.399275601557509,15.509730902879337,0.07530880311012211,0.06980754083079442,0.003574844167618028,0.9987011697101252,success
