time_s,mean_unc_q95,mean_unc_q99,mean_unc_max,mean_unc_top,mean_score_q95,mean_score_q99,mean_score_max,mean_score_top,Corner_picked_frame,Corner_unc_q95,Corner_unc_q99,Corner_unc_max,Corner_unc_top,Corner_score_q95,Corner_score_q99,Corner_score_max,Corner_score_top,Cross_picked_frame,Cross_unc_q95,Cross_unc_q99,Cross_unc_max,Cross_unc_top,Cross_score_q95,Cross_score_q99,Cross_score_max,Cross_score_top,Cube_picked_frame,Cube_unc_q95,Cube_unc_q99,Cube_unc_max,Cube_unc_top,Cube_score_q95,Cube_score_q99,Cube_score_max,Cube_score_top,Cylinder_picked_frame,Cylinder_unc_q95,Cylinder_unc_q99,Cylinder_unc_max,Cylinder_unc_top,Cylinder_score_q95,Cylinder_score_q99,Cylinder_score_max,Cylinder_score_top,L-Shaped_picked_frame,L-Shaped_unc_q95,L-Shaped_unc_q99,L-Shaped_unc_max,L-Shaped_unc_top,L-Shaped_score_q95,L-Shaped_score_q99,L-Shaped_score_max,L-Shaped_score_top
0.0,nan,nan,nan,nan,nan,nan,nan,nan,-1,nan,nan,nan,nan,nan,nan,nan,nan,-1,nan,nan,nan,nan,nan,nan,nan,nan,-1,nan,nan,nan,nan,nan,nan,nan,nan,-1,nan,nan,nan,nan,nan,nan,nan,nan,-1,nan,nan,nan,nan,nan,nan,nan,nan
1.0,nan,nan,nan,nan,nan,nan,nan,nan,-1,nan,nan,nan,nan,nan,nan,nan,nan,-1,nan,nan,nan,nan,nan,nan,nan,nan,-1,nan,nan,nan,nan,nan,nan,nan,nan,-1,nan,nan,nan,nan,nan,nan,nan,nan,-1,nan,nan,nan,nan,nan,nan,nan,nan
2.0,nan,nan,nan,nan,nan,nan,nan,nan,-1,nan,nan,nan,nan,nan,nan,nan,nan,-1,nan,nan,nan,nan,nan,nan,nan,nan,-1,nan,nan,nan,nan,nan,nan,nan,nan,-1,nan,nan,nan,nan,nan,nan,nan,nan,-1,nan,nan,nan,nan,nan,nan,nan,nan
3.0,nan,nan,nan,nan,nan,nan,nan,nan,-1,nan,nan,nan,nan,nan,nan,nan,nan,-1,nan,nan,nan,nan,nan,nan,nan,nan,-1,nan,nan,nan,nan,nan,nan,nan,nan,-1,nan,nan,nan,nan,nan,nan,nan,nan,-1,nan,nan,nan,nan,nan,nan,nan,nan
4.0,nan,nan,nan,nan,nan,nan,nan,nan,-1,nan,nan,nan,nan,nan,nan,nan,nan,-1,nan,nan,nan,nan,nan,nan,nan,nan,-1,nan,nan,nan,nan,nan,nan,nan,nan,-1,nan,nan,nan,nan,nan,nan,nan,nan,-1,nan,nan,nan,nan,nan,nan,nan,nan
5.0,nan,nan,nan,nan,nan,nan,nan,nan,-1,nan,nan,nan,nan,nan,nan,nan,nan,-1,nan,nan,nan,nan,nan,nan,nan,nan,-1,nan,nan,nan,nan,nan,nan,nan,nan,-1,nan,nan,nan,nan,nan,nan,nan,nan,-1,nan,nan,nan,nan,nan,nan,nan,nan
6.0,1.03336743414402,1.0621888637542725,1.0621888637542725,1.0621888637542725,0.8287640871107577,0.8927075382471085,0.9058995753526687,0.9002795857191085,120,1.1840951442718506,1.2022614479064941,1.2022614479064941,1.2022614479064941,1.1248703300952911,1.1820369696617126,1.1915961503982544,1.1874575912952423,120,1.0494403839111328,1.1025301218032837,1.1025301218032837,1.1025301218032837,0.8604981392621993,0.9935479104518891,1.0279321670532227,1.0124767780303956,120,1.1262637376785278,1.1644549369812012,1.1644549369812012,1.1644549369812012,1.1031475603580474,1.162248924970627,1.163947582244873,1.1633109986782073,120,1.0348914504051208,1.0689780712127686,1.0689780712127686,1.0689780712127686,0.9426012963056563,1.0129171013832092,1.0332351922988892,1.0253657758235932,120,0.7721464544534683,0.7727197408676147,0.7727197408676147,0.7727197408676147,0.11270310953259469,0.11278678476810455,0.11278678476810455,0.11278678476810455
7.0,0.9695901435613632,0.9932703018188477,0.9932703018188477,0.9932703018188477,0.7483460569381715,0.8132332590222358,0.8269568905234337,0.8209408929944038,140,0.9623875617980957,0.9796767830848694,0.9796767830848694,0.9796767830848694,0.8576456397771836,0.914506943821907,0.938876211643219,0.9291193455457687,140,0.9465719044208526,0.9664852619171143,0.9664852619171143,0.9664852619171143,0.7552727431058883,0.8523377549648284,0.8676804900169373,0.858881026506424,140,1.131986218690872,1.1748076677322388,1.1748076677322388,1.1748076677322388,1.0670119524002075,1.1630928099155426,1.1718024015426636,1.1680302560329436,140,1.0308930993080139,1.0686874389648438,1.0686874389648438,1.0686874389648438,0.937315261363983,1.011650675535202,1.0318472385406494,1.0240957260131835,140,0.7761119335889817,0.7766943573951721,0.7766943573951721,0.7766943573951721,0.12448468804359436,0.12457811087369919,0.12457811087369919,0.12457811087369919
8.0,1.0046277064085007,1.0452063798904419,1.0452063798904419,1.0452063798904419,0.8184546297788617,0.9531630918979644,0.9841593861579895,0.9703409790992736,160,1.0209452033042907,1.0412931442260742,1.0412931442260742,1.0412931442260742,0.868364369869232,0.9559726613759995,0.9763901829719543,0.9678948879241943,160,1.008741855621338,1.0493113994598389,1.0493113994598389,1.0493113994598389,0.8045019060373305,0.9245860350131988,0.9620903730392456,0.9436796575784683,160,1.0200131714344023,1.0681592226028442,1.0681592226028442,1.0681592226028442,0.7168362349271773,0.9213622057437897,0.9748777747154236,0.9508200317621232,160,1.031721842288971,1.0645853281021118,1.0645853281021118,1.0645853281021118,0.9381393998861313,1.011150116920471,1.027054786682129,1.019786113500595,160,0.9417164593935012,1.0026828050613403,1.0026828050613403,1.0026828050613403,0.7644312381744385,0.9527444404363632,0.9803838133811951,0.9695242047309875
9.0,0.9481940817832946,0.9913863182067871,0.9913863182067871,0.9913863182067871,0.6812351316213606,0.8098190656900407,0.8502222299575806,0.831698763370514,180,0.96754030585289,0.9774998426437378,0.9774998426437378,0.9774998426437378,0.8615813672542572,0.918187054991722,0.936940610408783,0.9283988773822784,180,0.8817152976989746,0.9207863807678223,0.9207863807678223,0.9207863807678223,0.5309741228818892,0.6240699195861816,0.6518377661705017,0.6384311705827713,180,1.0229061603546141,1.0887484550476074,1.0887484550476074,1.0887484550476074,0.6655490189790725,0.8775224113464355,0.9408621191978455,0.9100705295801162,180,1.0411369800567627,1.055503249168396,1.055503249168396,1.055503249168396,0.9419677436351775,1.0035544776916503,1.0185933113098145,1.0120364248752594,180,0.8276716649532316,0.9143936634063721,0.9143936634063721,0.9143936634063721,0.40610340535640715,0.6257614648342131,0.7028773427009583,0.6695568144321442
10.0,0.9438369625806808,0.9793174982070922,0.9793174982070922,0.9793174982070922,0.6523081761598586,0.7841062655448912,0.8229648232460022,0.8034323167800904,200,0.950723049044609,0.972902238368988,0.972902238368988,0.972902238368988,0.7862023264169692,0.8855411571264267,0.915115237236023,0.9007540196180344,200,0.8812264204025269,0.9075614213943481,0.9075614213943481,0.9075614213943481,0.5092129081487655,0.6037013614177704,0.6391096711158752,0.6207551419734955,200,1.0120086669921875,1.0693674087524414,1.0693674087524414,1.0693674087524414,0.6772307902574538,0.8882418406009673,0.9366073608398438,0.91131971180439,200,1.0411369800567627,1.055503249168396,1.055503249168396,1.055503249168396,0.9419677436351775,1.0035544776916503,1.0185933113098145,1.0120364248752594,200,0.8340896964073181,0.8912531733512878,0.8912531733512878,0.8912531733512878,0.34692711234092705,0.5394924908876418,0.6053985357284546,0.5722962856292725
11.0,0.942522931098938,0.9822250366210937,0.9822250366210937,0.9822250366210937,0.675383665561676,0.8140258663892744,0.8506294846534729,0.8329065215587615,220,0.8718432188034058,0.9134801626205444,0.9134801626205444,0.9134801626205444,0.5155350595712661,0.7690110605955124,0.8248929977416992,0.7967842102050782,220,0.8555430173873901,0.8989052772521973,0.8989052772521973,0.8989052772521973,0.46553107500076285,0.5533776342868805,0.5971153974533081,0.5732990056276321,220,1.0659977197647095,1.119383454322815,1.119383454322815,1.119383454322815,0.9362779289484023,1.080339286327362,1.0990456342697144,1.0897241413593293,220,1.0411369800567627,1.055503249168396,1.055503249168396,1.055503249168396,0.9419677436351775,1.0035544776916503,1.0185933113098145,1.0120364248752594,220,0.8780937194824219,0.9238530397415161,0.9238530397415161,0.9238530397415161,0.517606520652771,0.6638468730449676,0.7135000824928284,0.6926888257265091
12.0,0.9246476882696152,0.9630062460899353,0.9630062460899353,0.9630062460899353,0.6354428055882453,0.77766192984581,0.820598840713501,0.7996779537200928,240,0.86038056910038,0.9021525382995605,0.9021525382995605,0.9021525382995605,0.475194738805294,0.7218531221151352,0.7840644121170044,0.7533290445804596,240,0.8592256307601929,0.9025501012802124,0.9025501012802124,0.9025501012802124,0.46913067549467086,0.5664182144403458,0.6101329326629639,0.5885084927082062,240,1.0659977197647095,1.119383454322815,1.119383454322815,1.119383454322815,0.9362779289484023,1.080339286327362,1.0990456342697144,1.0897241413593293,240,1.0127582550048828,1.0414402484893799,1.0414402484893799,1.0414402484893799,0.9135549604892731,0.9866945695877075,1.0033098459243774,0.9946143984794616,240,0.8248762667179107,0.8495048880577087,0.8495048880577087,0.8495048880577087,0.38305572420358636,0.5330044567584992,0.6064413785934448,0.5722136914730072
13.0,0.9412701046466827,0.9739086985588074,0.9739086985588074,0.9739086985588074,0.6955926391482352,0.8136314575672149,0.8470063924789428,0.8302985841035844,260,0.954391360282898,0.9708855152130127,0.9708855152130127,0.9708855152130127,0.7611177057027817,0.883806881904602,0.9031890630722046,0.8930268913507462,260,0.8785203099250793,0.9175653457641602,0.9175653457641602,0.9175653457641602,0.48626512140035627,0.6139265912771225,0.6600915193557739,0.6376128017902374,260,1.0435903072357178,1.097896695137024,1.097896695137024,1.097896695137024,0.9336172133684157,1.0660693943500519,1.0825872421264648,1.0750426650047302,260,1.0190528631210327,1.039065957069397,1.039065957069397,1.039065957069397,0.9162906378507614,0.9835175782442093,1.0001158714294434,0.9918056726455688,260,0.8107956826686858,0.8441299796104431,0.8441299796104431,0.8441299796104431,0.3806725174188613,0.5208368420600891,0.5890482664108276,0.5540048897266387
14.0,0.9258283281326293,0.9546512722969055,0.9546512722969055,0.9546512722969055,0.6737812975049018,0.7734095253944397,0.8049654722213745,0.7884725278615952,280,0.9493034482002258,0.9625429511070251,0.9625429511070251,0.9625429511070251,0.7735327094793318,0.8814477866888046,0.8951421976089478,0.8884857892990112,280,0.8325014114379883,0.8364365696907043,0.8364365696907043,0.8364365696907043,0.3712961122393608,0.4499397936463356,0.49913835525512695,0.4704533129930496,280,1.0435903072357178,1.097896695137024,1.097896695137024,1.097896695137024,0.9336172133684157,1.0660693943500519,1.0825872421264648,1.0750426650047302,280,1.0092417716979976,1.046093225479126,1.046093225479126,1.046093225479126,0.9179905116558074,0.9963441544771194,1.0125479698181152,1.004797738790512,280,0.794504702091217,0.8302869200706482,0.8302869200706482,0.8302869200706482,0.37246994078159334,0.4732464978098869,0.5354115962982178,0.5035831332206726
15.0,0.9057299077510834,0.9271788597106934,0.9271788597106934,0.9271788597106934,0.5883347651362418,0.6698213938996196,0.6890963478013873,0.6792198176309466,300,0.9308480024337769,0.9452013969421387,0.9452013969421387,0.9452013969421387,0.7276134848594665,0.8484464383125305,0.8664640784263611,0.858463454246521,300,0.8121433258056641,0.8189297914505005,0.8189297914505005,0.8189297914505005,0.3662325948476791,0.4393830880522728,0.47472357749938965,0.45377529561519625,300,1.0435903072357178,1.097896695137024,1.097896695137024,1.097896695137024,0.9336172133684157,1.0660693943500519,1.0825872421264648,1.0750426650047302,300,1.0285320281982422,1.0602807998657227,1.0602807998657227,1.0602807998657227,0.9038360923528671,0.9848328852653503,1.0113316774368286,0.9984425097703934,300,0.713535875082016,0.713585615158081,0.713585615158081,0.713585615158081,0.010374440252780915,0.01037516351789236,0.01037516351789236,0.01037516351789236
16.0,0.8957822579145432,0.9174891948699951,0.9174891948699951,0.9174891948699951,0.5742287096381188,0.6560664963051678,0.6763171834871173,0.6657983444258571,320,0.9266763716936112,0.9480737447738647,0.9480737447738647,0.9480737447738647,0.7072071373462676,0.8349038970470428,0.856181800365448,0.8473389178514481,320,0.8041919469833374,0.8135861158370972,0.8135861158370972,0.8135861158370972,0.3448951691389083,0.42874913305044177,0.47409844398498535,0.44781027883291247,320,1.0501890182495117,1.107097864151001,1.107097864151001,1.107097864151001,0.9533958882093428,1.0801826894283295,1.0945212841033936,1.0877870619297028,320,0.9843180775642395,1.0051026344299316,1.0051026344299316,1.0051026344299316,0.8552709132432936,0.9261215984821319,0.9464092254638672,0.9356802999973297,320,0.713535875082016,0.713585615158081,0.713585615158081,0.713585615158081,0.010374440252780915,0.01037516351789236,0.01037516351789236,0.01037516351789236
17.0,0.889048558473587,0.9121407508850098,0.9121407508850098,0.9121407508850098,0.5629660543799401,0.649487651757896,0.6698694212362171,0.6597543339058757,340,0.9303070902824402,0.9442198872566223,0.9442198872566223,0.9442198872566223,0.7129262864589692,0.8316501605510711,0.8513631224632263,0.8431271076202392,340,0.7926332354545593,0.7967075705528259,0.7967075705528259,0.7967075705528259,0.3355510592460632,0.414463811814785,0.45818963646888733,0.4346972927451134,340,1.0244485139846802,1.101088047027588,1.101088047027588,1.101088047027588,0.9007075726985931,1.0648275244235992,1.083009958267212,1.0748918056488037,340,0.9843180775642395,1.0051026344299316,1.0051026344299316,1.0051026344299316,0.8552709132432936,0.9261215984821319,0.9464092254638672,0.9356802999973297,340,0.713535875082016,0.713585615158081,0.713585615158081,0.713585615158081,0.010374440252780915,0.01037516351789236,0.01037516351789236,0.01037516351789236
18.0,0.8813045102357865,0.903943133354187,0.903943133354187,0.903943133354187,0.513405891507864,0.6233593860119582,0.6536395143717527,0.6378784918040037,360,0.871612012386322,0.9009863138198853,0.9009863138198853,0.9009863138198853,0.48891858011484146,0.7084749042987823,0.7683363556861877,0.7397368669509887,360,0.7874606251716614,0.7921574115753174,0.7921574115753174,0.7921574115753174,0.33420403599739074,0.41850816369056704,0.4612465500831604,0.435428848862648,360,1.0449432492256165,1.0989916324615479,1.0989916324615479,1.0989916324615479,0.8725098609924316,1.0444240844249726,1.070664405822754,1.0579464972019195,360,0.990625262260437,1.0156608819961548,1.0156608819961548,1.0156608819961548,0.8540606081485748,0.9280524796247482,0.9506129622459412,0.9389429479837418,360,0.7118814021348954,0.7119194269180298,0.7119194269180298,0.7119194269180298,0.017336372286081314,0.017337298020720482,0.017337298020720482,0.017337298020720482
19.0,0.8744882249832153,0.8975157499313354,0.8975157499313354,0.8975157499313354,0.49576486343517895,0.6101286315023898,0.6450850091874599,0.6273909430205822,380,0.836967408657074,0.8656406998634338,0.8656406998634338,0.8656406998634338,0.38854547590017313,0.6301354598999023,0.7037379145622253,0.6685864180326462,380,0.7924370765686035,0.7997837066650391,0.7997837066650391,0.7997837066650391,0.33444080501794815,0.4187621721625328,0.4711408019065857,0.44220989048480985,380,1.0449432492256165,1.0989916324615479,1.0989916324615479,1.0989916324615479,0.8725098609924316,1.0444240844249726,1.070664405822754,1.0579464972019195,380,0.990625262260437,1.0156608819961548,1.0156608819961548,1.0156608819961548,0.8540606081485748,0.9280524796247482,0.9506129622459412,0.9389429479837418,380,0.7074681282043457,0.7075018286705017,0.7075018286705017,0.7075018286705017,0.029267567116767167,0.029268961399793625,0.029268961399793625,0.029268961399793625
20.0,0.858969298005104,0.8792384147644043,0.8792384147644043,0.8792384147644043,0.46603491101413963,0.580512109875679,0.6155094310641289,0.5982022842764854,400,0.836580029129982,0.870366632938385,0.870366632938385,0.870366632938385,0.36711266487836836,0.6078890079259872,0.677862286567688,0.6430844724178314,400,0.7924370765686035,0.7997837066650391,0.7997837066650391,0.7997837066650391,0.33444080501794815,0.4187621721625328,0.4711408019065857,0.44220989048480985,400,1.0026652812957764,1.0386708974838257,1.0386708974838257,1.0386708974838257,0.8182946413755415,0.9751411712169648,1.000995397567749,0.9891053825616837,400,0.9555997252464294,0.9797738790512085,0.9797738790512085,0.9797738790512085,0.7863155573606491,0.8767562061548233,0.9035366773605347,0.8925996840000152,400,0.707564377784729,0.7075969576835632,0.7075969576835632,0.7075969576835632,0.024010886438190937,0.024011991918087006,0.024011991918087006,0.024011991918087006
21.0,0.849220830798149,0.8731144547462464,0.8731144547462464,0.8731144547462464,0.4542213946301491,0.5638915100172162,0.5965852679684758,0.5805006944015623,420,0.8372930437326431,0.8712466955184937,0.8712466955184937,0.8712466955184937,0.3847911924123763,0.6220136266946793,0.6925420165061951,0.657971104979515,420,0.7969417124986649,0.8182854056358337,0.8182854056358337,0.8182854056358337,0.2844173237681389,0.3799157986044884,0.4262552261352539,0.40075680762529375,420,0.9763754606246948,1.0105278491973877,1.0105278491973877,1.0105278491973877,0.855157145857811,0.9668293333053589,0.9811317920684814,0.975650531053543,420,0.9271535873413086,0.9571300745010376,0.9571300745010376,0.9571300745010376,0.731272405385971,0.8352289712429046,0.8675274848937988,0.8526552081108093,420,0.7083403497934342,0.708382248878479,0.708382248878479,0.708382248878479,0.015468905726447702,0.015469820238649845,0.015469820238649845,0.015469820238649845
22.0,0.8450935655832289,0.8683195590972901,0.8683195590972901,0.8683195590972901,0.4144057959318159,0.53059289791435,0.5673830470070242,0.5495805683359504,440,0.8348644375801086,0.874285101890564,0.874285101890564,0.874285101890564,0.3710583791136739,0.6146919286251068,0.6932608485221863,0.6568886756896972,440,0.7839334577322006,0.7923704385757446,0.7923704385757446,0.7923704385757446,0.2572302237153053,0.346197811961174,0.40166032314300537,0.3714597672224045,440,0.9720337986946102,1.022026538848877,1.022026538848877,1.022026538848877,0.8434777379035948,0.9807817149162292,0.99610835313797,0.9885801553726197,440,0.9262344837188721,0.9444705247879028,0.9444705247879028,0.9444705247879028,0.5855530768632888,0.6965825676918029,0.7311752438545227,0.7162637770175934,440,0.7084016501903534,0.7084451913833618,0.7084451913833618,0.7084451913833618,0.014709562063217163,0.014710466377437115,0.014710466377437115,0.014710466377437115
23.0,0.8353971403837204,0.859892213344574,0.859892213344574,0.859892213344574,0.3994401607662439,0.5184698949456215,0.5560771048069,0.5385083693265915,460,0.8262817084789276,0.8604297637939453,0.8604297637939453,0.8604297637939453,0.3960010871291161,0.6240837097167968,0.6916369199752808,0.660613039135933,460,0.7640339136123657,0.78301602602005,0.78301602602005,0.78301602602005,0.206594444066286,0.3147268834710121,0.3783261775970459,0.3471206545829773,460,0.9520646333694458,0.9991358518600464,0.9991358518600464,0.9991358518600464,0.8113537341356277,0.9542469561100007,0.9746367931365967,0.965917381644249,460,0.9264449268579483,0.948681116104126,0.948681116104126,0.948681116104126,0.5657353520393371,0.6817748057842254,0.7182685136795044,0.7013736516237259,460,0.7081605195999146,0.7081983089447021,0.7081983089447021,0.7081983089447021,0.017516186460852623,0.017517119646072388,0.017517119646072388,0.017517119646072388
24.0,0.8335579097270965,0.8559828519821167,0.8559828519821167,0.8559828519821167,0.40698408909142014,0.5254091441631317,0.562154196202755,0.5438107767701149,480,0.8308501243591309,0.8611480593681335,0.8611480593681335,0.8611480593681335,0.38472319245338427,0.6210358971357345,0.694010317325592,0.6627390891313553,480,0.7598019242286682,0.7791624069213867,0.7791624069213867,0.7791624069213867,0.20472712367773055,0.3149879774451256,0.3703526258468628,0.34162428677082063,480,0.9520646333694458,0.9991358518600464,0.9991358518600464,0.9991358518600464,0.8113537341356277,0.9542469561100007,0.9746367931365967,0.965917381644249,480,0.9186318278312683,0.9340026378631592,0.9340026378631592,0.9340026378631592,0.5712330430746079,0.6738893747329712,0.7088857293128967,0.685887610912323,480,0.7064410388469696,0.7064653038978577,0.7064653038978577,0.7064653038978577,0.06288335211575032,0.06288551539182663,0.06288551539182663,0.06288551539182663
25.0,0.8338306856155395,0.8537120342254638,0.8537120342254638,0.8537120342254638,0.3911493775597773,0.5123024934609421,0.5496620631893165,0.5309532637079246,500,0.8254020810127258,0.8485095500946045,0.8485095500946045,0.8485095500946045,0.3814225569367408,0.6144870352745055,0.6846116781234741,0.6535320252180099,500,0.7783789515495301,0.7982150316238403,0.7982150316238403,0.7982150316238403,0.19993686974048608,0.32730025202035906,0.3892988860607147,0.3574873059988022,500,0.9423747062683105,0.9824914932250977,0.9824914932250977,0.9824914932250977,0.8111012786626814,0.9472885566949845,0.9615861773490906,0.9551191836595535,500,0.9176123619079589,0.9339303970336914,0.9339303970336914,0.9339303970336914,0.5624665141105651,0.6716169220209122,0.7119938731193542,0.6878081023693084,500,0.7053853273391724,0.7054136991500854,0.7054136991500854,0.7054136991500854,0.0008196683484129608,0.0008197012939490378,0.0008197012939490378,0.0008197012939490378
26.0,0.8177908539772034,0.8379573702812195,0.8379573702812195,0.8379573702812195,0.37530490123666815,0.4903133986084722,0.5250307084410452,0.508241016396787,520,0.8096853494644165,0.8431934714317322,0.8431934714317322,0.8431934714317322,0.3626484900712966,0.604068768620491,0.676937997341156,0.6421447336673737,520,0.7761678099632263,0.7959611415863037,0.7959611415863037,0.7959611415863037,0.20737425759434697,0.33304371893405915,0.39193812012672424,0.362475323677063,520,0.8968478441238403,0.9306612014770508,0.9306612014770508,0.9306612014770508,0.78652386367321,0.8890579879283905,0.9023071527481079,0.8957351684570313,520,0.9013475775718689,0.9150456190109253,0.9150456190109253,0.9150456190109253,0.5193307548761367,0.6247493594884872,0.6533231139183044,0.6402026981115341,520,0.7049056887626648,0.7049254179000854,0.7049254179000854,0.7049254179000854,0.0006471399683505297,0.0006471580709330738,0.0006471580709330738,0.0006471580709330738
27.0,0.8137002551555634,0.8318427562713623,0.8318427562713623,0.8318427562713623,0.3602879294753074,0.4728323224484921,0.5073947913944721,0.48996923461556435,540,0.8104321360588074,0.8361555337905884,0.8361555337905884,0.8361555337905884,0.3510285735130308,0.598838586807251,0.664296567440033,0.6324699938297271,540,0.7731951683759689,0.792611300945282,0.792611300945282,0.792611300945282,0.2042402260005474,0.3219376543164253,0.3828628659248352,0.3539434552192688,540,0.920352777838707,0.9462767839431763,0.9462767839431763,0.9462767839431763,0.80487000644207,0.9114051777124405,0.9248796105384827,0.9191774636507034,540,0.8594844341278076,0.8791093230247498,0.8791093230247498,0.8791093230247498,0.42972016930580137,0.5203991264104844,0.5533538460731506,0.5326741933822632,540,0.7050367593765259,0.7050608396530151,0.7050608396530151,0.7050608396530151,0.01158067211508751,0.011581066995859146,0.011581066995859146,0.011581066995859146
28.0,0.8131266921758652,0.8320111155509948,0.8320111155509948,0.8320111155509948,0.3586403965670615,0.47227093562483785,0.5092371188104152,0.49106295391917226,560,0.8160777688026428,0.8443862795829773,0.8443862795829773,0.8443862795829773,0.38484718650579447,0.6143226599693298,0.6805297136306763,0.6490576684474945,560,0.7763094902038574,0.7928628921508789,0.7928628921508789,0.7928628921508789,0.18822270110249514,0.31367322802543635,0.3822951018810272,0.35017170906066897,560,0.9087271690368652,0.9386394023895264,0.9386394023895264,0.9386394023895264,0.7752483934164047,0.8977956348657607,0.9148429036140442,0.9082471698522567,560,0.8594844341278076,0.8791093230247498,0.8791093230247498,0.8791093230247498,0.42972016930580137,0.5203991264104844,0.5533538460731506,0.5326741933822632,560,0.7050345987081528,0.705057680606842,0.705057680606842,0.705057680606842,0.015163532504811884,0.015164028853178024,0.015164028853178024,0.015164028853178024
29.0,0.8091615611314774,0.8320560455322266,0.8320560455322266,0.8320560455322266,0.3494266441091895,0.4728895987719297,0.5098127629607916,0.49089329831302175,580,0.810859552025795,0.8430895805358887,0.8430895805358887,0.8430895805358887,0.37721481770277016,0.6149631607532501,0.6767207980155945,0.6445607990026474,580,0.7716211557388305,0.8013672232627869,0.8013672232627869,0.8013672232627869,0.16056872308254241,0.3183345732092857,0.3898332715034485,0.35558178573846816,580,0.8981062173843384,0.9309747219085693,0.9309747219085693,0.9309747219085693,0.7574190407991409,0.8880493092536926,0.90617436170578,0.8988543182611466,580,0.8599655628204346,0.8795663714408875,0.8795663714408875,0.8795663714408875,0.43316273689270013,0.5243323290348053,0.55756676197052,0.5367009669542313,580,0.7052553176879883,0.7052823305130005,0.7052823305130005,0.7052823305130005,0.018767902068793772,0.01876862160861492,0.01876862160861492,0.01876862160861492
30.0,0.8645436763763428,0.8820372819900513,0.8820372819900513,0.8820372819900513,0.45490963459014894,0.5568835252523422,0.6011298894882202,0.5788408041000366,600,0.810859552025795,0.8430895805358887,0.8430895805358887,0.8430895805358887,0.37721481770277016,0.6149631607532501,0.6767207980155945,0.6445607990026474,600,0.7716211557388305,0.8013672232627869,0.8013672232627869,0.8013672232627869,0.16056872308254241,0.3183345732092857,0.3898332715034485,0.35558178573846816,600,0.8981062173843384,0.9309747219085693,0.9309747219085693,0.9309747219085693,0.7574190407991409,0.8880493092536926,0.90617436170578,0.8988543182611466,600,0.8645436763763428,0.8820372819900513,0.8820372819900513,0.8820372819900513,0.45490963459014894,0.5568835252523422,0.6011298894882202,0.5788408041000366,600,0.7052553176879883,0.7052823305130005,0.7052823305130005,0.7052823305130005,0.018767902068793772,0.01876862160861492,0.01876862160861492,0.01876862160861492
