planner,object,scenes,f@5_auc,recall@5_auc,final_f@5,visibility_coverage_auc,score_gain_correlation,oracle_regret_f@5,consecutive_score_map_correlation
ray_gpis,Bowl,15,0.8054524622920012,0.6958384444444444,0.8760172927164495,0.27902939560703055,-0.20666666666666664,0.05850290148832949,0.827787263008316
ray_gpis,Corner,15,0.9194070774098592,0.8717208888888889,0.9984145216198713,0.04841532598016128,0.5283333333333333,0.0018754648640782177,0.22205194504844733
ray_gpis,Cross,15,0.9082640074115526,0.853472,0.9914273945489296,0.07682833188769027,0.58,0.0019403043665201527,0.28080879548042176
ray_gpis,Cube,15,0.9195973647100734,0.8724742222222222,0.9968718474398024,0.0890030568070168,0.5006645291237259,0.0008796304481782986,0.18733204294141942
ray_gpis,Cylinder,15,0.9149478810909623,0.865836888888889,0.9991162218038052,0.1563743439035407,0.6444016935856294,0.00037940437857516033,0.24566726033798728
ray_gpis,L_Shaped,15,0.9075494831007996,0.8524842222222222,0.9960317325291211,0.08741897267378945,0.6604358942726815,0.003902661886432092,0.27610390788758604
ray_gpis,Thin_Irregular,15,0.9018796226067977,0.8448513333333333,0.9965328505002835,0.8845181774248388,0.5159486989694217,0.001907911766145164,0.3407682336608136
ray_gpis,green_Pepper,15,0.9128256058629417,0.8611913333333333,0.9967759839246104,0.08642420626384871,0.5546410161513776,0.0007302618184159205,0.2960785334657868
ray_gpis_hit_only,Bowl,15,0.8028987381883809,0.6904071111111112,0.919351422532971,0.2855070705240514,0.046666666666666655,0.054485109166355405,0.5987880931137326
ray_gpis_hit_only,Corner,15,0.8955063852665514,0.8351484444444445,0.9972521969419126,0.04811613812334059,0.5314273441009185,0.014282768545284766,0.2633311892865901
ray_gpis_hit_only,Cross,15,0.8885320103474312,0.8218515555555556,0.9887578585159317,0.07528737824754493,0.5733333333333334,0.010815818166454305,0.3284462052153924
ray_gpis_hit_only,Cube,15,0.8975741936593911,0.8395946666666667,0.9904941251813046,0.08766239710598892,0.4922115345075184,0.011403637073660019,0.20829641315294886
ray_gpis_hit_only,Cylinder,15,0.8828837722861984,0.8178584444444444,0.9951882896452297,0.15199735529748054,0.513094010767585,0.01700017036893547,0.2992409389071043
ray_gpis_hit_only,L_Shaped,15,0.8937054000805501,0.8317904444444444,0.9962801713978141,0.08732372359620341,0.657102560939348,0.010613147308298833,0.279637753795163
ray_gpis_hit_only,Thin_Irregular,15,0.8788271038764269,0.8091504444444445,0.993973316239869,0.842162021266912,0.5413076828180442,0.01693503380752245,0.32389157439253446
ray_gpis_hit_only,green_Pepper,15,0.8925004768807819,0.8295955555555555,0.997528952061288,0.0859294128128575,0.6048803387171259,0.01245260290929805,0.33457023903786975
ray_gpis_novelty_only,Bowl,15,0.8054524622920012,0.6958384444444444,0.8760172927164495,0.27902939560703055,-0.19333333333333333,0.05850290148832949,0.7649535719130104
ray_gpis_novelty_only,Corner,15,0.91424741747928,0.8629104444444444,0.9977243023505624,0.048017252879909884,0.3917863279495409,0.004945043968171528,0.19536843385214006
ray_gpis_novelty_only,Cross,15,0.9026439042736796,0.8458882222222223,0.992260657265703,0.07688672046801397,0.44500000000000006,0.005955559631925495,0.17048167833876812
ray_gpis_novelty_only,Cube,15,0.9195738306334731,0.8724246666666666,0.9966643086745763,0.08931564139358761,0.4906538414090222,0.0009024180868696224,0.13518116589008272
ray_gpis_novelty_only,Cylinder,15,0.9144604315685629,0.8648724444444442,0.999112750039499,0.1557801808521857,0.5288354503153699,0.0008797545279705245,0.17822455443706128
ray_gpis_novelty_only,L_Shaped,15,0.88833088921285,0.825537111111111,0.9917735767393159,0.08707321821649948,0.584085460595822,0.015169094267719676,0.2236593804563481
ray_gpis_novelty_only,Thin_Irregular,15,0.9020782520726811,0.8454311111111111,0.9970992935489016,0.8826366915855501,0.48488033871712577,0.0023115787407957337,0.18735333622472897
ray_gpis_novelty_only,green_Pepper,15,0.9122748395205522,0.8601475555555554,0.9961997595341228,0.08650511109880102,0.46,0.0011705321061408055,0.13714851932988512
ray_gpis_pointwise,Bowl,15,0.808647617977581,0.7010488888888887,0.8829687491292602,0.2816627681098486,-0.17333333333333334,0.0570663183582381,0.6467224146212404
ray_gpis_pointwise,Corner,15,0.9195265513152828,0.8719571111111112,0.9985118564069981,0.04836796688347731,0.53,0.0017342037268220005,0.12100034354645618
ray_gpis_pointwise,Cross,15,0.906822922164833,0.8508640000000001,0.9907431161825438,0.07638046731706531,0.4633333333333333,0.0027460617999603668,0.1647255608091419
ray_gpis_pointwise,Cube,15,0.920000329348505,0.8732604444444445,0.9963713074388283,0.08902375495764886,0.5521025609393481,0.0006494247031544124,0.1039061907272968
ray_gpis_pointwise,Cylinder,15,0.9147558615100247,0.8654597777777778,0.9980888848018712,0.1562366328677645,0.5989551115982441,0.0004554914966017447,0.14279091844599703
ray_gpis_pointwise,L_Shaped,15,0.9117743728348309,0.8597868888888891,0.9992351516284864,0.0885244851246864,0.5980940107675851,0.0021072759397848025,0.14315363180033208
ray_gpis_pointwise,Thin_Irregular,15,0.8982672347444893,0.8396604444444445,0.9948805969181775,0.8815555384373346,0.5079743494847109,0.003536666971645433,0.20817041420380417
ray_gpis_pointwise,green_Pepper,15,0.9127678655891022,0.8610884444444445,0.9972002459540757,0.08624544078239402,0.6213076828180442,0.00079435000776519,0.17716771661431413
ray_gpis_uncertainty_only,Bowl,15,0.7886594538346446,0.6700617777777779,0.8673581772700253,0.2762600479712725,-0.17032692070451108,0.06740661624380147,0.8600374559263353
ray_gpis_uncertainty_only,Corner,15,0.9198765080461017,0.8723146666666666,0.996325621904219,0.04815114823674172,0.42883545031536996,0.0009218003161385338,0.5570038140260836
ray_gpis_uncertainty_only,Cross,15,0.9072664365535219,0.852252,0.9957688370981679,0.07699720975469068,0.5830940107675852,0.0018031394987570073,0.5281284320312961
ray_gpis_uncertainty_only,Cube,15,0.9192334339118696,0.8718122222222223,0.996746471625521,0.08901413385220508,0.46067521683842977,0.0010195526733491904,0.5617643991849693
ray_gpis_uncertainty_only,Cylinder,15,0.9136658103074925,0.8634353333333334,0.9974643336785353,0.1563202896505355,0.5887157890324957,0.0013149666497457198,0.575625210618126
ray_gpis_uncertainty_only,L_Shaped,15,0.9051637722771714,0.8486355555555556,0.9989617923983034,0.08728130954093989,0.6457969745424361,0.005132178668725297,0.5765732866513941
ray_gpis_uncertainty_only,Thin_Irregular,15,0.8963097730875919,0.8361988888888889,0.9930545969745346,0.8793724344516162,0.5177350269189626,0.005395676178589176,0.6376261547434763
ray_gpis_uncertainty_only,green_Pepper,15,0.9124897779470723,0.8605362222222221,0.9934751368043239,0.08637366204964549,0.41869231718195576,0.00122663283204512,0.5704121780173945
